sample_id;group_id;gp_nr;sample_type;has_PV;has_EV;has_Batterie;has_Waermepumpe;n_days;pv_export_any;pv_export_days_frac;pv_export_kwh_d;pv_midday_night_ratio;n_sun_days;ev_ramp_max;ev_ramp_days100;ev_ramp_spec_days100;ev_L1_spec_rate100;ev_L1_tuned_rate100;ev_L2_small_spec_rate100;ev_L2_small_tuned_rate100;ev_L2_large_spec_rate100;ev_L2_large_tuned_rate100;ev_spec_rate100;ev_spec_daysfrac;ev_tuned_rate100;ev_mode2_nights100;ev_mode2_med_hours;ev_mode2_energy_cv;bat_pm_share_shoulder;bat_pm_share_sun;bat_eve_night
104479_current;104479;104479;cross_sectional;1;0;1;0;363;1;0.5674931129476584;14.249652892561983;0.3705474210616196;245;10.292;1.1019283746556474;3.3057851239669422;0.27548209366391185;0.27548209366391185;10.46831955922865;2.7548209366391183;4.958677685950414;2.479338842975207;15.702479338842975;0.1322314049586777;5.234159779614325;49.035812672176306;1.75;0.7570539305080678;0.6603377237536282;0.5821760837521984;0.8035310233221856
104987_current;104987;104987;cross_sectional;1;0;1;0;365;1;0.9726027397260274;21.33744109589041;0.1073649475675894;245;7.004;0.0;0.547945205479452;0.273972602739726;0.273972602739726;6.575342465753424;0.273972602739726;0.547945205479452;0.0;7.397260273972603;0.07397260273972603;0.273972602739726;40.0;1.5;0.5410204317453379;0.6795063452392788;0.6019998165234717;0.485887716509415
106914_current;106914;106914;cross_sectional;1;0;1;0;363;1;0.9476584022038568;18.386628099173553;0.07904411239212032;243;7.124;0.0;5.5096418732782375;0.0;0.0;11.019283746556473;1.6528925619834711;1.6528925619834711;0.0;12.672176308539944;0.12396694214876033;1.6528925619834711;10.743801652892563;1.25;0.5403406686288306;0.7400113064545588;0.639131665543462;0.40229392703981615
107868_current;107868;107868;cross_sectional;1;0;1;0;107;0;0.0;0.0;2.8721144359094195;107;3.1919999999999997;0.0;0.0;0.0;0.0;0.0;0.0;0.0;0.0;0.0;0.0;0.0;0.0;0.0;;;;2.0699068870061232
108398_current;108398;108398;cross_sectional;1;0;0;0;365;1;0.9671232876712329;7.651221917808219;0.9212554580738017;245;6.988;0.0;5.7534246575342465;2.191780821917808;2.191780821917808;0.273972602739726;0.0;2.191780821917808;0.273972602739726;4.657534246575342;0.043835616438356165;0.273972602739726;0.0;0.0;;0.61028407271111;0.5546970431515088;0.9412231353335025
108801_current;108801;108801;cross_sectional;1;0;1;1;72;1;1.0;39.26258333333334;8.45452340528741;72;3.604;0.0;0.0;0.0;0.0;1.3888888888888888;0.0;0.0;0.0;1.3888888888888888;0.013888888888888888;0.0;0.0;0.0;;;0.6681092332040754;0.6893768545994066
108808_current;108808;108808;cross_sectional;1;0;1;0;59;1;1.0;57.327372881355934;0.052037551422242534;59;1.748;0.0;0.0;0.0;0.0;0.0;0.0;0.0;0.0;0.0;0.0;0.0;0.0;0.0;;;0.4765002668290801;0.25708820403825716
109103_current;109103;109103;cross_sectional;0;0;0;1;92;0;0.0;0.0;0.4440435217500114;92;2.196;0.0;0.0;0.0;0.0;0.0;0.0;0.0;0.0;0.0;0.0;0.0;0.0;0.0;;;;0.779250029572966
109520_current;109520;109520;cross_sectional;0;0;0;0;288;0;0.0;0.0;2.182762006001664;168;1.036;0.0;0.0;0.0;0.0;0.0;0.0;0.0;0.0;0.0;0.0;0.0;0.0;0.0;;;;2.2049018580347646
112352_current;112352;112352;cross_sectional;1;1;1;0;365;1;0.9616438356164384;20.375158904109586;0.05672080579513251;245;5.532;0.0;0.0;0.273972602739726;0.273972602739726;3.287671232876712;2.73972602739726;0.0;0.0;3.5616438356164384;0.03561643835616438;2.73972602739726;14.520547945205479;1.0;1.1158864870868856;0.5735595890397521;0.48077275789029467;0.24520652673360252
113592_current;113592;113592;cross_sectional;1;1;1;0;365;1;0.9863013698630136;52.45702191780823;0.11570565096421377;245;11.196;1.643835616438356;6.575342465753424;0.273972602739726;0.273972602739726;3.287671232876712;0.547945205479452;9.315068493150685;6.301369863013699;12.876712328767123;0.11232876712328767;6.8493150684931505;25.47945205479452;2.75;0.6990051448627934;0.5762479091039052;0.5166405734021704;0.5937637495035086
115673_current;115673;115673;cross_sectional;0;0;0;1;361;1;0.8448753462603878;4.743174515235458;2.775172344654373;242;8.139999999999999;0.0;13.573407202216067;0.0;0.0;50.96952908587257;5.2631578947368425;21.606648199445985;0.8310249307479224;72.57617728531856;0.48753462603878117;6.094182825484765;11.0803324099723;1.125;0.42417065891851513;0.7402114502446422;0.7466071988844879;2.095577483359208
117726_current;117726;117726;cross_sectional;1;0;1;0;365;1;0.9972602739726028;19.892008219178084;0.6032597877345923;245;10.444;1.36986301369863;6.8493150684931505;0.0;0.0;3.835616438356164;0.547945205479452;9.58904109589041;7.945205479452055;13.424657534246576;0.12602739726027398;8.493150684931507;1.917808219178082;2.75;0.5611478540793159;0.5772869436357992;0.5017463524697994;2.549917290271761
118160_current;118160;118160;cross_sectional;1;0;1;0;143;1;0.9440559440559441;37.227405594405596;0.16971178471635925;143;5.376;0.0;0.0;0.0;0.0;0.0;0.0;0.0;0.0;0.0;0.0;0.0;9.79020979020979;2.0;0.8684758365335536;0.7519721387104544;0.7139745345137305;0.24770504592928147
118168_current;118168;118168;cross_sectional;1;1;1;0;331;1;0.9395770392749244;23.65125377643505;0.2808031788161604;211;13.780000000000001;2.1148036253776437;12.990936555891238;0.0;0.0;2.1148036253776437;0.0;7.854984894259819;4.833836858006042;9.969788519637461;0.09063444108761329;4.833836858006042;18.731117824773413;1.125;0.309641576777719;0.6183030358296707;0.5115218389599133;0.36458845129189826
118180_current;118180;118180;cross_sectional;1;1;1;1;363;1;0.9118457300275482;45.22764187327823;0.11020373637528094;243;11.636;2.7548209366391188;7.988980716253444;0.27548209366391185;0.27548209366391185;6.0606060606060606;0.8264462809917356;11.019283746556473;4.40771349862259;17.355371900826448;0.10192837465564739;5.234159779614325;3.3057851239669422;1.25;0.6206461541224649;0.5185018598507658;0.4899406625507666;0.23568653951511298
118265_current;118265;118265;cross_sectional;1;0;1;0;363;1;0.699724517906336;14.401471074380163;1.4150415926228397;243;5.372;0.0;0.0;0.8264462809917356;0.8264462809917356;0.5509641873278237;0.0;0.0;0.0;1.3774104683195592;0.013774104683195593;0.0;2.203856749311295;1.25;0.307966279882535;0.6807851716839048;0.5954241788069475;0.6763622544456493
118609_current;118609;118609;cross_sectional;1;0;1;0;335;1;0.46865671641791046;13.051214925373134;0.9548507117204037;215;11.476;3.2835820895522385;28.65671641791045;0.0;0.0;55.223880597014926;4.477611940298507;12.238805970149254;2.388059701492537;67.46268656716418;0.34328358208955223;6.865671641791045;35.52238805970149;1.5;0.6712594461398635;0.7716393712631293;0.6068409394013977;0.658018385547907
118639_current;118639;118639;cross_sectional;1;1;1;0;343;1;0.7900874635568513;52.47421574344023;0.17681632553355395;223;12.684;3.498542274052478;17.49271137026239;1.4577259475218658;1.4577259475218658;1.4577259475218658;0.0;22.740524781341108;9.037900874635568;25.65597667638484;0.22157434402332363;9.037900874635568;6.41399416909621;7.0;0.6812420378781633;0.5284041937026136;0.5004859336086388;0.6950582635346875
120135_current;120135;120135;cross_sectional;1;1;1;0;284;1;0.9929577464788732;14.118408450704225;0.14008366639976547;164;7.356;0.0;1.4084507042253522;0.0;0.0;19.366197183098592;1.7605633802816902;1.7605633802816902;0.0;21.12676056338028;0.20422535211267606;1.7605633802816902;15.140845070422536;2.0;0.30784949957624885;0.7152411728377491;0.5877155225438033;0.28539269394190436
120137_current;120137;120137;cross_sectional;1;1;1;0;284;1;0.9859154929577465;13.84436971830986;0.2560222885496932;164;10.988;2.112676056338028;17.95774647887324;0.0;0.0;1.056338028169014;0.0;23.591549295774648;17.253521126760564;24.64788732394366;0.21830985915492956;17.253521126760564;1.7605633802816902;1.0;0.3318878255292981;0.7635836055680554;0.6302023029877549;0.6785962201355046
122506_current;122506;122506;cross_sectional;1;0;1;0;364;1;0.8269230769230769;8.909876373626373;0.8549487695780261;245;9.608;0.27472527472527475;0.5494505494505495;0.0;0.0;4.1208791208791204;0.27472527472527475;1.3736263736263736;1.3736263736263736;5.4945054945054945;0.054945054945054944;1.6483516483516483;4.670329670329671;2.125;0.33732630301788785;0.6831464862036989;0.5884459780682009;2.6122084704646245
123159_current;123159;123159;cross_sectional;1;0;1;1;365;1;0.8986301369863013;7.20918904109589;0.1800120524568838;245;5.588;0.0;0.0;0.0;0.0;2.191780821917808;0.273972602739726;0.0;0.0;2.191780821917808;0.021917808219178082;0.273972602739726;17.534246575342465;3.25;0.45674855651357765;0.5781381268789878;0.5382310972567698;1.1484208738340227
126001_current;126001;126001;cross_sectional;1;0;1;0;134;1;1.0;40.485768656716424;0.015668289353347537;134;4.484;0.0;0.0;0.0;0.0;0.0;0.0;0.0;0.0;0.0;0.0;0.0;2.2388059701492535;1.125;0.12349090651862127;0.6173765182325802;0.5614594994039733;0.0661479316392146
127293_current;127293;127293;cross_sectional;1;0;1;0;364;1;0.9972527472527473;27.417695054945053;0.4180394506011724;244;5.867999999999999;0.0;0.5494505494505495;0.0;0.0;0.8241758241758241;0.0;0.5494505494505495;0.0;1.3736263736263736;0.013736263736263736;0.0;2.197802197802198;1.125;0.21093510834741003;0.5987505455120674;0.5388398585552481;0.24858444022770404
127600_current;127600;127600;cross_sectional;1;0;1;0;365;1;0.9643835616438357;16.369479452054794;0.22510576177266556;245;8.488;0.0;3.5616438356164384;0.0;0.0;7.123287671232877;0.273972602739726;1.095890410958904;0.0;8.219178082191782;0.07945205479452055;0.273972602739726;7.945205479452055;1.25;0.5029582524463201;0.619156510652401;0.554944258146971;0.7070808522849557
129225_current;129225;129225;cross_sectional;1;0;1;1;365;1;0.936986301369863;14.72788493150685;0.2379389740002715;245;11.744;4.931506849315069;16.71232876712329;0.0;0.0;46.84931506849315;2.191780821917808;24.931506849315067;10.95890410958904;71.78082191780823;0.4575342465753425;13.150684931506849;51.50684931506849;1.25;0.5996125470404648;0.5754726275574432;0.5310710229079255;1.3947233187344692
129447_current;129447;129447;cross_sectional;1;0;1;0;365;1;0.7589041095890411;20.196498630136986;0.04183254036189252;245;7.151999999999999;0.0;0.273972602739726;0.547945205479452;0.547945205479452;1.36986301369863;0.0;0.273972602739726;0.0;2.191780821917808;0.021917808219178082;0.0;36.16438356164384;1.25;0.827883337014148;0.7784204858624374;0.6376995850512813;0.16250191593468138
129462_current;129462;129462;cross_sectional;1;1;1;0;355;1;0.6450704225352113;4.670239436619718;0.392814487184654;242;15.736;12.676056338028168;36.901408450704224;5.352112676056338;5.352112676056338;2.816901408450704;1.1267605633802817;44.50704225352113;35.774647887323944;52.67605633802817;0.4619718309859155;36.901408450704224;17.464788732394368;2.5;0.8276467777796906;0.8412566606713621;0.8446375136694259;1.0892958752043211
130747_current;130747;130747;cross_sectional;0;0;0;1;364;0;0.0;0.0;1.0337557586825994;245;4.94;0.0;0.0;2.7472527472527473;2.7472527472527473;0.27472527472527475;0.0;0.0;0.0;3.021978021978022;0.03021978021978022;0.0;8.516483516483516;5.5;0.5430596302670606;;;1.514171997319879
131436_current;131436;131436;cross_sectional;1;0;1;0;338;1;0.6479289940828402;4.679171597633137;0.7909524857075461;221;5.144;0.0;0.0;0.0;0.0;1.7751479289940828;0.0;0.0;0.0;1.7751479289940828;0.01775147928994083;0.0;11.834319526627219;1.25;0.34990557450981646;0.7873397121131345;0.6600783945605847;0.9468937256231529
131858_current;131858;131858;cross_sectional;1;0;1;0;156;0;0.0;0.0;0.5133789350938677;153;8.864;0.0;16.666666666666664;0.0;0.0;2.5641025641025643;0.0;24.358974358974358;1.9230769230769231;26.923076923076923;0.24358974358974358;1.9230769230769231;69.23076923076923;1.75;0.4838559130917533;;;0.46889645923073336
132315_current;132315;132315;cross_sectional;1;0;1;0;87;1;1.0;56.11034482758621;0.1010970096288721;87;6.44;0.0;6.896551724137931;0.0;0.0;17.24137931034483;0.0;1.1494252873563218;0.0;18.39080459770115;0.1839080459770115;0.0;3.4482758620689653;2.0;0.1767385427242312;0.5481714285714285;0.5486281137332021;0.548097861194959
132812_current;132812;132812;cross_sectional;1;1;1;1;364;1;0.024725274725274724;1.3654093406593406;0.6208684557680257;244;8.659999999999998;0.0;12.087912087912088;0.5494505494505495;0.5494505494505495;6.318681318681318;0.0;19.78021978021978;2.197802197802198;26.64835164835165;0.25274725274725274;2.197802197802198;0.8241758241758241;1.0;0.4463366877911057;;0.5787661792844799;1.2164146440797512
133692_current;133692;133692;cross_sectional;1;0;1;0;365;1;0.9780821917808219;13.353452054794522;0.1612452615964986;245;5.944;0.0;0.273972602739726;0.0;0.0;0.0;0.0;0.273972602739726;0.0;0.273972602739726;0.0027397260273972603;0.0;5.205479452054795;1.0;0.17180493218593645;0.5028199645916734;0.47407668801640146;0.4900500874337799
133710_current;133710;133710;cross_sectional;1;0;1;0;149;1;0.9798657718120806;30.826107382550337;0.08933869367133072;149;5.5760000000000005;0.0;0.0;0.0;0.0;19.463087248322147;8.053691275167786;0.6711409395973155;0.0;20.13422818791946;0.19463087248322147;8.053691275167786;13.422818791946309;2.75;1.0726275301265664;0.7563489390367125;0.5851450766259751;0.2336442028689362
134065_current;134065;134065;cross_sectional;1;1;1;0;365;1;0.8958904109589041;9.822432876712329;0.053854141888261146;245;9.684;2.73972602739726;12.602739726027398;0.273972602739726;0.273972602739726;4.109589041095891;0.821917808219178;23.835616438356166;17.26027397260274;28.21917808219178;0.21095890410958903;18.08219178082192;36.16438356164384;1.25;0.49179430122822393;0.7275138020780212;0.5940222683988212;0.692900646497131
134586_current;134586;134586;cross_sectional;1;0;1;1;365;1;0.9835616438356164;18.95808493150685;0.256004785513069;245;6.584;0.0;1.36986301369863;0.0;0.0;0.547945205479452;0.0;2.4657534246575343;0.0;3.0136986301369864;0.030136986301369864;0.0;12.054794520547945;1.25;0.38387277711856715;0.5889142605378357;0.5375803366473731;0.5383293717365938
135287_current;135287;135287;cross_sectional;1;0;1;0;129;1;1.0;28.631201550387598;0.10266376229087974;129;5.364;0.0;0.0;0.0;0.0;0.0;0.0;0.0;0.0;0.0;0.0;0.0;0.0;0.0;;0.5879732241915507;0.5683488902576876;0.35051557363029967
135868_current;135868;135868;cross_sectional;1;0;1;0;364;1;0.9752747252747253;26.999868131868134;0.207060692023098;244;5.952;0.0;0.27472527472527475;0.0;0.0;1.6483516483516483;0.0;0.27472527472527475;0.0;1.9230769230769231;0.019230769230769232;0.0;30.494505494505493;1.5;0.5712515098717635;0.6992240546776052;0.61641048941246;0.2007813854256951
136557_current;136557;136557;cross_sectional;1;0;1;0;301;1;0.9003322259136213;6.78528903654485;0.21615033802693506;181;6.78;0.0;0.33222591362126247;0.0;0.0;5.647840531561462;0.0;0.33222591362126247;0.0;5.980066445182724;0.053156146179401995;0.0;32.55813953488372;1.25;0.5427417010528177;0.9939879668931348;0.9276293124055236;0.38925317690033584
137763_current;137763;137763;cross_sectional;1;0;1;0;364;1;0.9505494505494505;16.928554945054948;0.027340980060678463;244;7.5680000000000005;0.0;6.868131868131869;0.0;0.0;2.7472527472527473;0.0;7.142857142857143;0.5494505494505495;9.89010989010989;0.09065934065934066;0.5494505494505495;2.7472527472527473;1.25;0.25385047568071195;0.5005646540446654;0.4921869387615603;0.21067066763554243
137898_current;137898;137898;cross_sectional;1;1;0;0;59;1;1.0;28.081610169491526;0.29296656860430975;59;10.38;1.694915254237288;1.694915254237288;0.0;0.0;0.0;0.0;3.389830508474576;1.694915254237288;3.389830508474576;0.03389830508474576;1.694915254237288;3.389830508474576;1.5;;;0.4692165389618032;1.374254605786181
142012_current;142012;142012;cross_sectional;0;0;0;1;361;0;0.0;0.0;0.908888877126106;243;8.156;0.0;2.4930747922437675;0.0;0.0;0.0;0.0;0.0;0.0;0.0;0.0;0.0;0.8310249307479224;1.5;0.3280021895911852;;;1.115322002787508
142682_current;142682;142682;cross_sectional;1;0;1;0;362;1;0.9475138121546961;18.834966850828728;0.5009400786880679;245;4.428;0.0;0.0;0.0;0.0;0.0;0.0;0.0;0.0;0.0;0.0;0.0;0.0;0.0;;0.5653995779704579;0.5515118862351258;0.5914200831847892
143397_current;143397;143397;cross_sectional;1;0;1;0;333;0;0.0;0.0;0.8612658467898695;219;6.956000000000001;0.0;4.2042042042042045;0.3003003003003003;0.3003003003003003;22.822822822822822;2.4024024024024024;18.01801801801802;0.6006006006006006;41.14114114114114;0.3213213213213213;3.003003003003003;50.450450450450454;1.75;0.8686233852526698;;;1.013062641726046
144863_current;144863;144863;cross_sectional;1;0;1;0;365;1;0.936986301369863;26.848769863013697;0.09358886589289318;245;6.22;0.0;1.095890410958904;0.0;0.0;4.657534246575342;0.547945205479452;1.36986301369863;0.0;6.027397260273973;0.06027397260273973;0.547945205479452;32.602739726027394;1.25;0.663147574031588;0.5476407125221571;0.5266754397467772;0.76489605193539
145326_current;145326;145326;cross_sectional;1;1;0;0;365;1;0.9863013698630136;22.34829589041096;0.2712836172969107;245;9.944;0.821917808219178;2.4657534246575343;0.0;0.0;3.5616438356164384;2.191780821917808;3.0136986301369864;1.095890410958904;6.575342465753424;0.06027397260273973;3.287671232876712;0.273972602739726;7.0;;0.5336988530009235;0.5142989829674179;1.3446159618036206
146018_current;146018;146018;cross_sectional;1;1;1;1;354;1;0.5423728813559322;19.344008474576274;0.674605569798613;235;28.796000000000003;53.10734463276836;70.33898305084746;0.0;0.0;10.169491525423728;1.1299435028248588;470.05649717514126;55.08474576271186;480.225988700565;0.7146892655367232;56.21468926553672;3.1073446327683616;1.0;0.2934368288229921;0.49151702734948116;0.48528798786863314;0.7336203694035669
146807_current;146807;146807;cross_sectional;1;0;1;0;364;1;0.9313186813186813;13.378417582417581;0.23526764154135768;245;12.204;2.197802197802198;8.241758241758241;0.0;0.0;4.395604395604396;1.6483516483516483;12.912087912087912;8.241758241758241;17.307692307692307;0.15384615384615385;9.89010989010989;26.0989010989011;1.5;0.7318537963970346;0.7092945451550807;0.6507352717487427;1.171986663620775
149164_current;149164;149164;cross_sectional;1;0;1;1;363;1;0.9807162534435262;22.38277685950413;0.30735054392787725;243;10.824;1.6528925619834711;10.46831955922865;0.0;0.0;3.3057851239669422;0.27548209366391185;12.121212121212121;1.6528925619834711;15.426997245179063;0.1322314049586777;1.9283746556473829;16.2534435261708;1.25;0.4329617781529601;0.5958652688993729;0.5339992077835267;1.2662095903362973
150401_current;150401;150401;cross_sectional;1;0;1;0;364;1;0.9835164835164835;19.624362637362637;0.04492887117819234;244;6.756;0.0;0.8241758241758242;1.9230769230769231;1.9230769230769231;8.241758241758241;0.5494505494505495;1.6483516483516483;0.0;11.813186813186814;0.11538461538461539;0.5494505494505495;31.043956043956044;7.25;0.5517979998695469;0.6274913160508561;0.5619961240282297;0.46564976060671337
150951_current;150951;150951;cross_sectional;1;0;0;0;365;1;0.9753424657534246;15.394797260273972;0.6252940349980672;245;13.348;36.71232876712329;55.342465753424655;0.0;0.0;1.643835616438356;0.0;60.821917808219176;26.301369863013697;62.465753424657535;0.547945205479452;26.301369863013697;38.35616438356164;1.25;0.5265665752430796;0.4646281225601083;0.46906389560973755;2.413650374803753
150964_current;150964;150964;cross_sectional;1;0;0;0;349;1;0.8968481375358166;28.4960429799427;0.19410721974623804;229;8.028;0.0;0.28653295128939826;1.146131805157593;1.146131805157593;0.0;0.0;0.0;0.0;1.146131805157593;0.011461318051575931;0.0;4.584527220630372;2.375;0.7447307308171702;0.6209502120746224;0.5228828271873223;0.44272565441970413
151081_current;151081;151081;cross_sectional;0;0;1;0;365;1;0.9972602739726028;165.89360821917808;0.14982791773513865;245;19.344;17.534246575342465;54.52054794520548;0.0;0.0;15.342465753424657;0.273972602739726;81.0958904109589;19.17808219178082;96.43835616438356;0.5397260273972603;19.45205479452055;13.150684931506849;1.0;0.4272019860523306;0.325687308254462;0.3560814997712954;1.1052408669285496
151970_current;151970;151970;cross_sectional;1;0;1;0;365;1;0.9534246575342465;8.39933698630137;0.32746183218505986;245;12.276;3.8356164383561646;16.71232876712329;0.273972602739726;0.273972602739726;2.73972602739726;1.643835616438356;17.26027397260274;9.58904109589041;20.273972602739725;0.18356164383561643;11.232876712328768;4.383561643835616;1.0;1.0748993395616404;0.7169040392248424;0.601800154436488;0.6662643657368885
152528_current;152528;152528;cross_sectional;1;1;1;0;365;1;0.936986301369863;18.298520547945206;0.3577098941816337;245;11.928;9.315068493150685;26.301369863013697;0.0;0.0;2.4657534246575343;0.273972602739726;33.42465753424658;4.657534246575342;35.89041095890411;0.28493150684931506;4.931506849315069;3.835616438356164;1.0;1.9234056503025003;0.8085769495119682;0.6952407658537706;0.759931381367671
152557_current;152557;152557;cross_sectional;1;0;1;0;71;1;1.0;42.56276056338028;0.4983215218202163;71;0.208;0.0;0.0;0.0;0.0;0.0;0.0;0.0;0.0;0.0;0.0;0.0;0.0;0.0;;;0.5105660042700819;3.0109090909090908
153093_current;153093;153093;cross_sectional;0;1;0;0;365;0;0.0;0.0;0.9994663685106598;245;3.98;0.0;0.0;7.123287671232877;7.123287671232877;0.0;0.0;0.0;0.0;7.123287671232877;0.07123287671232877;0.0;1.36986301369863;4.75;0.5533357595141061;;;1.84058465682413
153783_current;153783;153783;cross_sectional;1;1;1;1;365;1;0.9753424657534246;18.486082191780824;0.37934537625727455;245;10.0;1.36986301369863;6.575342465753424;0.0;0.0;0.273972602739726;0.273972602739726;8.767123287671232;3.0136986301369864;9.04109589041096;0.0821917808219178;3.287671232876712;2.4657534246575343;1.25;0.6442251385167687;0.5355781070614898;0.47708311163300343;0.9391668262261004
155497_current;155497;155497;cross_sectional;1;0;1;0;365;1;0.9616438356164384;48.328134246575345;0.03929160552406996;245;7.628;0.0;1.095890410958904;0.0;0.0;1.36986301369863;0.0;2.73972602739726;0.0;4.109589041095891;0.0410958904109589;0.0;2.4657534246575343;1.25;0.19703859020812525;0.6919918208695445;0.6225355134452448;0.08265073777428893
156287_current;156287;156287;cross_sectional;0;0;0;1;69;1;1.0;141.93408695652172;0.007094819303820854;69;2.824;0.0;0.0;0.0;0.0;0.0;0.0;0.0;0.0;0.0;0.0;0.0;0.0;0.0;;;0.43959218873998673;0.9060604637673154
158544_current;158544;158544;cross_sectional;1;0;1;1;364;1;0.9010989010989011;13.63190659340659;0.20038621557911032;244;5.58;0.0;0.0;0.0;0.0;1.3736263736263736;0.0;0.0;0.0;1.3736263736263736;0.013736263736263736;0.0;24.175824175824175;1.0;0.4557466214596531;0.6676141030855485;0.5911694913470977;0.9401273137151591
161857_current;161857;161857;cross_sectional;1;1;0;0;344;1;0.9622093023255814;18.107468023255816;0.19976147228734906;225;14.684000000000001;2.0348837209302326;8.13953488372093;0.0;0.0;0.872093023255814;0.5813953488372093;9.011627906976743;6.686046511627907;9.883720930232558;0.09593023255813954;7.267441860465116;47.674418604651166;2.0;0.2782087213841797;0.41769648610443383;0.43422667590375247;0.8462015138763737
162827_current;162827;162827;cross_sectional;1;0;1;0;364;1;0.9587912087912088;28.54324175824176;0.05207237289767089;245;5.96;0.0;0.27472527472527475;0.0;0.0;1.9230769230769231;0.0;1.6483516483516483;0.0;3.5714285714285716;0.03571428571428571;0.0;26.373626373626372;1.375;0.4237272352499859;0.5748313741469221;0.5339603035261143;0.16613006110957088
162973_current;162973;162973;cross_sectional;1;0;0;0;364;1;0.804945054945055;51.237370879120874;0.314958023246087;244;29.296000000000003;75.82417582417582;86.53846153846155;0.0;0.0;20.604395604395606;5.769230769230769;321.97802197802196;58.79120879120879;342.5824175824176;0.8626373626373627;64.56043956043956;10.43956043956044;1.75;0.914113082057433;0.5518658070180847;0.5837639204756981;0.9503270304139874
163954_current;163954;163954;cross_sectional;1;0;1;0;363;1;0.7107438016528925;6.939074380165289;0.5719251398918348;244;5.876;0.0;0.27548209366391185;0.0;0.0;4.40771349862259;0.0;0.5509641873278237;0.0;4.958677685950414;0.046831955922865015;0.0;13.49862258953168;1.25;0.26538416826271366;0.7854899986080748;0.6777787091468134;0.9248891299359603
164222_current;164222;164222;cross_sectional;1;0;1;1;364;1;0.9285714285714286;43.262293956043955;0.11562664183025269;245;6.119999999999999;0.0;0.27472527472527475;0.0;0.0;0.0;0.0;0.0;0.0;0.0;0.0;0.0;4.1208791208791204;1.5;0.7449943882242148;0.549021439056185;0.48262468278050225;0.23096564668170988
164237_current;164237;164237;cross_sectional;1;0;1;0;363;1;0.9834710743801653;245.97907713498623;0.08549443332738187;245;12.336;4.40771349862259;49.03581267217631;8.81542699724518;8.81542699724518;11.294765840220386;2.203856749311295;134.9862258953168;28.650137741046834;155.09641873278238;0.6666666666666666;30.853994490358126;15.151515151515152;1.75;0.7116978154567738;0.4548799116703719;0.4676555051897743;0.92402643615054
164491_current;164491;164491;cross_sectional;1;0;0;0;364;1;0.8681318681318682;15.999700549450548;0.13118310769223085;245;6.803999999999999;0.0;2.7472527472527473;0.0;0.0;0.0;0.0;3.5714285714285716;0.0;3.5714285714285716;0.03571428571428571;0.0;1.6483516483516483;1.25;0.2514169404570641;0.4702821825653263;0.46244425301400455;1.3040867656881143
165171_current;165171;165171;cross_sectional;1;1;1;1;365;0;0.0;0.0;1.002434320855911;245;2.764;0.0;0.0;1.095890410958904;1.095890410958904;0.0;0.0;0.0;0.0;1.095890410958904;0.010958904109589041;0.0;2.73972602739726;1.0;0.12321080415288813;;;0.914310139810687
165183_current;165183;165183;cross_sectional;1;0;1;0;365;1;0.9452054794520548;13.745301369863013;0.26884446109874277;245;8.416;0.0;4.383561643835616;0.0;0.0;13.150684931506849;0.0;5.47945205479452;0.0;18.63013698630137;0.1178082191780822;0.0;20.273972602739725;1.75;0.2097339406749523;0.7849412053547206;0.6347844103289855;0.3445928321659964
165295_current;165295;165295;cross_sectional;1;0;1;1;364;0;0.0;0.0;1.1280664185513882;244;3.9239999999999995;0.0;0.0;1.098901098901099;1.098901098901099;0.0;0.0;0.0;0.0;1.098901098901099;0.01098901098901099;0.0;4.945054945054945;2.375;1.0590987968520218;;;0.971096753507014
165585_current;165585;165585;cross_sectional;1;0;1;0;64;0;0.0;0.0;1.717082079011571;64;3.064;0.0;0.0;0.0;0.0;0.0;0.0;0.0;0.0;0.0;0.0;0.0;0.0;0.0;;;;1.9058952592399114
166831_current;166831;166831;cross_sectional;1;1;1;0;365;1;0.9506849315068493;22.898284931506854;0.08906937269416602;245;12.331999999999999;0.547945205479452;17.26027397260274;0.0;0.0;0.821917808219178;0.273972602739726;26.84931506849315;21.91780821917808;27.671232876712327;0.24383561643835616;22.19178082191781;1.36986301369863;6.5;0.4793746677418393;0.5906018505106612;0.5297411535722175;0.5853848078167457
171122_current;171122;171122;cross_sectional;1;0;1;0;288;1;0.7951388888888888;18.711697916666665;0.11049733593878669;168;4.836;0.0;0.0;0.0;0.0;0.0;0.0;0.0;0.0;0.0;0.0;0.0;3.4722222222222223;1.125;0.7903225881113592;0.6684697734131588;0.576275429670154;0.30290805436100754
171901_current;171901;171901;cross_sectional;1;0;1;1;364;1;0.8434065934065934;15.740576923076922;0.13452811413530213;244;6.936000000000001;0.0;2.197802197802198;0.0;0.0;3.8461538461538463;0.0;1.098901098901099;0.0;4.945054945054945;0.03296703296703297;0.0;19.23076923076923;1.0;0.28130594367021944;0.7317500942513215;0.6107693555870326;0.45895059674015165
174453_current;174453;174453;cross_sectional;1;0;1;0;364;1;0.9505494505494505;11.47279945054945;0.3868682266177956;245;5.604;0.0;0.0;0.0;0.0;3.8461538461538463;0.0;0.0;0.0;3.8461538461538463;0.038461538461538464;0.0;15.934065934065934;1.5;0.6742484154302195;0.5801678454510689;0.5418535302945838;1.083157489693083
175022_current;175022;175022;cross_sectional;1;0;1;0;364;1;0.9423076923076923;6.005934065934065;0.2833111747779462;244;4.6240000000000006;0.0;0.0;0.0;0.0;0.0;0.0;0.0;0.0;0.0;0.0;0.0;19.23076923076923;1.75;0.29972964389349566;0.9533944555152302;0.9313442524028728;0.2050204067865214
175213_current;175213;175213;cross_sectional;1;0;0;0;363;1;0.9889807162534435;16.52514049586777;0.11556115641880604;244;2.248;0.0;0.0;0.0;0.0;0.0;0.0;0.0;0.0;0.0;0.0;0.0;0.0;0.0;;0.36044933828816716;0.3651147057947156;1.4676611363970051
175356_current;175356;175356;cross_sectional;1;0;1;0;363;1;0.8484848484848485;11.36560606060606;0.09196602448687118;244;6.731999999999999;0.0;0.5509641873278237;1.9283746556473829;1.9283746556473829;8.264462809917354;0.8264462809917356;0.5509641873278237;0.0;10.743801652892563;0.09641873278236915;0.8264462809917356;41.04683195592286;2.5;0.772205431084361;0.7522681867659898;0.6665622656653661;0.4921450503107427
175514_current;175514;175514;cross_sectional;1;0;1;0;365;1;0.989041095890411;22.652980821917808;4.860614040337542;245;9.88;1.095890410958904;3.8356164383561646;0.0;0.0;0.547945205479452;0.0;4.383561643835616;2.4657534246575343;4.931506849315069;0.049315068493150684;2.4657534246575343;0.0;0.0;;0.5570082609978416;0.5050798941000237;4.588572644118273
175560_current;175560;175560;cross_sectional;1;0;1;0;205;1;0.17073170731707318;9.503995121951219;1.347156296498501;152;7.5600000000000005;0.0;0.975609756097561;0.0;0.0;0.0;0.0;0.975609756097561;0.0;0.975609756097561;0.00975609756097561;0.0;0.0;0.0;;;0.5579353278390243;1.2970968518174752
176306_current;176306;176306;cross_sectional;1;0;0;0;365;1;0.989041095890411;49.92181643835617;0.09954267167420001;245;10.367999999999999;0.273972602739726;5.7534246575342465;0.0;0.0;3.5616438356164384;0.273972602739726;6.301369863013699;0.0;9.863013698630137;0.09863013698630137;0.273972602739726;13.424657534246576;1.375;0.594949713762494;0.4843305084073426;0.46611021135424713;0.80026554156566
177379_current;177379;177379;cross_sectional;1;0;1;0;200;1;0.86;14.671320000000001;0.3029134584296304;124;11.700000000000001;6.5;11.0;0.0;0.0;0.0;0.0;12.5;10.5;12.5;0.12;10.5;1.0;3.25;;0.5607361585572277;0.5256473221817359;1.1870042851577716
179215_current;179215;179215;cross_sectional;1;0;0;1;329;1;0.8936170212765957;27.17884802431611;0.35804783043173255;209;13.984;9.118541033434651;32.21884498480243;0.0;0.0;5.775075987841945;0.0;27.35562310030395;20.060790273556233;33.130699088145896;0.2917933130699088;20.060790273556233;23.404255319148938;1.0;0.6836093868485126;0.47342626185475156;0.46318150694587557;1.6844201654440456
184486_current;184486;184486;cross_sectional;1;0;1;0;365;1;0.7890410958904109;16.7382;0.6144331921917497;245;2.8080000000000003;0.0;0.0;0.0;0.0;0.0;0.0;0.0;0.0;0.0;0.0;0.0;6.027397260273973;1.5;0.3912658204260196;0.528926096508653;0.506133154908544;0.6666057820607857
185674_current;185674;185674;cross_sectional;0;0;0;1;365;0;0.0;0.0;1.052655408779186;245;4.388;0.0;0.0;0.0;0.0;0.0;0.0;0.0;0.0;0.0;0.0;0.0;29.315068493150687;1.75;0.31104781387656977;;;1.174375761946746
186396_current;186396;186396;cross_sectional;1;1;1;0;267;1;0.50187265917603;6.028711610486892;0.4466126656848306;153;10.232;0.7490636704119851;1.1235955056179776;0.0;0.0;1.1235955056179776;0.0;1.4981273408239701;0.0;2.6217228464419478;0.026217228464419477;0.0;17.97752808988764;1.5;0.5654640094668658;0.9282676825284325;0.7383334143274931;0.3956670413536059
186748_current;186748;186748;cross_sectional;1;0;1;1;365;1;0.9616438356164384;21.99246849315068;0.18549735734045242;245;7.847999999999999;0.0;4.383561643835616;0.0;0.0;8.493150684931507;0.0;9.315068493150685;0.273972602739726;17.80821917808219;0.14246575342465753;0.273972602739726;29.863013698630137;1.25;0.2980092240890924;0.713516286823739;0.6044218511241262;0.4188054085643607
187213_current;187213;187213;cross_sectional;0;0;0;1;360;0;0.0;0.0;0.8627393052533343;245;11.26;1.9444444444444444;45.27777777777778;0.0;0.0;14.444444444444445;2.7777777777777777;57.77777777777778;0.0;72.22222222222223;0.5166666666666667;2.7777777777777777;55.27777777777778;2.0;0.7251075723245888;;;1.344183578004974
187258_current;187258;187258;cross_sectional;1;1;1;0;365;1;0.9452054794520548;11.408405479452053;0.30605566429410475;245;10.444;1.643835616438356;8.21917808219178;0.0;0.0;6.8493150684931505;2.4657534246575343;10.684931506849315;9.04109589041096;17.534246575342465;0.14246575342465753;11.506849315068493;31.232876712328768;1.25;0.43588355323900263;0.5749807930400644;0.5063626441206237;1.067662616968851
190040 / 750463_current;190040 / 750463;190040 / 750463;cross_sectional;0;0;0;1;365;0;0.0;0.0;0.6282703492892913;245;7.572000000000001;0.0;11.506849315068493;0.0;0.0;12.32876712328767;0.0;12.602739726027398;0.0;24.931506849315067;0.2054794520547945;0.0;47.12328767123287;2.0;0.6325691069521503;;;1.292698001306336
191828_current;191828;191828;cross_sectional;1;0;1;0;266;1;0.8270676691729323;22.993973684210523;0.066127500604066;153;6.888000000000001;0.0;1.1278195488721803;6.015037593984962;6.015037593984962;0.7518796992481203;0.0;4.511278195488722;0.0;11.278195488721805;0.10526315789473684;0.0;3.3834586466165413;1.0;0.2965579956162629;0.6999135005655732;0.5935867257986155;0.16188639862777315
192082_current;192082;192082;cross_sectional;1;1;1;0;137;0;0.0;0.0;0.9820080291884475;137;13.22;44.52554744525548;100.0;0.0;0.0;18.248175182481752;0.0;541.6058394160584;0.7299270072992701;559.8540145985402;1.0;0.7299270072992701;3.6496350364963503;1.25;0.21033720553611313;;;1.2835831929601582
194098_current;194098;194098;cross_sectional;0;0;0;1;365;0;0.0;0.0;0.3243142250302917;245;10.496;1.095890410958904;25.47945205479452;1.643835616438356;1.643835616438356;4.657534246575342;4.109589041095891;53.6986301369863;27.671232876712327;60.0;0.4958904109589041;31.78082191780822;7.671232876712328;13.625;0.5462333857953873;;;0.48633346637304026
194265_current;194265;194265;cross_sectional;1;0;1;1;365;1;0.9178082191780822;28.580430136986305;0.2601293223928991;245;4.564;0.0;0.0;0.0;0.0;0.0;0.0;0.0;0.0;0.0;0.0;0.0;27.671232876712327;1.0;0.29562223850429975;0.654400348974392;0.5896449486826894;0.3721583983111444
194423_current;194423;194423;cross_sectional;1;0;0;0;280;1;0.8928571428571429;17.743710714285715;0.07894908016481016;160;3.08;0.0;0.0;1.4285714285714286;1.4285714285714286;0.0;0.0;0.0;0.0;1.4285714285714286;0.014285714285714285;0.0;0.7142857142857143;1.0;;0.5224800128312689;0.4852960722375227;0.9332769561211335
195088_current;195088;195088;cross_sectional;1;0;1;1;363;1;0.9641873278236914;18.71449035812672;0.08635722114646235;243;8.248000000000001;0.0;1.9283746556473829;0.0;0.0;5.509641873278237;0.0;1.3774104683195592;0.0;6.887052341597796;0.06611570247933884;0.0;23.140495867768596;1.0;0.21656579902392692;0.7124726213713554;0.6042931586889339;0.37298487749284887
197257_current;197257;197257;cross_sectional;1;1;1;0;338;1;0.9408284023668639;48.421795857988165;0.23041283215980746;244;10.02;0.591715976331361;8.579881656804734;0.0;0.0;2.9585798816568047;0.8875739644970414;4.733727810650888;2.9585798816568047;7.6923076923076925;0.07100591715976332;3.8461538461538463;12.1301775147929;2.25;0.9497964014356935;0.5478319051851315;0.4835583132983402;0.4540672562485308
198827_current;198827;198827;cross_sectional;1;0;1;0;365;1;0.9945205479452055;37.17653424657534;0.034818129749901755;245;7.792;0.0;3.0136986301369864;0.0;0.0;1.095890410958904;0.0;2.73972602739726;0.273972602739726;3.835616438356164;0.03561643835616438;0.273972602739726;20.82191780821918;1.0;0.21971939190701148;0.4986037090678424;0.4456852491635905;0.19610049086666134
201264_current;201264;201264;cross_sectional;1;0;1;0;365;1;0.9726027397260274;18.861572602739727;0.2030427296880122;245;3.6559999999999997;0.0;0.0;0.0;0.0;0.0;0.0;0.0;0.0;0.0;0.0;0.0;4.109589041095891;1.0;0.1987643205021773;0.4524236493760086;0.4106830096539314;1.1000618541665772
201391_current;201391;201391;cross_sectional;1;0;1;0;364;1;0.9862637362637363;35.59333516483517;0.13680299183970912;244;17.348;3.8461538461538463;9.89010989010989;0.0;0.0;0.8241758241758241;0.0;4.395604395604396;0.0;5.21978021978022;0.04945054945054945;0.0;3.2967032967032965;1.0;0.5072449304332316;0.6253170662022617;0.5472569307127363;0.4879510658235507
215480_current;215480;215480;cross_sectional;1;1;0;0;352;1;0.8125;33.74128977272728;0.5262075382815062;233;22.056;19.318181818181817;59.375;0.2840909090909091;0.2840909090909091;12.784090909090908;0.0;165.0568181818182;24.71590909090909;178.125;0.6392045454545454;24.71590909090909;8.806818181818182;1.25;0.7711768492256134;0.46099425552027534;0.44907984460112443;1.1006700806796628
215929_current;215929;215929;cross_sectional;1;0;0;0;86;1;1.0;34.67827906976744;1.438344244079414;86;3.912;0.0;0.0;0.0;0.0;2.3255813953488373;0.0;0.0;0.0;2.3255813953488373;0.023255813953488372;0.0;0.0;0.0;;;0.526593283376901;0.24196004523181308
222824_current;222824;222824;cross_sectional;1;0;1;0;365;1;0.9561643835616438;19.907928767123288;0.21913042511747066;245;10.267999999999999;0.547945205479452;2.4657534246575343;0.0;0.0;5.7534246575342465;1.095890410958904;5.7534246575342465;4.383561643835616;11.506849315068493;0.10136986301369863;5.47945205479452;0.273972602739726;1.25;;0.6293574789706318;0.6064169362710057;3.3015982370444084
223900_current;223900;223900;cross_sectional;1;0;1;0;280;1;0.6892857142857143;36.73319285714285;0.053887309563948826;160;14.076;0.35714285714285715;7.142857142857142;0.0;0.0;3.9285714285714284;0.35714285714285715;4.285714285714286;0.0;8.214285714285714;0.075;0.35714285714285715;48.214285714285715;1.25;1.1271871676751835;0.5873657247145875;0.4988480736599115;0.2151196079617641
227509_pre_install;227509;227509;augmented_before;0;0;0;0;364;0;0.0;0.0;1.202759197129854;245;12.712;0.27472527472527475;0.8241758241758242;0.0;0.0;1.098901098901099;0.27472527472527475;0.8241758241758241;0.8241758241758241;1.9230769230769231;0.016483516483516484;1.098901098901099;45.05494505494506;1.625;0.5127951577150557;;;1.1164300583457942
227509_current;227509;227509;cross_sectional;0;0;0;1;181;0;0.0;0.0;0.5530011660082491;153;5.496;0.0;0.0;0.0;0.0;6.077348066298343;0.5524861878453039;0.5524861878453039;0.0;6.629834254143646;0.06077348066298342;0.5524861878453039;58.56353591160221;2.5;0.7151974850566751;;;0.7645315016338843
227913_current;227913;227913;cross_sectional;0;0;0;0;58;0;0.0;0.0;3.541340618681829;58;10.616;17.24137931034483;48.275862068965516;0.0;0.0;3.4482758620689653;0.0;67.24137931034483;25.862068965517242;70.6896551724138;0.5517241379310345;25.862068965517242;0.0;0.0;;;;7.593057486315499
228831_current;228831;228831;cross_sectional;1;0;0;0;295;0;0.0;0.0;0.9193556240898271;175;7.511999999999999;0.0;6.779661016949152;0.3389830508474576;0.3389830508474576;16.271186440677965;2.0338983050847457;7.4576271186440675;2.3728813559322033;24.06779661016949;0.20677966101694914;4.406779661016949;21.016949152542374;1.25;0.892878326384083;;;1.3118182295987648
228837_current;228837;228837;cross_sectional;1;0;1;0;363;0;0.0;0.0;0.6243795469862904;245;5.392;0.0;0.0;0.0;0.0;1.3774104683195592;0.0;0.0;0.0;1.3774104683195592;0.013774104683195593;0.0;76.5840220385675;4.0;0.44600318702390157;;;0.8492933624773753
241341_current;241341;241341;cross_sectional;0;0;0;1;364;0;0.0;0.0;0.9926044470527942;245;4.692;0.0;0.0;0.0;0.0;0.0;0.0;0.0;0.0;0.0;0.0;0.0;0.0;0.0;;;;1.0211163693822505
552884_current;552884;552884;cross_sectional;1;1;1;0;365;1;0.9452054794520548;22.201736986301373;0.2542658055174772;245;9.639999999999999;1.095890410958904;11.506849315068493;0.0;0.0;4.931506849315069;0.0;17.80821917808219;2.4657534246575343;22.73972602739726;0.18356164383561643;2.4657534246575343;18.904109589041095;3.5;0.2811216955245538;0.5720464711591018;0.5127561054646023;0.44912225088895624
553509_current;553509;553509;cross_sectional;1;1;0;1;362;1;0.9834254143646409;23.733845303867405;0.09994362877938605;242;13.868;5.524861878453039;12.70718232044199;0.0;0.0;0.8287292817679558;0.27624309392265195;14.640883977900552;12.154696132596685;15.469613259668508;0.1464088397790055;12.430939226519337;2.7624309392265194;1.125;0.7432860940513678;0.2774537025243906;0.27886389941439454;0.7671189109272095
555287_current;555287;555287;cross_sectional;1;1;1;0;365;1;0.936986301369863;20.778980821917806;0.21320910400915924;245;8.584;0.0;3.5616438356164384;0.0;0.0;2.4657534246575343;0.821917808219178;4.383561643835616;1.917808219178082;6.8493150684931505;0.06575342465753424;2.73972602739726;4.657534246575342;1.25;0.5993708050506487;0.5514466715600475;0.4665792884122824;0.7959636488054009
556799_current;556799;556799;cross_sectional;1;0;1;0;349;1;0.5902578796561605;12.910951289398282;0.3546930713230283;232;7.312;0.0;1.146131805157593;0.5730659025787965;0.5730659025787965;5.157593123209169;0.28653295128939826;2.292263610315186;0.0;8.022922636103152;0.07449856733524356;0.28653295128939826;27.22063037249284;2.0;0.7073446129230923;0.6834043424329906;0.566226431095784;0.8233156904417039
556837_current;556837;556837;cross_sectional;1;0;1;0;150;1;1.0;21.52408;0.08134387600768533;150;7.431999999999999;0.0;5.333333333333334;0.0;0.0;1.3333333333333333;0.0;10.0;0.6666666666666666;11.333333333333334;0.11333333333333333;0.6666666666666666;0.6666666666666666;2.5;;0.5230771789723084;0.4989459866964503;0.2977018110445457
571965_current;571965;571965;cross_sectional;1;1;0;0;361;1;0.9806094182825484;22.630950138504158;0.2387562697720854;243;12.267999999999999;3.32409972299169;14.127423822714682;0.2770083102493075;0.2770083102493075;12.465373961218837;5.8171745152354575;20.498614958448755;10.249307479224377;33.2409972299169;0.27977839335180055;16.066481994459835;29.916897506925206;1.0;0.9508239740946712;0.4850886829992261;0.46757032565528195;1.685351096362888
582164_current;582164;582164;cross_sectional;0;0;0;1;142;0;0.0;0.0;0.954801224449272;142;3.6839999999999997;0.0;0.0;0.0;0.0;0.0;0.0;0.0;0.0;0.0;0.0;0.0;14.084507042253522;1.0;0.39845529313230466;;;1.2508965750851218
585660_current;585660;585660;cross_sectional;1;0;0;0;364;1;0.9862637362637363;31.186656593406592;0.07299450578988678;244;4.9159999999999995;0.0;0.0;0.0;0.0;0.0;0.0;0.0;0.0;0.0;0.0;0.0;3.021978021978022;1.0;0.10304109936088655;0.4563576934260465;0.45517243764581217;1.0896065847163567
585704_current;585704;585704;cross_sectional;1;0;1;0;365;1;0.8986301369863013;48.36242191780822;0.15852737117524135;245;45.852000000000004;21.095890410958905;58.35616438356165;2.4657534246575343;2.4657534246575343;18.904109589041095;4.383561643835616;126.57534246575342;66.57534246575342;147.94520547945206;0.7315068493150685;70.95890410958904;12.054794520547945;2.0;0.8920455533210464;0.4720654356926063;0.4450850187058811;0.9755946524731273
591571_current;591571;591571;cross_sectional;1;1;1;0;365;1;0.9178082191780822;32.70960821917809;0.06676576654645806;245;12.171999999999999;10.684931506849315;26.84931506849315;2.4657534246575343;2.4657534246575343;13.150684931506849;0.273972602739726;32.602739726027394;20.273972602739725;48.21917808219178;0.3780821917808219;20.54794520547945;27.945205479452056;1.0;0.3714194663411475;0.6364818661309675;0.5724305386553726;0.5345936990725619
593829_current;593829;593829;cross_sectional;1;0;1;1;58;1;1.0;64.6123448275862;1.5733435465338952;58;1.244;0.0;0.0;0.0;0.0;0.0;0.0;0.0;0.0;0.0;0.0;0.0;0.0;0.0;;;0.5030502871768927;1.0090212765957447
594379_current;594379;594379;cross_sectional;1;0;0;0;99;1;0.98989898989899;48.4149494949495;0.10583040900085872;99;7.8919999999999995;0.0;17.17171717171717;0.0;0.0;0.0;0.0;20.2020202020202;0.0;20.2020202020202;0.20202020202020202;0.0;0.0;0.0;;0.41350871507920933;0.4457213315863704;0.4926120505887721
595687_current;595687;595687;cross_sectional;1;0;1;0;365;1;0.9643835616438357;18.434139726027396;0.10578493789484893;245;5.096;0.0;0.0;0.0;0.0;0.0;0.0;0.0;0.0;0.0;0.0;0.0;3.0136986301369864;1.0;0.2630133100095588;0.7286611784493258;0.6437079448672814;0.2537363250894056
688436_pre_install;688436;688436;augmented_before;0;0;0;0;289;0;0.0;0.0;1.4641474063164786;213;4.683999999999999;0.0;0.0;0.0;0.0;0.0;0.0;0.0;0.0;0.0;0.0;0.0;0.0;0.0;;;;1.0788649347079038
688436_current;688436;688436;cross_sectional;1;0;0;0;66;1;0.9393939393939394;762.0287575757576;2.0693062572192695;66;5.28;0.0;0.0;0.0;0.0;1.5151515151515151;0.0;0.0;0.0;1.5151515151515151;0.015151515151515152;0.0;0.0;0.0;;;0.4514178837361144;0.5812503817815308
689836_current;689836;689836;cross_sectional;1;0;0;0;364;1;0.9862637362637363;65.9206868131868;0.00992102462693054;244;9.6;0.27472527472527475;5.21978021978022;0.0;0.0;9.340659340659341;0.5494505494505495;10.989010989010989;7.967032967032967;20.32967032967033;0.18956043956043955;8.516483516483516;9.340659340659341;1.5;0.4854430530121812;0.5041196557518234;0.504069710451552;0.18219067292195204
690299_current;690299;690299;cross_sectional;1;0;0;0;363;1;0.6115702479338843;12.103121212121213;1.0429513126091865;244;6.719999999999999;0.0;1.6528925619834711;0.0;0.0;3.0303030303030303;0.27548209366391185;3.3057851239669422;0.0;6.336088154269972;0.05234159779614325;0.27548209366391185;7.988980716253444;1.5;0.4739555649445349;0.5474025055229154;0.5492521386661375;1.3319623058456023
691339_current;691339;691339;cross_sectional;1;0;1;0;364;1;0.9835164835164835;40.8518434065934;0.23737583029321657;244;7.056;0.0;0.5494505494505495;0.0;0.0;0.0;0.0;0.0;0.0;0.0;0.0;0.0;0.0;0.0;;0.6918548581124202;0.6895143617477428;1.7866359803143086
692112_current;692112;692112;cross_sectional;1;0;1;0;364;1;0.5604395604395604;6.7728681318681305;1.2768867509986854;245;5.5360000000000005;0.0;0.0;0.0;0.0;0.27472527472527475;0.0;0.0;0.0;0.27472527472527475;0.0027472527472527475;0.0;14.285714285714286;1.25;0.20067495928449983;0.517623724033208;0.4780815647749057;1.2151399866524772
692126_current;692126;692126;cross_sectional;1;0;1;0;364;1;0.9532967032967034;9.579307692307692;0.2417615402757231;245;9.452;0.27472527472527475;0.5494505494505495;0.0;0.0;0.0;0.0;0.5494505494505495;0.0;0.5494505494505495;0.005494505494505495;0.0;0.0;0.0;;0.541592261972933;0.5010205486139948;0.8062242012154763
692320_current;692320;692320;cross_sectional;1;0;1;0;364;1;0.7884615384615384;7.911695054945055;0.3012920745924539;245;7.859999999999999;0.0;0.27472527472527475;0.0;0.0;0.0;0.0;0.27472527472527475;0.0;0.27472527472527475;0.0027472527472527475;0.0;0.8241758241758241;1.0;0.15117064312113246;0.8980922039342516;0.8468737323579191;0.5254717509123202
692466_current;692466;692466;cross_sectional;1;0;1;0;364;1;0.7857142857142857;20.259491758241758;0.3466118736353628;245;8.024;0.0;1.6483516483516485;0.0;0.0;0.8241758241758241;0.0;1.3736263736263736;0.0;2.197802197802198;0.02197802197802198;0.0;16.208791208791208;1.75;0.510686020519314;0.37870305921015096;0.36142346240065804;1.0715235671252297
692550_current;692550;692550;cross_sectional;1;0;0;0;364;1;0.8846153846153846;18.864203296703295;0.14087637371394973;245;8.835999999999999;0.0;6.043956043956044;0.0;0.0;3.5714285714285716;0.0;6.043956043956044;0.0;9.615384615384615;0.09340659340659341;0.0;3.8461538461538463;1.5;0.452722982644679;0.889165440896007;0.815730522950258;0.43824546008323717
692590_current;692590;692590;cross_sectional;0;0;1;0;365;1;0.9835616438356164;14.63633698630137;0.3681885770633442;245;11.648;1.095890410958904;2.4657534246575343;0.0;0.0;16.164383561643834;0.0;14.794520547945206;1.643835616438356;30.958904109589042;0.23835616438356164;1.643835616438356;0.547945205479452;1.0;;0.4608445614152668;0.4212146816014883;0.791834877762613
692712_current;692712;692712;cross_sectional;1;0;0;0;363;1;0.8980716253443526;23.5293305785124;0.05124013215814845;244;3.8760000000000003;0.0;0.0;0.0;0.0;0.0;0.0;0.0;0.0;0.0;0.0;0.0;0.0;0.0;;0.38625910188211593;0.38576845943527777;0.98540851937584
692971_pre_install;692971;692971;augmented_before;0;0;0;0;97;0;0.0;0.0;0.27567430751407307;97;15.351999999999999;10.309278350515463;14.432989690721648;0.0;0.0;40.20618556701031;0.0;14.43298969072165;10.309278350515465;54.63917525773196;0.4536082474226804;10.309278350515465;9.278350515463918;1.25;0.24042568518785784;;;0.30598769877318255
692971_current;692971;692971;cross_sectional;0;0;0;1;365;0;0.0;0.0;1.2700154193006017;245;9.02;0.273972602739726;29.589041095890412;0.0;0.0;0.273972602739726;0.0;4.383561643835616;0.0;4.657534246575342;0.04657534246575343;0.0;2.4657534246575343;1.0;0.3259300346454776;;;1.5600590715404719
693106_current;693106;693106;cross_sectional;1;0;1;1;365;1;0.7452054794520548;27.132624657534244;1.9234110956291626;245;21.451999999999998;23.013698630136986;37.534246575342465;0.0;0.0;15.89041095890411;0.0;116.98630136986301;11.232876712328768;132.87671232876713;0.37534246575342467;11.232876712328768;15.616438356164384;1.0;0.3004255112124478;0.6772902620061221;0.5672929549814519;0.5362953347387024
694066_current;694066;694066;cross_sectional;1;1;1;0;346;1;0.8063583815028902;19.53486416184971;0.19316742952912874;226;5.948;0.0;0.2890173410404624;0.28901734104046245;0.28901734104046245;13.872832369942197;1.7341040462427746;0.8670520231213873;0.28901734104046245;15.028901734104046;0.12716763005780346;2.023121387283237;10.982658959537572;2.25;0.6778641112615982;0.4877234423998926;0.4381771860057129;0.7432839879527505
694569_current;694569;694569;cross_sectional;1;0;1;0;364;1;0.760989010989011;26.40464285714286;0.15687216542616955;245;13.82;8.791208791208792;47.527472527472526;0.0;0.0;32.69230769230769;7.417582417582418;55.76923076923077;7.142857142857143;88.46153846153847;0.5769230769230769;14.56043956043956;51.37362637362637;1.625;1.0075663735480014;0.7533253055531971;0.6920639715742023;0.6175845116405726
694753_current;694753;694753;cross_sectional;0;1;1;0;256;1;0.9453125;21.642921875000003;0.726835536355901;153;7.82;0.0;4.296875;0.0;0.0;2.34375;0.0;2.34375;1.171875;4.6875;0.03515625;1.171875;20.3125;1.0;0.13499825666723259;0.8195173919524407;0.6642094859110228;0.3315867986155121
695851_current;695851;695851;cross_sectional;1;0;1;0;365;1;0.8356164383561644;23.90284931506849;0.11569698752569264;245;6.572;0.0;1.36986301369863;0.547945205479452;0.547945205479452;7.123287671232877;1.095890410958904;0.273972602739726;0.0;7.945205479452055;0.07397260273972603;1.095890410958904;35.06849315068493;1.5;0.6820238392284989;0.7757655478077163;0.6506547978315731;0.6467374605665069
696780_current;696780;696780;cross_sectional;1;1;1;0;364;1;0.9587912087912088;27.2663543956044;0.07261000793735135;244;14.548;5.21978021978022;20.604395604395602;0.0;0.0;6.043956043956044;0.8241758241758241;23.35164835164835;12.912087912087912;29.395604395604394;0.25824175824175827;13.736263736263735;43.40659340659341;1.25;0.6218978240809452;0.44681394001559926;0.4519833270549337;0.8598538986908362
696935_current;696935;696935;cross_sectional;1;0;1;1;363;1;0.8898071625344353;48.82183746556474;0.5212709254273743;245;14.756;11.019283746556475;77.96143250688705;0.0;0.0;7.162534435261708;0.27548209366391185;88.98071625344353;52.34159779614325;96.14325068870524;0.7465564738292011;52.617079889807165;5.785123966942149;1.25;0.3905302940753645;0.5055665186875785;0.48540924684874076;0.6800213862504939
697434_current;697434;697434;cross_sectional;1;0;1;0;365;1;0.9753424657534246;22.25222739726027;0.17647687604411308;245;7.6;0.0;3.287671232876712;0.0;0.0;4.383561643835616;0.273972602739726;1.643835616438356;0.0;6.027397260273973;0.049315068493150684;0.273972602739726;22.73972602739726;1.5;0.3982532421113216;0.3634444342145513;0.3182118014845658;0.6651504187799935
697435_current;697435;697435;cross_sectional;1;1;1;0;364;1;0.989010989010989;19.32428846153846;0.12239644289319461;245;4.760000000000001;0.0;0.0;0.0;0.0;0.0;0.0;0.0;0.0;0.0;0.0;0.0;0.8241758241758241;2.375;0.748450753565523;0.7539897727522689;0.5780462166081775;0.30132893864069965
698970_current;698970;698970;cross_sectional;1;0;1;0;365;1;0.9835616438356164;8.440772602739726;0.2998160967890038;245;4.096;0.0;0.0;0.0;0.0;0.273972602739726;0.0;0.0;0.0;0.273972602739726;0.0027397260273972603;0.0;15.068493150684931;1.25;0.5027682265306186;0.8624100641092646;0.7757840244913308;0.4367253525906418
699307_current;699307;699307;cross_sectional;0;0;0;1;365;0;0.0;0.0;0.5248371758363113;245;14.783999999999999;9.58904109589041;24.383561643835616;0.0;0.0;3.0136986301369864;0.0;30.958904109589042;20.82191780821918;33.97260273972603;0.273972602739726;20.82191780821918;46.84931506849315;1.0;0.41218792861910036;;;0.8031722303817694
700296_current;700296;700296;cross_sectional;1;0;1;1;365;1;0.9945205479452055;11.792958904109588;0.9034792614906512;245;2.752;0.0;0.0;0.0;0.0;0.0;0.0;0.0;0.0;0.0;0.0;0.0;0.0;0.0;;0.6037448159992005;0.5413201843010834;0.7937582754281336
700623_current;700623;700623;cross_sectional;1;0;0;0;362;1;0.9861878453038674;59.93414917127072;0.047815207495697405;242;4.888;0.0;0.0;0.5524861878453039;0.5524861878453039;12.707182320441989;1.1049723756906078;0.0;0.0;13.259668508287293;0.10773480662983426;1.1049723756906078;60.773480662983424;2.375;0.5669780657782074;0.4063396357680685;0.4141137777607692;0.8340011503883217
700810_current;700810;700810;cross_sectional;1;0;1;1;58;1;1.0;28.113586206896557;0.19531750595580386;58;1.252;0.0;0.0;0.0;0.0;0.0;0.0;0.0;0.0;0.0;0.0;0.0;0.0;0.0;;;0.7521066020355848;0.4724313470737613
701696_current;701696;701696;cross_sectional;1;0;0;0;364;1;0.9917582417582418;117.50081043956044;0.012378571532186706;245;5.692;0.0;0.0;0.0;0.0;4.670329670329671;0.0;0.8241758241758241;0.0;5.4945054945054945;0.04395604395604396;0.0;19.78021978021978;1.25;0.5680648594185428;0.46209424444988534;0.4629113404870437;0.9579930329813714
702016_current;702016;702016;cross_sectional;1;0;0;0;361;1;0.961218836565097;23.227379501385037;0.11976693376990574;242;8.912;0.0;11.911357340720222;0.0;0.0;20.221606648199447;0.0;12.465373961218837;0.0;32.686980609418285;0.2299168975069252;0.0;6.925207756232687;1.25;0.7925736459928118;0.48433168877277466;0.45417625654768345;0.7244024568121522
702339_current;702339;702339;cross_sectional;0;0;0;1;364;0;0.0;0.0;2.689479426272565;245;6.16;0.0;0.27472527472527475;0.0;0.0;3.2967032967032965;0.0;0.0;0.0;3.2967032967032965;0.03296703296703297;0.0;0.5494505494505495;3.75;;;;1.4194833434239778
703035_pre_install;703035;703035;augmented_before;0;0;0;0;203;0;0.0;0.0;1.6295082331915711;145;3.74;0.0;0.0;0.49261083743842365;0.49261083743842365;0.0;0.0;0.0;0.0;0.49261083743842365;0.0049261083743842365;0.0;0.0;0.0;;;;1.7091318163447666
703035_current;703035;703035;cross_sectional;0;0;0;1;365;0;0.0;0.0;1.8637369438964677;245;9.14;0.273972602739726;3.8356164383561646;0.821917808219178;0.821917808219178;26.027397260273972;8.493150684931507;7.123287671232877;0.273972602739726;33.97260273972603;0.3178082191780822;8.767123287671232;1.643835616438356;1.0;0.7039840534525487;;;1.573706796193967
703359_current;703359;703359;cross_sectional;1;0;0;0;84;1;1.0;39.33865476190476;0.06717597597137555;84;2.6679999999999997;0.0;0.0;0.0;0.0;0.0;0.0;0.0;0.0;0.0;0.0;0.0;0.0;0.0;;;0.43577821039344855;0.8932560235696124
703415_current;703415;703415;cross_sectional;1;0;1;0;365;0;0.0;0.0;3.8250096786682155;245;5.848;0.0;0.273972602739726;0.0;0.0;0.0;0.0;0.0;0.0;0.0;0.0;0.0;0.273972602739726;1.25;;;;3.842482467572768
704806_current;704806;704806;cross_sectional;1;0;0;0;336;1;1.0;30.280434523809525;0.09423195558297348;216;3.9360000000000004;0.0;0.0;0.0;0.0;0.0;0.0;0.0;0.0;0.0;0.0;0.0;1.1904761904761905;4.75;0.625276527455476;0.35139928337363746;0.34911539707238776;0.8080195916349282
705057_current;705057;705057;cross_sectional;1;0;0;0;358;1;0.952513966480447;153.98487430167597;0.1638569421031459;238;8.3;0.0;1.675977653631285;0.5586592178770949;0.5586592178770949;13.966480446927374;1.1173184357541899;1.3966480446927374;0.0;15.921787709497206;0.1452513966480447;1.1173184357541899;1.3966480446927374;2.5;0.36868421697182496;0.3547045029412409;0.3633549903312912;1.0207404007281393
705536_current;705536;705536;cross_sectional;1;1;1;0;365;1;0.9424657534246575;43.561167123287674;0.051776217037599846;245;12.224;1.095890410958904;11.78082191780822;0.821917808219178;0.821917808219178;6.575342465753424;1.095890410958904;15.068493150684931;2.191780821917808;22.465753424657535;0.19452054794520549;3.287671232876712;52.87671232876713;1.5;1.6985055101079742;0.4409750084852528;0.4232940064234201;0.31462512808165866
706277_current;706277;706277;cross_sectional;1;0;1;0;331;1;0.9425981873111783;2.9818338368580064;0.23686901839511174;211;7.448;0.0;3.3232628398791544;0.0;0.0;0.3021148036253776;0.3021148036253776;0.3021148036253776;0.0;0.6042296072507553;0.006042296072507553;0.3021148036253776;0.0;0.0;;0.7908710132491745;0.6357508021602689;0.6318518062963239
706335_current;706335;706335;cross_sectional;1;0;1;0;355;1;0.9549295774647887;14.097602816901407;0.25531706233215984;243;6.072;0.0;0.28169014084507044;0.0;0.0;34.647887323943664;1.971830985915493;0.28169014084507044;0.0;34.929577464788736;0.28732394366197184;1.971830985915493;6.47887323943662;1.75;0.4333527412579785;0.7150203727161698;0.5842175561436548;1.8035222002400026
706538_current;706538;706538;cross_sectional;0;0;0;1;365;1;0.673972602739726;0.41157260273972607;0.4184873600199566;245;7.1080000000000005;0.0;1.36986301369863;0.0;0.0;7.123287671232877;0.0;0.0;0.0;7.123287671232877;0.049315068493150684;0.0;52.602739726027394;1.0;0.35028905720860937;0.4229303567677859;0.45328853145312326;1.002013250031582
707268_current;707268;707268;cross_sectional;1;1;1;1;364;1;0.9835164835164835;18.082651098901096;1.4070758930067233;245;9.988;1.6483516483516485;7.6923076923076925;0.0;0.0;1.3736263736263736;0.0;8.516483516483516;6.043956043956044;9.89010989010989;0.09615384615384616;6.043956043956044;0.0;0.0;;0.44376825188790087;0.39234548853953194;2.0661322920819982
707738_current;707738;707738;cross_sectional;1;0;0;0;355;1;0.8619718309859155;20.587169014084505;0.3943483718072163;241;26.828;71.54929577464789;93.80281690140845;0.0;0.0;15.211267605633802;0.5633802816901409;101.12676056338029;16.338028169014084;116.33802816901408;0.9323943661971831;16.901408450704224;56.901408450704224;2.0;0.4323859949811187;0.5297169699956618;0.515047755394709;1.4461436032716044
708813_current;708813;708813;cross_sectional;1;0;1;0;365;1;0.9863013698630136;15.660471232876713;0.1449826929432433;245;2.5519999999999996;0.0;0.0;0.0;0.0;0.0;0.0;0.0;0.0;0.0;0.0;0.0;0.0;0.0;;0.5099987077256819;0.46264530881064864;0.49600315410773255
708823_current;708823;708823;cross_sectional;1;0;1;0;364;1;0.5659340659340659;8.340986263736264;1.081916523439642;244;9.776;0.5494505494505495;2.4725274725274726;0.0;0.0;65.10989010989012;0.8241758241758241;2.7472527472527473;0.5494505494505495;67.85714285714286;0.40934065934065933;1.3736263736263736;24.725274725274726;1.25;0.215252158837055;0.6257728356277656;0.5612482292355481;0.7511160704626312
709084_current;709084;709084;cross_sectional;0;0;0;1;364;0;0.0;0.0;0.09711446752789318;245;18.408;69.5054945054945;74.72527472527473;0.0;0.0;0.0;0.0;116.20879120879121;60.714285714285715;116.20879120879121;0.728021978021978;60.714285714285715;0.0;0.0;;;;0.49039839941830016
709341_current;709341;709341;cross_sectional;1;1;1;1;200;1;0.845;13.23693;0.21329758954399436;153;6.215999999999999;0.0;0.5;0.0;0.0;4.0;0.0;0.5;0.0;4.5;0.045;0.0;20.0;1.25;1.1257347526656474;0.7041042131703155;0.5153208178617236;0.5645890796118234
709624_pre_install;709624;709624;augmented_before;0;0;0;0;129;0;0.0;0.0;0.7223648227924944;111;8.100000000000001;0.0;0.7751937984496124;2.3255813953488373;2.3255813953488373;26.356589147286822;1.550387596899225;3.875968992248062;0.0;32.55813953488372;0.29457364341085274;1.550387596899225;6.2015503875969;1.125;0.9037368719330556;;;1.0001415551942285
709624_current;709624;709624;cross_sectional;1;0;0;0;363;1;0.9035812672176309;17.61922314049587;0.4699700782686049;243;14.208;15.702479338842975;40.22038567493113;0.27548209366391185;0.27548209366391185;53.16804407713499;6.887052341597796;55.09641873278237;34.15977961432507;108.53994490358127;0.6666666666666666;41.04683195592286;25.895316804407713;1.25;0.6831239567070134;0.5781841671247939;0.5324791929283994;1.8135899201532664
710494_current;710494;710494;cross_sectional;1;0;1;1;155;1;1.0;33.281477419354836;0.045916369593301753;153;3.9999999999999996;0.0;0.0;0.0;0.0;1.935483870967742;0.0;0.0;0.0;1.935483870967742;0.01935483870967742;0.0;41.935483870967744;1.25;0.28165968316633533;0.6602166934312035;0.6259767309571619;0.16840867913955732
710570_current;710570;710570;cross_sectional;1;0;1;0;104;0;0.0;0.0;0.8646439426254714;104;4.640000000000001;0.0;0.0;0.0;0.0;0.0;0.0;0.0;0.0;0.0;0.0;0.0;0.9615384615384616;2.0;;;;1.9122363536330662
710897_current;710897;710897;cross_sectional;1;0;0;0;174;1;1.0;38.69076436781609;0.04830944969479421;151;3.236;0.0;0.0;0.5747126436781609;0.5747126436781609;0.0;0.0;0.0;0.0;0.5747126436781609;0.005747126436781609;0.0;8.045977011494253;2.0;0.18454024049159118;0.40611083017335464;0.4277256263611922;0.9159277543121372
711145_current;711145;711145;cross_sectional;1;1;1;0;365;1;0.9726027397260274;28.96893698630137;0.09661719347137061;245;5.66;0.0;0.0;0.0;0.0;5.7534246575342465;0.0;0.0;0.0;5.7534246575342465;0.043835616438356165;0.0;34.52054794520548;1.0;0.20389084502031202;0.6422591381908409;0.5348881040279622;0.17795745211803604
711259_current;711259;711259;cross_sectional;1;0;0;0;365;1;0.9616438356164384;12.748213698630137;0.5138358066774553;245;3.776;0.0;0.0;0.0;0.0;0.0;0.0;0.0;0.0;0.0;0.0;0.0;0.0;0.0;;0.4698325233149591;0.46717781743217945;1.9574671291441474
711464_current;711464;711464;cross_sectional;0;0;0;1;364;0;0.0;0.0;0.8831737764560953;245;6.168;0.0;0.27472527472527475;0.0;0.0;0.0;0.0;0.27472527472527475;0.0;0.27472527472527475;0.0027472527472527475;0.0;0.5494505494505495;2.0;;;;1.3734863074541912
712273_current;712273;712273;cross_sectional;1;0;1;0;284;1;0.7112676056338029;8.837024647887322;2.7482807952247046;164;11.963999999999999;1.7605633802816902;7.394366197183098;0.0;0.0;3.1690140845070425;0.0;10.915492957746478;8.098591549295774;14.084507042253522;0.13028169014084506;8.098591549295774;0.704225352112676;2.0;;0.8195463818026277;0.6740115888838828;3.924649107089529
712641_current;712641;712641;cross_sectional;1;0;1;1;266;1;0.981203007518797;14.783;0.248221016875884;152;5.712;0.0;0.0;0.0;0.0;8.270676691729323;0.0;0.0;0.0;8.270676691729323;0.05263157894736842;0.0;34.58646616541353;1.25;0.23251442960908408;0.7581573020895692;0.6750489861697995;0.31570164072053
713405_current;713405;713405;cross_sectional;0;1;1;1;183;1;0.6994535519125683;2.7646612021857924;0.47297858598498244;153;12.796;3.278688524590164;19.672131147540984;0.0;0.0;3.8251366120218577;0.0;21.85792349726776;0.0;25.683060109289617;0.19672131147540983;0.0;42.076502732240435;2.5;0.3954809828993766;0.9329752362905629;0.871750762614392;0.7347958014104082
713578_current;713578;713578;cross_sectional;1;0;1;0;364;1;0.8791208791208791;41.746837912087905;0.07638504790264153;244;5.916;0.0;0.27472527472527475;1.9230769230769231;1.9230769230769231;0.0;0.0;0.0;0.0;1.9230769230769231;0.019230769230769232;0.0;2.197802197802198;1.5;1.0369431508676283;0.4765615409681091;0.44855982949013934;0.26229529512929856
713894_current;713894;713894;cross_sectional;1;1;0;0;365;0;0.0;0.0;0.8738893256151884;245;2.1439999999999997;0.0;0.0;0.0;0.0;0.0;0.0;0.0;0.0;0.0;0.0;0.0;0.0;0.0;;;;1.3212706353176589
714489_current;714489;714489;cross_sectional;1;0;1;1;230;1;0.9565217391304348;16.938647826086957;0.23068466377572835;132;5.704;0.0;0.0;0.0;0.0;0.43478260869565216;0.0;0.0;0.0;0.43478260869565216;0.004347826086956522;0.0;11.73913043478261;1.0;0.21029288092542517;0.41494702210834766;0.3880034497992455;0.5438545270135655
714588_current;714588;714588;cross_sectional;1;1;1;0;337;1;0.9584569732937686;12.25879821958457;0.16420498132771233;217;6.984;0.0;0.5934718100890208;0.0;0.0;11.869436201780415;0.8902077151335311;0.8902077151335311;0.29673590504451036;12.759643916913946;0.08902077151335312;1.1869436201780414;25.816023738872403;1.0;0.2840801906079947;0.7489391588429384;0.6186709101147327;0.37154876836985523
714621_current;714621;714621;cross_sectional;1;0;1;0;365;1;0.6931506849315069;5.146616438356164;0.260503841180328;245;7.204;0.0;1.643835616438356;0.273972602739726;0.273972602739726;1.643835616438356;0.547945205479452;3.835616438356164;3.0136986301369864;5.7534246575342465;0.0547945205479452;3.5616438356164384;5.47945205479452;2.625;0.4282668018428652;0.6956173332759873;0.6517598620093026;0.6259012428059053
714976_current;714976;714976;cross_sectional;1;0;0;1;362;1;0.7403314917127072;12.161958563535912;0.9265649562987186;243;9.315999999999999;0.2762430939226519;10.773480662983426;0.0;0.0;3.0386740331491713;1.1049723756906078;8.011049723756907;1.1049723756906078;11.049723756906078;0.10773480662983426;2.2099447513812156;3.867403314917127;1.5;0.44954744971250227;0.4178717399693944;0.39616469936238075;1.1974025430799524
715586_current;715586;715586;cross_sectional;1;0;1;0;363;0;0.0;0.0;1.3105569711456289;244;5.792000000000001;0.0;0.0;0.0;0.0;0.0;0.0;0.8264462809917356;0.0;0.8264462809917356;0.008264462809917356;0.0;23.415977961432507;1.75;0.21494440329828185;;;1.1155699376000885
716143_current;716143;716143;cross_sectional;1;0;0;0;365;1;0.9643835616438357;9.811772602739724;0.5466016375513582;245;5.04;0.0;0.0;0.0;0.0;4.657534246575342;2.73972602739726;0.0;0.0;4.657534246575342;0.04657534246575343;2.73972602739726;0.0;0.0;;0.36822569816882605;0.37974008828349487;1.7766906832092504
716671_current;716671;716671;cross_sectional;1;0;1;1;364;1;0.9285714285714286;15.233744505494506;0.08470043586995646;245;7.892;0.0;1.9230769230769231;0.0;0.0;19.78021978021978;0.8241758241758241;3.2967032967032965;0.0;23.076923076923077;0.1346153846153846;0.8241758241758241;54.94505494505494;1.75;0.3900189112003116;0.6390803264220017;0.5700574906202143;0.34537270526205954
716735_current;716735;716735;cross_sectional;1;0;1;0;365;1;0.9534246575342465;9.638953424657533;0.36216639984414833;245;10.66;1.643835616438356;3.5616438356164384;0.0;0.0;2.73972602739726;0.821917808219178;4.931506849315069;4.109589041095891;7.671232876712328;0.07397260273972603;4.931506849315069;6.8493150684931505;1.25;1.0390680833931694;0.6478407517168548;0.5708593959051887;1.003575744211687
716968_current;716968;716968;cross_sectional;1;0;0;1;176;1;1.0;12.85484090909091;0.4148476204234014;153;6.516;0.0;1.1363636363636365;0.0;0.0;2.272727272727273;0.0;0.0;0.0;2.272727272727273;0.022727272727272728;0.0;1.7045454545454546;1.0;0.046389265554927624;0.6296602243460545;0.6101905007792784;1.1800231169740094
717438_current;717438;717438;cross_sectional;1;0;1;0;365;1;0.9945205479452055;23.051002739726034;0.5450386165731991;245;9.815999999999999;0.273972602739726;1.095890410958904;0.0;0.0;2.73972602739726;0.0;1.095890410958904;0.0;3.835616438356164;0.03287671232876712;0.0;9.315068493150685;1.0;0.17040899096786252;0.6639769652582461;0.5700424409056961;0.28552261658713407
717797_current;717797;717797;cross_sectional;1;0;1;0;360;1;0.9916666666666667;19.622777777777777;0.12060833501134065;240;6.016;0.0;0.5555555555555556;0.0;0.0;3.0555555555555554;0.0;0.2777777777777778;0.0;3.3333333333333335;0.03333333333333333;0.0;27.77777777777778;1.0;0.23114587846327508;0.7418256154482913;0.6902437608376476;0.19321289718166912
717974_current;717974;717974;cross_sectional;1;1;1;0;357;1;0.9467787114845938;21.073806722689078;0.052183844863821355;239;10.267999999999999;0.8403361344537815;21.568627450980394;0.0;0.0;4.201680672268908;0.0;2.5210084033613445;0.0;6.722689075630252;0.06442577030812324;0.0;11.204481792717086;1.25;0.5532747679844766;0.5807427985971549;0.536651859178251;0.3881725945488008
718040_current;718040;718040;cross_sectional;1;0;1;0;54;1;0.7962962962962963;34.570314814814814;2.3007769674436345;54;2.6;0.0;0.0;0.0;0.0;0.0;0.0;0.0;0.0;0.0;0.0;0.0;0.0;0.0;;;0.564580937295271;2.092990099009901
718645_current;718645;718645;cross_sectional;1;0;1;0;364;1;0.7774725274725275;20.849123626373625;0.3212643738076126;244;3.8400000000000003;0.0;0.0;0.0;0.0;0.27472527472527475;0.0;0.0;0.0;0.27472527472527475;0.0027472527472527475;0.0;0.27472527472527475;4.25;;0.5087805007458741;0.4765155904835931;1.051347852824238
718990_current;718990;718990;cross_sectional;1;1;1;1;364;1;0.9862637362637363;16.638101648351647;0.1770473419116581;245;13.336;6.868131868131869;23.076923076923077;0.0;0.0;2.7472527472527473;0.5494505494505495;24.45054945054945;1.6483516483516483;27.197802197802197;0.23901098901098902;2.197802197802198;6.868131868131868;1.25;0.5775913140823226;0.6778733624486709;0.570510680727635;0.872102107145327
719301_current;719301;719301;cross_sectional;1;0;1;0;365;1;0.9424657534246575;36.41824931506849;0.23940680528843244;245;5.984;0.0;0.273972602739726;0.0;0.0;3.0136986301369864;0.0;0.821917808219178;0.0;3.835616438356164;0.03287671232876712;0.0;10.41095890410959;1.625;0.24344779033731836;0.632833870150723;0.5932801990248732;0.423799947354567
719912_current;719912;719912;cross_sectional;1;0;1;0;365;1;0.9205479452054794;19.178523287671233;0.05765417720080676;245;6.716;0.0;0.273972602739726;0.0;0.0;0.273972602739726;0.0;0.0;0.0;0.273972602739726;0.0027397260273972603;0.0;15.342465753424657;1.0;0.25041944975962377;0.5017052838482939;0.4567857683102699;0.1667113451412159
720022_current;720022;720022;cross_sectional;1;0;1;1;365;1;0.9863013698630136;41.64838356164384;0.09367859833319542;245;8.912;0.0;2.4657534246575343;0.273972602739726;0.273972602739726;1.643835616438356;0.0;2.191780821917808;1.36986301369863;4.109589041095891;0.038356164383561646;1.36986301369863;6.301369863013699;1.25;0.39296366824222856;0.5666934536632434;0.5086433651009599;0.24012102874432684
720199_current;720199;720199;cross_sectional;1;0;1;0;365;0;0.0;0.0;1.3729183230090942;245;2.0;0.0;0.0;0.0;0.0;0.0;0.0;0.0;0.0;0.0;0.0;0.0;0.0;0.0;;;;1.2685908157495314
720260_current;720260;720260;cross_sectional;1;0;1;0;87;1;1.0;27.228528735632178;0.21739825113713268;87;5.18;0.0;0.0;0.0;0.0;11.494252873563218;1.1494252873563218;0.0;0.0;11.494252873563218;0.11494252873563218;1.1494252873563218;6.896551724137931;2.75;0.18208973045532084;0.47559587213790805;0.4822861586182849;1.7305567638912132
720480_current;720480;720480;cross_sectional;1;1;0;0;106;1;1.0;29.750556603773585;0.3790481468736963;106;2.164;0.0;0.0;0.0;0.0;0.0;0.0;0.0;0.0;0.0;0.0;0.0;0.0;0.0;;0.5224765007031723;0.47959813023951675;0.6244786104856866
720808_current;720808;720808;cross_sectional;1;0;0;0;238;1;0.9705882352941176;38.86952941176471;0.08501396957205846;153;5.116;0.0;0.0;1.2605042016806722;1.2605042016806722;2.9411764705882355;0.0;0.0;0.0;4.201680672268908;0.04201680672268908;0.0;32.35294117647059;1.25;0.7725971433053096;0.4184208355389342;0.4209331300606492;0.7089177385294682
720967_current;720967;720967;cross_sectional;1;0;1;1;362;1;0.8038674033149171;22.05124861878453;0.18730183633115557;243;7.1080000000000005;0.0;0.8287292817679558;0.0;0.0;3.314917127071823;0.0;0.8287292817679558;0.0;4.143646408839779;0.03591160220994475;0.0;44.751381215469614;1.0;0.30400409708792636;0.3859842231482788;0.37256460352263304;0.399668926831384
721906_current;721906;721906;cross_sectional;0;0;0;1;360;0;0.0;0.0;1.5501235667463276;240;5.676;0.0;0.0;0.0;0.0;0.5555555555555556;0.0;0.0;0.0;0.5555555555555556;0.005555555555555556;0.0;6.111111111111111;1.5;0.4793253899401261;;;1.12336381232063
722764_current;722764;722764;cross_sectional;1;0;1;0;365;1;0.9068493150684932;7.366871232876712;0.12509059344343487;245;4.732;0.0;0.0;1.36986301369863;1.36986301369863;1.095890410958904;0.821917808219178;0.0;0.0;2.4657534246575343;0.024657534246575342;0.821917808219178;13.424657534246576;3.0;0.8724680103250352;0.9123151833767158;0.8231849797052896;0.7896929804372841
722853_current;722853;722853;cross_sectional;1;1;1;0;184;1;0.967391304347826;21.05970652173913;0.05699858014395891;153;7.16;0.0;6.521739130434782;0.5434782608695652;0.5434782608695652;19.565217391304348;3.260869565217391;4.891304347826087;0.5434782608695652;25.0;0.21739130434782608;3.8043478260869565;40.21739130434783;2.5;0.8365517623527261;0.8002228838792003;0.7821672007731827;0.26294451860929263
722929_current;722929;722929;cross_sectional;1;0;1;0;365;1;0.8684931506849315;25.47180821917808;0.02611634204728384;245;11.488;3.8356164383561646;50.41095890410959;0.0;0.0;0.821917808219178;0.0;74.52054794520548;37.26027397260274;75.34246575342466;0.6082191780821918;37.26027397260274;5.7534246575342465;1.5;1.0822379290489264;0.6194779963573815;0.5690817813097636;0.5656071343382347
722955_current;722955;722955;cross_sectional;1;0;1;0;365;1;0.9753424657534246;12.79035616438356;0.6755234054392433;245;5.144;0.0;0.0;0.0;0.0;5.7534246575342465;0.0;0.0;0.0;5.7534246575342465;0.0547945205479452;0.0;0.547945205479452;1.5;;0.7797986078151138;0.7653852002443384;1.6160268643269584
723437_current;723437;723437;cross_sectional;1;0;1;1;365;1;0.9835616438356164;26.439465753424653;0.19460230540919862;245;8.88;0.0;4.657534246575342;0.0;0.0;29.041095890410958;0.547945205479452;4.657534246575342;0.0;33.6986301369863;0.16986301369863013;0.547945205479452;46.84931506849315;1.25;0.32909051447754595;0.6997870863243968;0.595763935992997;0.3167119898155347
723468_current;723468;723468;cross_sectional;0;1;0;1;365;1;0.989041095890411;15.445153424657533;0.38909802041498653;245;7.728000000000001;0.0;2.191780821917808;0.273972602739726;0.273972602739726;4.109589041095891;2.4657534246575343;2.73972602739726;1.917808219178082;7.123287671232877;0.07123287671232877;4.383561643835616;6.575342465753424;1.625;0.8590021389507029;0.6985228511362593;0.6801884119778295;1.0847044994122503
723701_current;723701;723701;cross_sectional;1;1;1;1;106;1;1.0;71.81118867924528;0.7423149241331057;106;1.0959999999999999;0.0;0.0;0.0;0.0;0.0;0.0;0.0;0.0;0.0;0.0;0.0;0.0;0.0;;0.5043040182516848;0.48728452732309296;1.227077396996535
723937_current;723937;723937;cross_sectional;1;0;1;0;365;1;0.9863013698630136;40.86650136986301;0.002317901496266594;245;21.62;38.63013698630137;59.178082191780824;0.0;0.0;1.095890410958904;0.0;70.41095890410959;47.67123287671233;71.5068493150685;0.5945205479452055;47.67123287671233;3.835616438356164;1.125;0.7034780617464921;0.5765409438460907;0.5372284784609435;0.0035880564766331536
723966_current;723966;723966;cross_sectional;1;0;1;0;93;1;1.0;58.298741935483875;0.36433501023839016;93;0.948;0.0;0.0;0.0;0.0;0.0;0.0;0.0;0.0;0.0;0.0;0.0;0.0;0.0;;0.5581160988188569;0.5098060914647451;0.8672784714908981
724118_current;724118;724118;cross_sectional;1;0;1;0;362;1;0.12154696132596685;0.85589226519337;0.9489899551632867;242;7.755999999999999;0.0;4.972375690607735;0.0;0.0;1.6574585635359116;0.0;14.640883977900552;0.27624309392265195;16.298342541436465;0.14917127071823205;0.27624309392265195;0.27624309392265195;1.25;;;0.3200014201198711;1.1163909430245165
724334_current;724334;724334;cross_sectional;1;0;0;0;365;1;0.9534246575342465;35.09903561643836;0.14762602181285464;245;8.84;0.0;0.821917808219178;0.273972602739726;0.273972602739726;0.821917808219178;0.0;0.821917808219178;0.0;1.917808219178082;0.0136986301369863;0.0;4.383561643835616;1.25;1.0387352379865231;0.5052612857665952;0.49122043238931845;1.047989023783624
724881_current;724881;724881;cross_sectional;1;0;1;1;358;1;0.9581005586592178;25.048293296089387;0.12498223897951961;239;5.828;0.0;0.27932960893854747;0.27932960893854747;0.27932960893854747;0.0;0.0;0.0;0.0;0.27932960893854747;0.002793296089385475;0.0;3.631284916201117;1.25;0.25865721846811635;0.4896647070614433;0.44157690024239465;0.7560803605576345
725159_current;725159;725159;cross_sectional;1;0;0;0;365;0;0.0;0.0;1.830869187351988;245;3.9320000000000004;0.0;0.0;0.0;0.0;0.0;0.0;0.0;0.0;0.0;0.0;0.0;0.0;0.0;;;;1.559354637356673
726547_current;726547;726547;cross_sectional;1;0;0;1;364;0;0.0;0.0;1.098613881239206;245;17.58;15.384615384615385;72.52747252747253;0.0;0.0;13.461538461538462;0.27472527472527475;133.7912087912088;0.0;147.25274725274724;0.8131868131868132;0.27472527472527475;31.318681318681318;1.5;0.4329118835113497;;;1.6435681125123618
727027_current;727027;727027;cross_sectional;1;0;1;0;365;1;0.958904109589041;31.54781095890411;0.06281634302650065;245;5.4239999999999995;0.0;0.0;0.0;0.0;1.917808219178082;0.0;0.821917808219178;0.0;2.73972602739726;0.024657534246575342;0.0;27.123287671232877;1.0;0.5902201399461292;0.5318867834764771;0.4823555486091691;0.16230631273990276
727135_current;727135;727135;cross_sectional;1;0;0;0;129;1;1.0;41.431558139534886;0.04790406158473192;129;3.896;0.0;0.0;0.0;0.0;0.0;0.0;0.0;0.0;0.0;0.0;0.0;0.0;0.0;;0.5357323272306693;0.5455372276422626;0.777970319022965
727137_current;727137;727137;cross_sectional;1;0;0;0;129;1;1.0;43.87068217054263;0.06441670963565145;129;3.516;0.0;0.0;0.0;0.0;0.0;0.0;0.0;0.0;0.0;0.0;0.0;0.7751937984496124;1.0;;0.5266965154649119;0.5259331601440315;0.7171745159203387
727423_current;727423;727423;cross_sectional;1;0;1;1;301;1;0.9867109634551495;17.45536544850498;0.22322196340205588;181;9.2;0.33222591362126247;0.33222591362126247;0.0;0.0;0.0;0.0;0.33222591362126247;0.0;0.33222591362126247;0.0033222591362126247;0.0;29.568106312292358;1.0;0.18981638813374224;0.8477068512796857;0.7131882929155332;0.3977310704960835
727903_current;727903;727903;cross_sectional;1;0;1;0;364;1;0.9642857142857143;38.17585164835165;0.22538115195366137;245;8.048;0.0;7.967032967032966;2.197802197802198;2.197802197802198;2.7472527472527473;0.27472527472527475;9.89010989010989;2.4725274725274726;14.835164835164836;0.1346153846153846;2.7472527472527473;0.5494505494505495;3.875;;0.6955784960555861;0.6388429441409319;0.8939820979390417
729113_current;729113;729113;cross_sectional;0;0;0;1;365;1;0.8849315068493151;13.385408219178082;0.3951282651051421;245;14.996000000000002;6.027397260273973;32.32876712328767;0.0;0.0;15.068493150684931;0.821917808219178;26.027397260273972;13.424657534246576;41.0958904109589;0.3013698630136986;14.246575342465754;46.57534246575342;2.25;0.7442681752165466;0.5371611959114424;0.5363115451060003;1.4216927803486552
730631_current;730631;730631;cross_sectional;1;0;0;1;364;1;0.9642857142857143;30.402895604395606;0.09883491124797815;244;5.840000000000001;0.0;0.27472527472527475;0.27472527472527475;0.27472527472527475;1.3736263736263736;0.0;0.0;0.0;1.6483516483516483;0.016483516483516484;0.0;54.94505494505494;1.25;0.39284977634572427;0.4678134677585364;0.48403551951490964;0.8050925169455361
731486_current;731486;731486;cross_sectional;1;0;0;0;365;1;0.9671232876712329;17.032501369863013;0.08424386704327692;245;4.964;0.0;0.0;0.547945205479452;0.547945205479452;0.273972602739726;0.0;0.0;0.0;0.821917808219178;0.00821917808219178;0.0;28.767123287671232;1.25;0.6995192201698509;0.5406781882524764;0.5400626011245231;0.6682006320518102
731568_current;731568;731568;cross_sectional;1;0;1;0;364;1;0.9615384615384616;17.950554945054947;0.33360655518000204;244;12.688;3.8461538461538463;10.989010989010989;4.670329670329671;4.670329670329671;11.813186813186814;1.6483516483516483;13.186813186813186;6.043956043956044;29.67032967032967;0.25824175824175827;7.6923076923076925;20.054945054945055;2.25;0.5342687122227775;0.654812358751752;0.5748389045603918;0.6600293280709295
731681_current;731681;731681;cross_sectional;1;0;1;0;365;1;0.9287671232876712;34.77981643835617;0.16172783641322294;245;8.808;0.0;1.095890410958904;2.73972602739726;2.73972602739726;0.273972602739726;0.0;1.095890410958904;0.273972602739726;4.109589041095891;0.03561643835616438;0.273972602739726;11.780821917808218;1.0;0.17576191586850962;0.6612423028195987;0.5891231920298382;0.296868479636824
732971_current;732971;732971;cross_sectional;1;0;1;0;361;1;0.9750692520775623;15.520977839335178;0.03547509749343318;242;7.859999999999999;0.0;2.4930747922437675;0.0;0.0;2.770083102493075;0.8310249307479224;4.43213296398892;0.0;7.202216066481994;0.07202216066481995;0.8310249307479224;48.47645429362881;2.25;0.6520424934579458;0.570499171375072;0.48598879843491327;0.10098085133264971
733114_current;733114;733114;cross_sectional;1;0;0;0;364;1;0.9642857142857143;27.559222527472524;0.07721194578259777;244;6.568;0.0;0.5494505494505495;0.0;0.0;2.4725274725274726;0.0;0.5494505494505495;0.0;3.021978021978022;0.024725274725274724;0.0;12.637362637362637;1.75;0.3702573304765056;0.35572782057152735;0.33426839110899537;0.6358849877976527
734306_current;734306;734306;cross_sectional;0;1;1;1;342;1;0.15204678362573099;5.314538011695907;2.159877032355384;228;9.464;0.29239766081871343;1.1695906432748537;0.0;0.0;0.29239766081871343;0.0;1.4619883040935673;0.5847953216374269;1.7543859649122806;0.017543859649122806;0.5847953216374269;1.4619883040935673;1.25;0.09060722249265797;;0.5712599005706513;1.1047371896081528
734481_current;734481;734481;cross_sectional;1;0;1;0;364;1;0.7637362637362637;22.480535714285715;0.168692683658832;245;6.964;0.0;1.6483516483516485;0.0;0.0;4.395604395604396;0.0;3.2967032967032965;0.0;7.6923076923076925;0.06593406593406594;0.0;12.362637362637363;1.25;0.3879341673753734;0.5610883497213677;0.4706097692561403;0.5734811933210399
734540_current;734540;734540;cross_sectional;1;0;1;0;140;1;0.30714285714285716;30.249850000000002;1.015568798075856;140;14.052000000000001;42.142857142857146;70.0;0.0;0.0;10.0;0.0;250.71428571428572;0.0;260.7142857142857;0.6;0.0;12.142857142857142;1.0;0.1834855466454903;;0.45650096493984976;1.0508954908705261
734850_current;734850;734850;cross_sectional;1;1;1;1;144;1;0.9375;15.797083333333331;0.29405476724227453;144;5.795999999999999;0.0;0.0;0.0;0.0;1.3888888888888888;1.3888888888888888;1.3888888888888888;1.3888888888888888;2.7777777777777777;0.027777777777777776;2.7777777777777777;2.7777777777777777;1.5;0.8399093051048395;0.7443005541235125;0.6358979769472214;1.5254717625661274
735579_current;735579;735579;cross_sectional;1;0;1;0;362;1;0.9779005524861878;20.308370165745856;0.3824242728352316;243;3.12;0.0;0.0;0.0;0.0;0.0;0.0;0.0;0.0;0.0;0.0;0.0;0.27624309392265195;1.0;;0.5348928532698659;0.4905744940078336;0.6251661946638843
735831_current;735831;735831;cross_sectional;1;0;1;0;129;1;1.0;29.642116279069764;0.0722395022236859;129;4.744;0.0;0.0;0.0;0.0;0.0;0.0;0.0;0.0;0.0;0.0;0.0;9.30232558139535;2.125;0.5519771266705346;0.6557254049160648;0.6161845980198404;0.1457428560135963
736207_current;736207;736207;cross_sectional;1;0;1;0;365;1;0.9863013698630136;34.735046575342466;0.008519954153139409;245;19.212;52.87671232876713;58.63013698630137;0.0;0.0;6.027397260273973;2.191780821917808;86.57534246575342;29.041095890410958;92.6027397260274;0.5780821917808219;31.232876712328768;6.8493150684931505;3.75;0.3827644021234256;0.47876692144993105;0.4474868197537826;0.01956555041304754
736402_current;736402;736402;cross_sectional;1;0;0;0;147;1;0.006802721088435374;0.11486394557823128;0.648722188554002;93;15.504000000000001;28.57142857142857;63.26530612244898;3.401360544217687;3.401360544217687;20.408163265306122;4.081632653061225;116.3265306122449;57.142857142857146;140.1360544217687;0.6258503401360545;61.224489795918366;19.727891156462587;2.125;0.7809445784344587;;0.22203138880663317;1.9118846264116753
737347_current;737347;737347;cross_sectional;0;0;0;1;365;0;0.0;0.0;0.9106867162943498;245;4.5280000000000005;0.0;0.0;0.0;0.0;0.0;0.0;0.0;0.0;0.0;0.0;0.0;6.027397260273973;1.0;0.5405531006512433;;;0.937036117803836
738516_current;738516;738516;cross_sectional;0;0;1;1;365;1;0.7671232876712328;4.397994520547945;1.1797902728040541;245;11.927999999999999;4.657534246575342;12.054794520547945;0.0;0.0;2.4657534246575343;0.547945205479452;16.164383561643834;12.602739726027398;18.63013698630137;0.1726027397260274;13.150684931506849;15.89041095890411;1.0;0.20763074082910155;0.9437453657850157;0.8356581335541066;0.8873617143005745
738591_current;738591;738591;cross_sectional;1;0;1;0;364;1;0.8681318681318682;19.1986510989011;0.5101650375121352;245;10.528;2.4725274725274726;13.186813186813188;0.5494505494505495;0.5494505494505495;0.8241758241758241;0.0;21.153846153846153;12.362637362637363;22.52747252747253;0.21978021978021978;12.362637362637363;0.27472527472527475;13.25;;0.6208036214121846;0.5094618669892306;2.1270655044470548
738793_current;738793;738793;cross_sectional;1;0;0;1;72;1;1.0;36.74509722222222;0.09342924499788431;72;3.568;0.0;0.0;0.0;0.0;0.0;0.0;0.0;0.0;0.0;0.0;0.0;0.0;0.0;;;0.45554452275757124;0.6841787125402712
739178_current;739178;739178;cross_sectional;0;0;0;1;364;0;0.0;0.0;1.5124675024235479;244;4.112;0.0;0.0;0.0;0.0;0.0;0.0;0.0;0.0;0.0;0.0;0.0;0.27472527472527475;1.0;;;;1.935492751388032
739616_current;739616;739616;cross_sectional;1;1;1;0;365;1;0.8383561643835616;14.58268493150685;0.26944066622651214;245;10.739999999999998;1.36986301369863;16.986301369863014;0.0;0.0;2.191780821917808;0.273972602739726;21.095890410958905;9.863013698630137;23.28767123287671;0.18904109589041096;10.136986301369863;2.73972602739726;1.0;0.4153313455113349;0.8204106436293743;0.6853454325134278;0.8842946711685429
740230_current;740230;740230;cross_sectional;1;1;1;1;364;1;0.8324175824175825;12.809134615384615;0.1603434589259948;245;10.732;0.8241758241758242;2.197802197802198;1.098901098901099;1.098901098901099;0.5494505494505495;0.0;3.8461538461538463;2.7472527472527473;5.4945054945054945;0.0521978021978022;2.7472527472527473;10.43956043956044;1.0;0.2809166048416941;0.7427294896706947;0.5949649814481215;0.5848656395985683
740351_current;740351;740351;cross_sectional;0;0;1;1;365;1;0.9506849315068493;10.029599999999999;0.09107648542723669;245;6.384;0.0;0.273972602739726;0.0;0.0;0.821917808219178;0.0;0.0;0.0;0.821917808219178;0.00821917808219178;0.0;4.657534246575342;1.0;0.2653240394839773;0.6241142685051736;0.5462085324643945;0.25295663752677594
740532_current;740532;740532;cross_sectional;1;0;0;0;365;1;0.915068493150685;29.225145205479453;0.07338865633086994;245;5.568;0.0;0.0;0.821917808219178;0.821917808219178;0.0;0.0;0.0;0.0;0.821917808219178;0.00821917808219178;0.0;0.547945205479452;1.0;;0.437809487549075;0.43530740438090715;0.7637292872319384
740863_current;740863;740863;cross_sectional;0;0;1;0;288;1;0.875;29.202281250000006;0.43566571237612284;170;7.103999999999999;0.0;1.7361111111111112;0.0;0.0;5.208333333333333;1.3888888888888888;1.7361111111111112;0.3472222222222222;6.944444444444445;0.059027777777777776;1.7361111111111112;7.638888888888889;1.0;0.5628123350936259;0.6615554942302025;0.5532923680551208;0.427762574313485
741214_current;741214;741214;cross_sectional;0;0;1;0;107;1;1.0;76.77293457943925;0.8220289584742007;107;1.22;0.0;0.0;0.0;0.0;0.0;0.0;0.0;0.0;0.0;0.0;0.0;0.0;0.0;;0.46275328913418484;0.4716381746682534;0.9943314651721377
741254_current;741254;741254;cross_sectional;1;0;1;1;266;1;0.868421052631579;10.9239022556391;0.10306211460635825;153;6.004;0.0;0.37593984962406013;0.0;0.0;1.8796992481203008;0.0;0.0;0.0;1.8796992481203008;0.018796992481203006;0.0;47.744360902255636;1.25;0.34747327619913476;0.636789436109982;0.5688253421505949;0.2493071466522496
741910_current;741910;741910;cross_sectional;1;0;1;0;364;1;0.9752747252747253;27.936901098901096;0.2656458822678662;244;10.792;1.3736263736263736;5.769230769230769;0.0;0.0;1.3736263736263736;0.27472527472527475;4.395604395604396;0.27472527472527475;5.769230769230769;0.04945054945054945;0.5494505494505495;25.0;1.25;0.38275290695386455;0.658492016112472;0.5169789301081602;0.2809112440021746
742207_current;742207;742207;cross_sectional;0;0;0;1;353;1;0.9546742209631728;17.990813031161473;0.6276610308304346;238;8.176;0.0;1.9830028328611897;0.0;0.0;10.76487252124646;8.215297450424929;4.53257790368272;1.9830028328611897;15.297450424929178;0.13031161473087818;10.19830028328612;25.21246458923513;1.75;0.5862793935121458;0.4385637228080958;0.42808704379951734;1.6361081428629696
742993_current;742993;742993;cross_sectional;0;0;0;1;364;0;0.0;0.0;1.3884327358730244;244;3.7440000000000007;0.0;0.0;0.0;0.0;0.27472527472527475;0.0;0.0;0.0;0.27472527472527475;0.0027472527472527475;0.0;0.27472527472527475;1.0;;;;1.1083010516104934
743047_current;743047;743047;cross_sectional;1;0;1;0;357;1;0.9971988795518207;32.135557422969185;0.36918658513989266;237;10.884;0.5602240896358543;1.1204481792717087;0.0;0.0;0.0;0.0;0.8403361344537815;0.0;0.8403361344537815;0.008403361344537815;0.0;0.0;0.0;;0.5879752655289221;0.574605806098229;0.8340502946302599
743335_current;743335;743335;cross_sectional;1;0;1;0;274;1;0.8795620437956204;6.436116788321167;1.028665492753233;154;10.512;1.094890510948905;4.744525547445255;0.0;0.0;1.8248175182481752;0.7299270072992701;7.299270072992701;6.569343065693431;9.124087591240876;0.08029197080291971;7.299270072992701;0.0;0.0;;0.7426412897151493;0.6789449204128656;2.552351295261892
744851_current;744851;744851;cross_sectional;1;0;0;0;363;1;0.9862258953168044;11.31076033057851;0.211391094235416;244;6.868;0.0;0.27548209366391185;0.0;0.0;0.8264462809917356;0.0;0.0;0.0;0.8264462809917356;0.008264462809917356;0.0;28.09917355371901;1.0;0.38540636708689696;0.5352870539412232;0.4710871215532881;1.2426467700765758
744897_current;744897;744897;cross_sectional;0;0;0;1;365;0;0.0;0.0;1.7918584781575768;245;11.936;34.24657534246575;70.13698630136986;0.0;0.0;0.0;0.0;115.34246575342466;24.931506849315067;115.34246575342466;0.7342465753424657;24.931506849315067;0.821917808219178;1.25;0.02477657734663681;;;2.297470743221866
745415_current;745415;745415;cross_sectional;1;0;1;0;365;1;0.9780821917808219;20.03967123287671;0.14956951648514172;245;6.564;0.0;1.095890410958904;0.0;0.0;1.095890410958904;0.0;1.36986301369863;0.0;2.4657534246575343;0.024657534246575342;0.0;32.32876712328767;1.5;0.7908736096475316;0.7908991317987892;0.7299475145910621;0.21762369524060973
745424_current;745424;745424;cross_sectional;1;0;1;0;363;1;0.7851239669421488;19.523088154269974;0.03861254782826049;245;6.072;0.0;0.5509641873278237;1.6528925619834711;1.6528925619834711;3.3057851239669422;1.6528925619834711;1.9283746556473829;1.9283746556473829;6.887052341597796;0.06336088154269973;3.581267217630854;19.834710743801654;2.75;0.6909388306156273;0.6058945736447301;0.5737940523812167;0.39847935258193734
745464_current;745464;745464;cross_sectional;1;0;1;1;364;0;0.0;0.0;1.3836935112751663;244;3.5520000000000005;0.0;0.0;0.0;0.0;0.0;0.0;0.0;0.0;0.0;0.0;0.0;0.0;0.0;;;;1.4256178774170516
745959_current;745959;745959;cross_sectional;1;1;1;1;363;1;0.9669421487603306;30.849487603305786;0.18334067871308946;243;11.056000000000001;0.5509641873278237;3.0303030303030303;0.0;0.0;1.3774104683195592;0.8264462809917356;2.7548209366391183;1.9283746556473829;4.132231404958677;0.04132231404958678;2.7548209366391183;12.672176308539944;1.5;0.30429906257921746;0.5798933659081815;0.522884028108591;0.2514577249981004
745999_current;745999;745999;cross_sectional;1;0;0;1;364;1;0.7554945054945055;23.31570054945055;0.1739340284093728;245;14.568;5.4945054945054945;15.10989010989011;0.0;0.0;1.6483516483516483;0.0;17.582417582417584;11.538461538461538;19.23076923076923;0.17307692307692307;11.538461538461538;9.615384615384615;1.25;0.4884247815864299;0.4167368255853916;0.3867597013507791;0.7688461378425757
746421_current;746421;746421;cross_sectional;1;0;1;1;364;1;0.978021978021978;15.883000000000001;0.17409375007962416;244;8.608;0.0;0.5494505494505495;0.0;0.0;0.27472527472527475;0.0;0.5494505494505495;0.0;0.8241758241758241;0.008241758241758242;0.0;12.362637362637363;1.0;0.1780133235800114;0.6838854674667382;0.58936152018155;0.35445422157359324
746764_current;746764;746764;cross_sectional;1;0;1;0;365;1;0.7945205479452054;26.563057534246575;0.07571661657728156;245;5.396000000000001;0.0;0.0;0.0;0.0;1.36986301369863;0.0;0.0;0.0;1.36986301369863;0.0136986301369863;0.0;25.205479452054796;1.5;0.7154333531266418;0.5324808102152239;0.5064727183778045;0.6662559154795781
747439_current;747439;747439;cross_sectional;0;1;0;0;319;1;0.9717868338557993;29.615081504702193;0.2219401457166374;199;11.144;1.5673981191222568;23.510971786833856;0.0;0.0;8.77742946708464;2.5078369905956115;20.062695924764892;4.702194357366771;28.84012539184953;0.2006269592476489;7.210031347962382;8.77742946708464;1.25;0.592704561708607;0.5954908207977732;0.5577880599573869;0.473691927221339
748404_current;748404;748404;cross_sectional;1;1;1;1;144;1;1.0;26.749694444444444;0.16704818551327497;144;10.916;2.083333333333333;4.166666666666666;0.0;0.0;0.0;0.0;4.861111111111111;3.4722222222222223;4.861111111111111;0.04861111111111111;3.4722222222222223;0.0;0.0;;0.8186730870298198;0.659685884262437;1.5170464649315825
748606_current;748606;748606;cross_sectional;1;0;1;0;144;1;0.9930555555555556;19.97265972222222;0.147991167563355;144;2.648;0.0;0.0;0.0;0.0;0.0;0.0;0.0;0.0;0.0;0.0;0.0;0.0;0.0;;0.642258612344477;0.5620899124949628;0.9542329670329668
748977_current;748977;748977;cross_sectional;1;1;1;1;364;0;0.0;0.0;4.579279289492271;244;10.48;4.1208791208791204;15.934065934065933;0.0;0.0;0.0;0.0;17.307692307692307;15.934065934065934;17.307692307692307;0.16483516483516483;15.934065934065934;0.0;0.0;;;;2.338825201751329
749578_current;749578;749578;cross_sectional;1;0;1;0;365;0;0.0;0.0;0.8032592581690621;245;5.172;0.0;0.0;0.547945205479452;0.547945205479452;10.136986301369863;0.821917808219178;0.0;0.0;10.684931506849315;0.10684931506849316;0.821917808219178;8.219178082191782;1.0;0.6393555036079385;;;0.7498194286891698
750388_current;750388;750388;cross_sectional;1;1;1;0;365;1;0.9863013698630136;24.16621369863014;2.0275978597578144;245;6.0200000000000005;0.0;0.273972602739726;0.0;0.0;0.0;0.0;1.36986301369863;1.095890410958904;1.36986301369863;0.010958904109589041;1.095890410958904;0.0;0.0;;0.49224803019329144;0.4775814562588509;0.9387188264058679
750496_current;750496;750496;cross_sectional;1;1;0;0;38;1;1.0;93.18557894736841;0.29227166276346606;38;0.524;0.0;0.0;0.0;0.0;0.0;0.0;0.0;0.0;0.0;0.0;0.0;0.0;0.0;;;0.564810118574932;12.37377049180328
751215_current;751215;751215;cross_sectional;1;0;1;0;365;1;0.9534246575342465;17.06807397260274;0.15905712625725302;245;5.44;0.0;0.0;0.0;0.0;2.191780821917808;0.0;0.0;0.0;2.191780821917808;0.021917808219178082;0.0;11.780821917808218;1.25;0.3173673509767098;0.5426655606654376;0.5333357684356816;0.9963053742904133
751403_current;751403;751403;cross_sectional;1;0;0;1;365;1;0.9945205479452055;202.7208328767123;0.06415920914026416;245;9.928;1.9178082191780823;18.904109589041095;0.547945205479452;0.547945205479452;23.013698630136986;0.547945205479452;38.9041095890411;1.095890410958904;62.465753424657535;0.3424657534246575;1.643835616438356;25.205479452054796;1.0;0.4377950154085593;0.49877736728178873;0.48481388608067505;0.8048704040995808
751454_current;751454;751454;cross_sectional;1;1;1;1;363;1;0.9641873278236914;12.789537190082644;0.10763559272029444;243;6.528;0.0;0.5509641873278237;0.0;0.0;4.40771349862259;0.27548209366391185;0.27548209366391185;0.0;4.683195592286501;0.027548209366391185;0.27548209366391185;28.09917355371901;1.0;0.3212951181788766;0.7579602466240739;0.7116216895674574;0.6862325210448592
751780_current;751780;751780;cross_sectional;1;0;1;0;247;1;0.9109311740890689;10.968182186234817;0.12599055808464005;152;5.324;0.0;0.0;0.0;0.0;14.17004048582996;0.0;0.0;0.0;14.17004048582996;0.11740890688259109;0.0;31.17408906882591;1.0;0.27668729914818535;0.8121449080579144;0.5859972500154276;0.5283234768257461
751926_current;751926;751926;cross_sectional;1;0;1;0;364;1;0.9807692307692307;13.458733516483518;2.2681295287334002;245;10.836;1.9230769230769231;10.43956043956044;0.0;0.0;0.0;0.0;14.285714285714286;5.769230769230769;14.285714285714286;0.13736263736263737;5.769230769230769;2.4725274725274726;1.25;0.31007097192489214;0.5537007401349202;0.5404124529286398;2.2931336730693843
752093_current;752093;752093;cross_sectional;1;0;1;0;365;1;0.9068493150684932;14.11189589041096;0.15342131575778836;245;3.548;0.0;0.0;0.0;0.0;0.0;0.0;0.0;0.0;0.0;0.0;0.0;27.945205479452056;1.25;0.3537279959009295;0.6098376389560014;0.5518084669336198;0.5071596142309999
757719_current;757719;757719;cross_sectional;1;0;1;1;148;1;0.9594594594594594;42.231054054054056;0.10303187145944713;148;3.252;0.0;0.0;0.0;0.0;0.0;0.0;0.0;0.0;0.0;0.0;0.0;5.405405405405405;2.25;0.9211000445275185;0.6249434303816562;0.5217114791280145;0.3655144756799038
759548_current;759548;759548;cross_sectional;1;0;1;1;365;1;0.9123287671232877;12.273279452054796;0.07288055431832895;245;10.308;0.547945205479452;16.164383561643834;0.0;0.0;21.36986301369863;0.0;12.602739726027398;0.0;33.97260273972603;0.20821917808219179;0.0;32.87671232876713;1.0;0.906716841445699;0.8062355956354179;0.6084281271542988;0.3896536848553852
764446_current;764446;764446;cross_sectional;0;0;0;1;364;1;0.8791208791208791;13.245060439560438;0.3635227684480718;245;15.056000000000001;5.4945054945054945;28.021978021978022;5.769230769230769;5.769230769230769;3.021978021978022;0.0;40.65934065934066;13.461538461538462;49.45054945054945;0.3901098901098901;13.461538461538462;12.362637362637363;1.0;0.6050412100482854;0.6436568913197519;0.56035631867903;1.479674666798368
770736_current;770736;770736;cross_sectional;1;0;1;0;364;1;0.8956043956043956;28.20865659340659;0.05531228330953688;245;8.488;0.0;1.3736263736263736;0.27472527472527475;0.27472527472527475;0.8241758241758241;0.27472527472527475;1.3736263736263736;0.0;2.4725274725274726;0.02197802197802198;0.27472527472527475;3.5714285714285716;2.75;0.6157569930677208;0.601987288694146;0.5501521870812278;0.4211445672345477
776146_current;776146;776146;cross_sectional;0;0;0;1;365;0;0.0;0.0;1.0398513833820182;245;5.388;0.0;0.0;0.0;0.0;1.643835616438356;0.273972602739726;0.273972602739726;0.0;1.917808219178082;0.019178082191780823;0.273972602739726;18.08219178082192;1.0;0.4347423409460375;;;1.3241970133819072
778612_current;778612;778612;cross_sectional;0;0;1;0;365;1;0.9863013698630136;43.114942465753415;0.7594162533110325;245;3.3200000000000003;0.0;0.0;0.0;0.0;0.0;0.0;0.0;0.0;0.0;0.0;0.0;0.273972602739726;2.5;;0.4700145994968453;0.4531533103143349;0.4281777777777777
785007_current;785007;785007;cross_sectional;1;1;1;0;364;1;0.8873626373626373;4.717634615384616;0.24726475323654307;245;5.296;0.0;0.0;0.0;0.0;3.8461538461538463;2.4725274725274726;0.27472527472527475;0.0;4.1208791208791204;0.04120879120879121;2.4725274725274726;1.6483516483516483;3.875;0.49614643201601616;0.8936385810297669;0.8077153688901899;0.46317366924615877
785360_current;785360;785360;cross_sectional;1;1;1;1;363;1;0.977961432506887;16.347041322314052;0.1858375247408666;244;9.508;0.27548209366391185;9.366391184573002;0.27548209366391185;0.27548209366391185;4.958677685950414;1.3774104683195592;10.192837465564738;7.162534435261708;15.426997245179063;0.13774104683195593;8.539944903581267;12.121212121212121;1.25;0.7806874101403469;0.6379050191462606;0.5428410884365256;1.3659762473888453
785531_current;785531;785531;cross_sectional;0;0;0;1;364;0;0.0;0.0;1.3534138005170593;245;5.48;0.0;0.0;0.0;0.0;1.098901098901099;0.0;0.0;0.0;1.098901098901099;0.01098901098901099;0.0;2.197802197802198;1.375;0.18763400239230726;;;1.2186688789484432
785596_current;785596;785596;cross_sectional;1;1;1;1;363;1;0.9476584022038568;19.138498622589534;0.20965292884057188;244;10.572;0.8264462809917356;3.581267217630854;0.0;0.0;1.3774104683195592;0.27548209366391185;2.7548209366391183;0.8264462809917356;4.132231404958677;0.04132231404958678;1.1019283746556474;1.1019283746556474;1.0;0.16158038908632943;0.6465962018826968;0.5508870131147414;0.6135539879626117
785642_current;785642;785642;cross_sectional;0;0;0;1;364;1;0.9368131868131868;27.40879120879121;0.07908306619207972;245;5.856;0.0;0.5494505494505495;0.0;0.0;3.8461538461538463;0.0;0.27472527472527475;0.0;4.1208791208791204;0.038461538461538464;0.0;21.153846153846153;1.0;0.23376910415014282;0.5489389718450757;0.5598982688136293;0.5800504069009903
790904_current;790904;790904;cross_sectional;1;1;1;1;364;1;0.978021978021978;19.97240934065934;0.1664700413960185;244;11.808;3.571428571428571;14.835164835164836;0.8241758241758241;0.8241758241758241;33.24175824175824;0.8241758241758241;11.263736263736265;6.043956043956044;45.32967032967033;0.27472527472527475;6.868131868131868;34.34065934065934;1.25;0.8643106301123537;0.7174491210102745;0.6381422598076127;0.40436182218934386
805535_current;805535;805535;cross_sectional;1;0;1;0;267;1;0.9550561797752809;12.431677902621724;0.09990139027022452;153;7.196000000000001;0.0;2.6217228464419478;11.985018726591761;11.985018726591761;2.247191011235955;0.0;1.1235955056179776;0.0;15.355805243445692;0.149812734082397;0.0;5.2434456928838955;1.0;0.9425055457339805;0.6740366736502894;0.547218922550349;1.1836169399743963
805537_current;805537;805537;cross_sectional;1;0;1;0;267;1;0.8951310861423221;11.09121722846442;0.10245430395305496;153;8.732000000000001;0.0;6.367041198501873;0.0;0.0;4.49438202247191;0.0;8.614232209737828;0.0;13.108614232209737;0.11235955056179775;0.0;8.98876404494382;1.0;0.2056756657136513;0.6642256249574917;0.5635489260192362;0.3162030981997759
806207_current;806207;806207;cross_sectional;1;1;1;0;364;1;0.9340659340659341;18.32117857142857;0.09449253206283578;245;12.944;24.175824175824175;33.24175824175824;0.0;0.0;1.098901098901099;0.0;33.24175824175824;5.21978021978022;34.34065934065934;0.3269230769230769;5.21978021978022;10.164835164835164;1.25;0.25870643275597516;0.7008163021299203;0.6323660960186837;0.111200354257967
809909_current;809909;809909;cross_sectional;1;0;0;0;364;1;0.9862637362637363;36.02604945054945;0.4770266716288302;245;12.772;28.296703296703296;51.373626373626365;0.27472527472527475;0.27472527472527475;0.5494505494505495;0.0;30.494505494505493;0.0;31.318681318681318;0.27472527472527475;0.0;9.89010989010989;1.25;0.4830687253365334;0.5515951844381817;0.5406055773448691;1.2601633483829466
811757_current;811757;811757;cross_sectional;1;0;0;0;256;1;1.0;28.03176171875;0.39236169254786174;167;19.599999999999998;5.078125;13.28125;0.390625;0.390625;5.078125;0.390625;21.09375;9.765625;26.5625;0.22265625;10.15625;16.40625;2.125;0.6291869539513143;0.48220711608750044;0.3713071488909264;0.31461572549581057
812506_current;812506;812506;cross_sectional;1;0;1;0;365;1;0.7424657534246575;27.746824657534248;0.2657425091737353;245;15.028;9.58904109589041;16.43835616438356;0.0;0.0;13.972602739726028;0.0;19.726027397260275;16.438356164383563;33.6986301369863;0.27671232876712326;16.438356164383563;17.534246575342465;1.0;0.2649183166446133;0.6585489205569589;0.6104419515184633;0.9448721831555853
812691_current;812691;812691;cross_sectional;1;1;0;1;365;1;0.9808219178082191;14.860123287671232;0.13314528689662936;245;9.272;0.273972602739726;10.684931506849315;0.0;0.0;5.7534246575342465;0.0;13.150684931506849;10.684931506849315;18.904109589041095;0.1643835616438356;10.684931506849315;36.71232876712329;1.0;0.4340271605324864;0.685460593202783;0.6506550269890597;0.911247827981874
813191_current;813191;813191;cross_sectional;1;0;1;0;121;1;1.0;44.3071652892562;0.03432189141450255;121;4.068;0.0;0.0;0.0;0.0;0.0;0.0;0.0;0.0;0.0;0.0;0.0;0.8264462809917356;1.25;;0.5415405784707147;0.5225920028232659;0.039908130454754255
821251_current;821251;821251;cross_sectional;0;1;0;0;364;1;0.9532967032967034;17.016969780219778;1.2215584361833065;245;10.892;2.4725274725274726;9.615384615384617;0.0;0.0;0.0;0.0;12.087912087912088;11.813186813186814;12.087912087912088;0.12087912087912088;11.813186813186814;0.0;0.0;;0.44702861465767624;0.436150969405149;1.6791867251608628
821253_current;821253;821253;cross_sectional;1;0;1;1;365;1;0.958904109589041;10.432564383561646;0.08285762018518288;245;5.748;0.0;0.0;0.0;0.0;4.109589041095891;0.547945205479452;0.0;0.0;4.109589041095891;0.0410958904109589;0.547945205479452;24.10958904109589;1.75;0.4313741622864354;0.7148944332667138;0.6390685580154088;0.30398002657015893
821258_current;821258;821258;cross_sectional;1;1;1;0;364;1;0.9587912087912088;9.05656043956044;0.2267337325770161;245;11.04;2.197802197802198;10.714285714285714;0.0;0.0;0.27472527472527475;0.0;13.461538461538462;4.670329670329671;13.736263736263735;0.12637362637362637;4.670329670329671;0.8241758241758241;2.5;0.10452737510141585;0.634153595779904;0.5535854759601568;0.6260835762876579
821264_current;821264;821264;cross_sectional;1;0;1;0;364;1;0.9615384615384616;13.615989010989011;0.2289192039260142;245;4.488;0.0;0.0;1.098901098901099;1.098901098901099;0.0;0.0;0.0;0.0;1.098901098901099;0.01098901098901099;0.0;0.0;0.0;;0.4278866978747418;0.47015955589273034;1.0014593177250402
821268_current;821268;821268;cross_sectional;0;1;0;0;364;1;0.9423076923076923;9.412736263736264;0.42915328296036254;245;11.468;8.791208791208792;14.835164835164836;0.0;0.0;1.098901098901099;0.5494505494505495;23.076923076923077;14.285714285714286;24.175824175824175;0.1978021978021978;14.835164835164836;0.0;0.0;;0.4764814354019684;0.4581555879882672;0.9983250993739565
821784_current;821784;821784;cross_sectional;1;0;1;1;365;1;0.9013698630136986;22.055232876712328;0.09714485228542288;245;12.316;7.397260273972603;28.493150684931507;4.931506849315069;4.931506849315069;21.095890410958905;7.123287671232877;29.315068493150687;14.520547945205479;55.342465753424655;0.4438356164383562;21.643835616438356;36.71232876712329;3.75;0.49808511470298966;0.7028811671756368;0.6502848742199873;0.5903536432578999
829143_current;829143;829143;cross_sectional;0;0;0;1;362;0;0.0;0.0;1.1152081672334937;244;8.616000000000001;0.0;3.0386740331491713;0.0;0.0;9.94475138121547;0.0;2.2099447513812156;0.0;12.154696132596685;0.1132596685082873;0.0;25.414364640883978;1.5;0.9211440790831975;;;1.2911424650959593
847175_current;847175;847175;cross_sectional;1;0;0;0;365;1;0.9863013698630136;39.90734246575342;0.4511602559010388;245;17.244;32.602739726027394;33.42465753424658;0.0;0.0;0.273972602739726;0.0;57.534246575342465;30.958904109589042;57.80821917808219;0.336986301369863;30.958904109589042;5.7534246575342465;1.25;0.27095212433690136;0.48330497241574594;0.4327969871161392;0.7069838592454694
851473_current;851473;851473;cross_sectional;1;1;1;0;363;1;0.9696969696969697;44.442537190082646;0.1015020315387272;245;13.588;8.264462809917356;30.02754820936639;0.0;0.0;2.203856749311295;0.8264462809917356;45.730027548209364;31.12947658402204;47.93388429752066;0.38292011019283745;31.955922865013775;13.49862258953168;1.125;0.9611607494694271;0.5574837987487937;0.5501105391520866;1.0469568464616832
859760_current;859760;859760;cross_sectional;1;1;1;1;190;1;0.9631578947368421;0.5340684210526315;0.23854369273174486;153;12.928;1.5789473684210527;5.7894736842105265;0.5263157894736842;0.5263157894736842;16.31578947368421;0.0;8.947368421052632;3.6842105263157894;25.789473684210527;0.22105263157894736;3.6842105263157894;56.31578947368421;1.25;0.6448064473477017;0.629974256381626;0.609012406522531;0.75542863334023
863162_current;863162;863162;cross_sectional;1;0;1;0;280;1;0.7642857142857142;44.27910000000001;0.2758052687597006;160;6.332;0.0;1.4285714285714286;0.0;0.0;4.642857142857143;0.0;1.7857142857142858;0.35714285714285715;6.428571428571429;0.060714285714285714;0.35714285714285715;52.857142857142854;1.25;0.5846594940937453;0.4967282208739261;0.47068851172583404;0.9169844020373349
865899_current;865899;865899;cross_sectional;1;0;1;0;365;1;0.9726027397260274;14.601953424657534;0.10541054901198857;245;5.224;0.0;0.0;0.0;0.0;0.821917808219178;0.0;0.273972602739726;0.0;1.095890410958904;0.00821917808219178;0.0;25.205479452054796;1.75;0.5150760350235042;0.6017060068142024;0.5896382450899067;0.5755510465381234
866821_current;866821;866821;cross_sectional;0;0;0;1;192;1;0.9375;41.64153125000001;0.5308876173556519;153;5.02;0.0;0.0;0.0;0.0;0.5208333333333334;0.0;0.0;0.0;0.5208333333333334;0.005208333333333333;0.0;32.8125;1.0;0.263957830108694;0.5092737949612112;0.5171415566356939;0.5579871606735308
867344_current;867344;867344;cross_sectional;1;0;1;1;131;0;0.0;0.0;1.0053303995056722;131;11.192;4.580152671755725;47.32824427480916;0.0;0.0;32.82442748091603;0.7633587786259542;32.82442748091603;0.7633587786259542;65.64885496183206;0.3816793893129771;1.5267175572519085;34.35114503816794;1.25;0.514613460352652;;;1.1405433924815382
867869_current;867869;867869;cross_sectional;1;1;1;0;365;1;0.9534246575342465;14.238863013698628;0.1784026194502687;245;14.636;7.397260273972603;29.041095890410958;0.547945205479452;0.547945205479452;5.205479452054795;1.36986301369863;31.78082191780822;22.73972602739726;37.534246575342465;0.3287671232876712;24.10958904109589;13.150684931506849;1.0;0.8983305579647148;0.7488318320775659;0.6335480658525151;1.2866675076631708
868792_current;868792;868792;cross_sectional;1;0;1;1;363;1;0.9586776859504132;49.53977410468319;0.01603382086185859;244;5.571999999999999;0.0;0.0;20.385674931129476;20.385674931129476;9.917355371900827;0.0;0.27548209366391185;0.0;30.578512396694215;0.26170798898071623;0.0;7.162534435261708;2.0;0.66315027681669;0.5204408618931058;0.5131407667035155;0.13778692042842036
870640_current;870640;870640;cross_sectional;0;0;0;1;364;1;0.9285714285714286;28.98606868131868;0.836865510681353;245;7.055999999999999;0.0;0.5494505494505495;0.27472527472527475;0.27472527472527475;5.769230769230769;3.2967032967032965;1.098901098901099;0.5494505494505495;7.142857142857143;0.06318681318681318;3.8461538461538463;6.318681318681318;1.875;0.8547361925639171;0.5173925206478812;0.4927428926370108;1.4192290193055952
872270_current;872270;872270;cross_sectional;1;0;0;1;363;1;0.7851239669421488;13.812776859504133;0.7542719782545603;244;25.112000000000002;67.21763085399449;96.96969696969697;3.581267217630854;3.581267217630854;10.192837465564738;0.0;458.6776859504132;90.08264462809917;472.4517906336088;0.9752066115702479;90.08264462809917;11.019283746556473;1.25;0.3523849788654902;0.5201004276897945;0.5220135588585089;1.3967126696184993
874661_current;874661;874661;cross_sectional;1;0;1;0;365;1;0.9506849315068493;17.351906849315068;0.13523728888861813;245;16.288;7.9452054794520555;22.465753424657535;0.273972602739726;0.273972602739726;4.931506849315069;0.821917808219178;25.205479452054796;12.876712328767123;30.410958904109588;0.27671232876712326;13.698630136986301;41.0958904109589;1.5;0.8615261431624313;0.6907495896919849;0.601231635264134;0.7262475326101381
878287_current;878287;878287;cross_sectional;1;0;1;0;353;1;0.9348441926345609;17.863342776203968;0.11110809942532592;233;4.916;0.0;0.0;1.9830028328611897;1.9830028328611897;3.3994334277620397;0.0;0.0;0.0;5.38243626062323;0.04815864022662889;0.0;48.44192634560906;1.75;0.7273675463088389;0.5990804234056745;0.5095484388618655;0.32502008122901954
878846_current;878846;878846;cross_sectional;1;0;0;0;365;1;0.9835616438356164;35.60708219178082;0.06282624623215614;245;5.811999999999999;0.0;0.273972602739726;0.547945205479452;0.547945205479452;1.095890410958904;0.0;0.273972602739726;0.0;1.917808219178082;0.019178082191780823;0.0;56.71232876712329;2.0;0.7434064744301546;0.475055860910799;0.4592601340029081;0.7505764247192586
881402_current;881402;881402;cross_sectional;1;0;1;0;364;0;0.0;0.0;0.731319151158785;244;10.975999999999999;2.4725274725274726;26.098901098901102;0.0;0.0;9.615384615384615;0.0;49.45054945054945;1.098901098901099;59.065934065934066;0.27472527472527475;1.098901098901099;11.538461538461538;1.25;0.32898386264687796;;;1.0594987689101343
884000_current;884000;884000;cross_sectional;1;0;1;0;365;1;0.915068493150685;15.910953424657535;0.4869194011466735;245;11.516;0.821917808219178;3.5616438356164384;1.643835616438356;1.643835616438356;10.41095890410959;0.821917808219178;5.205479452054795;1.643835616438356;17.26027397260274;0.15342465753424658;2.4657534246575343;20.82191780821918;1.0;1.2872605112797517;0.5217982453872917;0.4450614576269791;0.918679710747639
885322_current;885322;885322;cross_sectional;1;0;1;0;310;1;0.9870967741935484;19.74303870967742;0.5830251896602607;190;13.052;10.64516129032258;25.161290322580644;0.0;0.0;27.741935483870968;2.2580645161290325;30.322580645161292;18.70967741935484;58.064516129032256;0.3903225806451613;20.967741935483872;20.967741935483872;1.5;0.45595314124336916;0.6314925636523658;0.5526334847195189;1.8147880504388934
885769_current;885769;885769;cross_sectional;1;1;1;0;170;1;0.6411764705882353;33.96631764705882;0.7403368932311489;152;6.239999999999999;0.0;1.7647058823529411;0.0;0.0;6.470588235294118;0.0;0.5882352941176471;0.0;7.0588235294117645;0.058823529411764705;0.0;7.0588235294117645;1.0;0.3397872989674414;0.5316223379527917;0.5322282939812001;1.4334440991180173
890111_current;890111;890111;cross_sectional;1;0;1;0;130;1;1.0;53.588276923076926;0.02828576686148912;130;4.316;0.0;0.0;0.0;0.0;0.0;0.0;0.0;0.0;0.0;0.0;0.0;0.0;0.0;;0.5571487801332133;0.5206392729982848;0.03041451923988997
891106_current;891106;891106;cross_sectional;1;0;1;0;276;1;0.9710144927536232;27.408507246376814;0.3337801608579088;156;5.436;0.0;0.0;0.0;0.0;0.0;0.0;0.0;0.0;0.0;0.0;0.0;1.0869565217391304;1.0;0.17401295428661973;0.5492604813524976;0.505054586540537;0.29395503746877605
893520_current;893520;893520;cross_sectional;1;0;1;0;284;1;0.9964788732394366;20.75531338028169;0.3559798380486681;164;7.808000000000001;0.0;2.8169014084507045;0.0;0.0;4.577464788732394;0.0;0.352112676056338;0.0;4.929577464788732;0.04929577464788732;0.0;6.690140845070423;1.0;0.22654492982073177;0.6643634970095634;0.556136610162742;0.3373632584478074
896125_pre_install;896125;896125;augmented_before;0;0;0;0;363;0;0.0;0.0;1.5658225589612522;242;8.116;0.0;5.785123966942149;0.0;0.0;4.132231404958677;0.0;4.958677685950414;0.0;9.090909090909092;0.06336088154269973;0.0;0.0;0.0;;;;1.9032541092560968
896125_current;896125;896125;cross_sectional;1;0;0;0;309;0;0.0;0.0;1.3540648073749204;189;7.688;0.0;7.443365695792881;0.0;0.0;5.501618122977346;0.0;8.737864077669903;0.0;14.239482200647249;0.11974110032362459;0.0;0.32362459546925565;1.0;;;;2.08394538082291
896592_current;896592;896592;cross_sectional;1;0;0;0;310;1;0.9290322580645162;37.50536451612903;0.05695169520592559;190;13.832;5.161290322580645;6.451612903225806;2.2580645161290325;2.2580645161290325;2.903225806451613;0.0;6.774193548387097;5.483870967741935;11.935483870967742;0.1032258064516129;5.483870967741935;24.516129032258064;1.75;0.7516488657079273;0.60834717846357;0.5467420268506475;0.5327643897452506
897353_current;897353;897353;cross_sectional;1;0;1;0;365;1;0.9041095890410958;15.878298630136989;0.07903172639152307;245;4.112;0.0;0.0;0.0;0.0;0.0;0.0;0.0;0.0;0.0;0.0;0.0;0.821917808219178;1.0;0.5717189389145934;0.7123965884935126;0.6970679804839053;0.5081254800723679
897928_pre_install;897928;897928;augmented_before;0;0;0;0;365;0;0.0;0.0;0.7181729255301932;245;8.228;0.0;9.58904109589041;0.0;0.0;1.643835616438356;0.547945205479452;0.0;0.0;1.643835616438356;0.01643835616438356;0.547945205479452;24.383561643835616;2.75;0.7209537144229864;;;0.6632192737386335
897928_current;897928;897928;cross_sectional;0;0;0;1;275;0;0.0;0.0;0.9660276126622389;155;4.58;0.0;0.0;0.0;0.0;4.363636363636363;0.0;0.0;0.0;4.363636363636363;0.02909090909090909;0.0;66.9090909090909;1.5;0.4388951515773566;;;1.1463893030858476
898693_current;898693;898693;cross_sectional;1;1;0;0;365;1;0.9534246575342465;25.86804383561644;0.3012901838503699;245;13.572;16.43835616438356;38.35616438356164;0.0;0.0;9.04109589041096;0.821917808219178;41.64383561643836;18.904109589041095;50.68493150684932;0.44931506849315067;19.726027397260275;2.73972602739726;1.25;0.6429389373300592;0.37017569352243657;0.3498214272647498;1.7237004715617825
903068_current;903068;903068;cross_sectional;1;1;1;0;365;1;0.6164383561643836;15.945241095890408;0.39685129651082074;245;14.072;5.205479452054795;7.9452054794520555;0.273972602739726;0.273972602739726;0.547945205479452;0.0;10.684931506849315;4.383561643835616;11.506849315068493;0.10684931506849316;4.383561643835616;3.287671232876712;1.0;0.4737189826550196;0.7537455620091331;0.7247531015176766;0.4618051034266255
906291_current;906291;906291;cross_sectional;0;0;0;1;364;0;0.0;0.0;1.49312810344393;245;4.5920000000000005;0.0;0.0;0.0;0.0;0.0;0.0;0.0;0.0;0.0;0.0;0.0;0.8241758241758241;1.5;0.23781560337499574;;;1.3433439275421983
906991_current;906991;906991;cross_sectional;0;0;0;1;365;0;0.0;0.0;0.6921916318510303;245;13.196;24.10958904109589;48.49315068493151;0.0;0.0;0.821917808219178;0.0;58.63013698630137;43.013698630136986;59.45205479452055;0.5232876712328767;43.013698630136986;43.28767123287671;1.75;0.43715916439435976;;;1.8437614150426958
909265_current;909265;909265;cross_sectional;0;0;0;1;365;0;0.0;0.0;0.8446121228938985;245;4.492;0.0;0.0;0.0;0.0;0.0;0.0;0.0;0.0;0.0;0.0;0.0;16.438356164383563;1.0;0.566056201962221;;;0.8690422260325628
