direction,amplitude_kw,minimum_duration_hours,rise_kw_per_15min,relative_mad_max,paired_edge_required,minimum_events,minimum_evidence_weeks,score_floor,score_ceiling,evidence_flags,changed_predictions,accuracy,balanced_accuracy,pr_auc,precision,recall,f1,brier
positive_rescue,1.5,1.5,1.0,0.2,False,2,1,0.7,0.3,60,38,0.2537313432835821,0.5283018867924528,0.47981013642015935,0.21875,1.0,0.358974358974359,0.3898996077040381
positive_rescue,1.5,1.5,1.0,0.2,False,2,1,0.9,0.3,60,38,0.2537313432835821,0.5283018867924528,0.176117294926079,0.21875,1.0,0.358974358974359,0.6153969660095684
positive_rescue,1.5,1.5,1.0,0.2,False,2,1,0.9,0.1,60,38,0.2537313432835821,0.5283018867924528,0.176117294926079,0.21875,1.0,0.358974358974359,0.6153969660095684
negative_veto,1.5,1.5,1.0,0.2,False,2,1,0.7,0.3,60,4,0.6716417910447762,0.6084905660377358,0.4429137780627719,0.3181818181818182,0.5,0.3888888888888889,0.1915686455478749
negative_veto,1.5,1.5,1.0,0.2,False,2,1,0.9,0.3,60,4,0.6716417910447762,0.6084905660377358,0.4429137780627719,0.3181818181818182,0.5,0.3888888888888889,0.1915686455478749
negative_veto,1.5,1.5,1.0,0.2,False,2,1,0.9,0.1,60,4,0.6716417910447762,0.6084905660377358,0.4078640367630305,0.3181818181818182,0.5,0.3888888888888889,0.20918998568673583
two_way,1.5,1.5,1.0,0.2,False,2,1,0.7,0.3,60,42,0.19402985074626866,0.38544474393531,0.3672619047619047,0.16666666666666666,0.7142857142857143,0.2702702702702703,0.41159640914368867
two_way,1.5,1.5,1.0,0.2,False,2,1,0.9,0.3,60,42,0.19402985074626866,0.38544474393531,0.18154761904761904,0.16666666666666666,0.7142857142857143,0.2702702702702703,0.637093767449219
two_way,1.5,1.5,1.0,0.2,False,2,1,0.9,0.1,60,42,0.19402985074626866,0.38544474393531,0.17965367965367965,0.16666666666666666,0.7142857142857143,0.2702702702702703,0.6547151075880799
positive_rescue,1.5,1.5,1.0,0.2,False,2,2,0.7,0.3,60,38,0.2537313432835821,0.5283018867924528,0.47981013642015935,0.21875,1.0,0.358974358974359,0.3898996077040381
positive_rescue,1.5,1.5,1.0,0.2,False,2,2,0.9,0.3,60,38,0.2537313432835821,0.5283018867924528,0.176117294926079,0.21875,1.0,0.358974358974359,0.6153969660095684
positive_rescue,1.5,1.5,1.0,0.2,False,2,2,0.9,0.1,60,38,0.2537313432835821,0.5283018867924528,0.176117294926079,0.21875,1.0,0.358974358974359,0.6153969660095684
negative_veto,1.5,1.5,1.0,0.2,False,2,2,0.7,0.3,60,4,0.6716417910447762,0.6084905660377358,0.4429137780627719,0.3181818181818182,0.5,0.3888888888888889,0.1915686455478749
negative_veto,1.5,1.5,1.0,0.2,False,2,2,0.9,0.3,60,4,0.6716417910447762,0.6084905660377358,0.4429137780627719,0.3181818181818182,0.5,0.3888888888888889,0.1915686455478749
negative_veto,1.5,1.5,1.0,0.2,False,2,2,0.9,0.1,60,4,0.6716417910447762,0.6084905660377358,0.4078640367630305,0.3181818181818182,0.5,0.3888888888888889,0.20918998568673583
two_way,1.5,1.5,1.0,0.2,False,2,2,0.7,0.3,60,42,0.19402985074626866,0.38544474393531,0.3672619047619047,0.16666666666666666,0.7142857142857143,0.2702702702702703,0.41159640914368867
two_way,1.5,1.5,1.0,0.2,False,2,2,0.9,0.3,60,42,0.19402985074626866,0.38544474393531,0.18154761904761904,0.16666666666666666,0.7142857142857143,0.2702702702702703,0.637093767449219
two_way,1.5,1.5,1.0,0.2,False,2,2,0.9,0.1,60,42,0.19402985074626866,0.38544474393531,0.17965367965367965,0.16666666666666666,0.7142857142857143,0.2702702702702703,0.6547151075880799
positive_rescue,1.5,1.5,1.0,0.2,False,3,1,0.7,0.3,60,38,0.2537313432835821,0.5283018867924528,0.47981013642015935,0.21875,1.0,0.358974358974359,0.3898996077040381
positive_rescue,1.5,1.5,1.0,0.2,False,3,1,0.9,0.3,60,38,0.2537313432835821,0.5283018867924528,0.176117294926079,0.21875,1.0,0.358974358974359,0.6153969660095684
positive_rescue,1.5,1.5,1.0,0.2,False,3,1,0.9,0.1,60,38,0.2537313432835821,0.5283018867924528,0.176117294926079,0.21875,1.0,0.358974358974359,0.6153969660095684
negative_veto,1.5,1.5,1.0,0.2,False,3,1,0.7,0.3,60,4,0.6716417910447762,0.6084905660377358,0.4429137780627719,0.3181818181818182,0.5,0.3888888888888889,0.1915686455478749
negative_veto,1.5,1.5,1.0,0.2,False,3,1,0.9,0.3,60,4,0.6716417910447762,0.6084905660377358,0.4429137780627719,0.3181818181818182,0.5,0.3888888888888889,0.1915686455478749
negative_veto,1.5,1.5,1.0,0.2,False,3,1,0.9,0.1,60,4,0.6716417910447762,0.6084905660377358,0.4078640367630305,0.3181818181818182,0.5,0.3888888888888889,0.20918998568673583
two_way,1.5,1.5,1.0,0.2,False,3,1,0.7,0.3,60,42,0.19402985074626866,0.38544474393531,0.3672619047619047,0.16666666666666666,0.7142857142857143,0.2702702702702703,0.41159640914368867
two_way,1.5,1.5,1.0,0.2,False,3,1,0.9,0.3,60,42,0.19402985074626866,0.38544474393531,0.18154761904761904,0.16666666666666666,0.7142857142857143,0.2702702702702703,0.637093767449219
two_way,1.5,1.5,1.0,0.2,False,3,1,0.9,0.1,60,42,0.19402985074626866,0.38544474393531,0.17965367965367965,0.16666666666666666,0.7142857142857143,0.2702702702702703,0.6547151075880799
positive_rescue,1.5,1.5,1.0,0.2,False,3,2,0.7,0.3,60,38,0.2537313432835821,0.5283018867924528,0.47981013642015935,0.21875,1.0,0.358974358974359,0.3898996077040381
positive_rescue,1.5,1.5,1.0,0.2,False,3,2,0.9,0.3,60,38,0.2537313432835821,0.5283018867924528,0.176117294926079,0.21875,1.0,0.358974358974359,0.6153969660095684
positive_rescue,1.5,1.5,1.0,0.2,False,3,2,0.9,0.1,60,38,0.2537313432835821,0.5283018867924528,0.176117294926079,0.21875,1.0,0.358974358974359,0.6153969660095684
negative_veto,1.5,1.5,1.0,0.2,False,3,2,0.7,0.3,60,4,0.6716417910447762,0.6084905660377358,0.4429137780627719,0.3181818181818182,0.5,0.3888888888888889,0.1915686455478749
negative_veto,1.5,1.5,1.0,0.2,False,3,2,0.9,0.3,60,4,0.6716417910447762,0.6084905660377358,0.4429137780627719,0.3181818181818182,0.5,0.3888888888888889,0.1915686455478749
negative_veto,1.5,1.5,1.0,0.2,False,3,2,0.9,0.1,60,4,0.6716417910447762,0.6084905660377358,0.4078640367630305,0.3181818181818182,0.5,0.3888888888888889,0.20918998568673583
two_way,1.5,1.5,1.0,0.2,False,3,2,0.7,0.3,60,42,0.19402985074626866,0.38544474393531,0.3672619047619047,0.16666666666666666,0.7142857142857143,0.2702702702702703,0.41159640914368867
two_way,1.5,1.5,1.0,0.2,False,3,2,0.9,0.3,60,42,0.19402985074626866,0.38544474393531,0.18154761904761904,0.16666666666666666,0.7142857142857143,0.2702702702702703,0.637093767449219
two_way,1.5,1.5,1.0,0.2,False,3,2,0.9,0.1,60,42,0.19402985074626866,0.38544474393531,0.17965367965367965,0.16666666666666666,0.7142857142857143,0.2702702702702703,0.6547151075880799
positive_rescue,1.5,1.5,1.0,0.2,True,2,1,0.7,0.3,59,37,0.26865671641791045,0.5377358490566038,0.4816557065272786,0.2222222222222222,1.0,0.36363636363636365,0.38299512241271066
positive_rescue,1.5,1.5,1.0,0.2,True,2,1,0.9,0.3,59,37,0.26865671641791045,0.5377358490566038,0.1790621100445066,0.2222222222222222,1.0,0.36363636363636365,0.6037163613152559
positive_rescue,1.5,1.5,1.0,0.2,True,2,1,0.9,0.1,59,37,0.26865671641791045,0.5377358490566038,0.1790621100445066,0.2222222222222222,1.0,0.36363636363636365,0.6037163613152559
negative_veto,1.5,1.5,1.0,0.2,True,2,1,0.7,0.3,59,4,0.6716417910447762,0.6084905660377358,0.4429137780627719,0.3181818181818182,0.5,0.3888888888888889,0.1915686455478749
negative_veto,1.5,1.5,1.0,0.2,True,2,1,0.9,0.3,59,4,0.6716417910447762,0.6084905660377358,0.4429137780627719,0.3181818181818182,0.5,0.3888888888888889,0.1915686455478749
negative_veto,1.5,1.5,1.0,0.2,True,2,1,0.9,0.1,59,4,0.6716417910447762,0.6084905660377358,0.4078640367630305,0.3181818181818182,0.5,0.3888888888888889,0.20893029187358564
two_way,1.5,1.5,1.0,0.2,True,2,1,0.7,0.3,59,41,0.208955223880597,0.3948787061994609,0.3694646220069948,0.1694915254237288,0.7142857142857143,0.273972602739726,0.40469192385236125
two_way,1.5,1.5,1.0,0.2,True,2,1,0.9,0.3,59,41,0.208955223880597,0.3948787061994609,0.1845574387947269,0.1694915254237288,0.7142857142857143,0.273972602739726,0.6254131627549064
two_way,1.5,1.5,1.0,0.2,True,2,1,0.9,0.1,59,41,0.208955223880597,0.3948787061994609,0.18167143590872403,0.1694915254237288,0.7142857142857143,0.273972602739726,0.6427748090806172
positive_rescue,1.5,1.5,1.0,0.2,True,2,2,0.7,0.3,59,37,0.26865671641791045,0.5377358490566038,0.4816557065272786,0.2222222222222222,1.0,0.36363636363636365,0.38299512241271066
positive_rescue,1.5,1.5,1.0,0.2,True,2,2,0.9,0.3,59,37,0.26865671641791045,0.5377358490566038,0.1790621100445066,0.2222222222222222,1.0,0.36363636363636365,0.6037163613152559
positive_rescue,1.5,1.5,1.0,0.2,True,2,2,0.9,0.1,59,37,0.26865671641791045,0.5377358490566038,0.1790621100445066,0.2222222222222222,1.0,0.36363636363636365,0.6037163613152559
negative_veto,1.5,1.5,1.0,0.2,True,2,2,0.7,0.3,59,4,0.6716417910447762,0.6084905660377358,0.4429137780627719,0.3181818181818182,0.5,0.3888888888888889,0.1915686455478749
negative_veto,1.5,1.5,1.0,0.2,True,2,2,0.9,0.3,59,4,0.6716417910447762,0.6084905660377358,0.4429137780627719,0.3181818181818182,0.5,0.3888888888888889,0.1915686455478749
negative_veto,1.5,1.5,1.0,0.2,True,2,2,0.9,0.1,59,4,0.6716417910447762,0.6084905660377358,0.4078640367630305,0.3181818181818182,0.5,0.3888888888888889,0.20893029187358564
two_way,1.5,1.5,1.0,0.2,True,2,2,0.7,0.3,59,41,0.208955223880597,0.3948787061994609,0.3694646220069948,0.1694915254237288,0.7142857142857143,0.273972602739726,0.40469192385236125
two_way,1.5,1.5,1.0,0.2,True,2,2,0.9,0.3,59,41,0.208955223880597,0.3948787061994609,0.1845574387947269,0.1694915254237288,0.7142857142857143,0.273972602739726,0.6254131627549064
two_way,1.5,1.5,1.0,0.2,True,2,2,0.9,0.1,59,41,0.208955223880597,0.3948787061994609,0.18167143590872403,0.1694915254237288,0.7142857142857143,0.273972602739726,0.6427748090806172
positive_rescue,1.5,1.5,1.0,0.2,True,3,1,0.7,0.3,58,36,0.2835820895522388,0.5471698113207547,0.48356239904740317,0.22580645161290322,1.0,0.3684210526315789,0.37639703342313247
positive_rescue,1.5,1.5,1.0,0.2,True,3,1,0.9,0.3,58,36,0.2835820895522388,0.5471698113207547,0.18210712962227488,0.22580645161290322,1.0,0.3684210526315789,0.5923421529226927
positive_rescue,1.5,1.5,1.0,0.2,True,3,1,0.9,0.1,58,36,0.2835820895522388,0.5471698113207547,0.18210712962227488,0.22580645161290322,1.0,0.3684210526315789,0.5923421529226927
negative_veto,1.5,1.5,1.0,0.2,True,3,1,0.7,0.3,58,4,0.6716417910447762,0.6084905660377358,0.4429137780627719,0.3181818181818182,0.5,0.3888888888888889,0.1915686455478749
negative_veto,1.5,1.5,1.0,0.2,True,3,1,0.9,0.3,58,4,0.6716417910447762,0.6084905660377358,0.4429137780627719,0.3181818181818182,0.5,0.3888888888888889,0.1915686455478749
negative_veto,1.5,1.5,1.0,0.2,True,3,1,0.9,0.1,58,4,0.6716417910447762,0.6084905660377358,0.4081489911703253,0.3181818181818182,0.5,0.3888888888888889,0.2083642017586862
two_way,1.5,1.5,1.0,0.2,True,3,1,0.7,0.3,58,40,0.22388059701492538,0.40431266846361186,0.37174108798135497,0.1724137931034483,0.7142857142857143,0.2777777777777778,0.39809383486278305
two_way,1.5,1.5,1.0,0.2,True,3,1,0.9,0.3,58,40,0.22388059701492538,0.40431266846361186,0.187668838391864,0.1724137931034483,0.7142857142857143,0.2777777777777778,0.6140389543623431
two_way,1.5,1.5,1.0,0.2,True,3,1,0.9,0.1,58,40,0.22388059701492538,0.40431266846361186,0.18375876996566654,0.1724137931034483,0.7142857142857143,0.2777777777777778,0.6308345105731545
positive_rescue,1.5,1.5,1.0,0.2,True,3,2,0.7,0.3,58,36,0.2835820895522388,0.5471698113207547,0.48356239904740317,0.22580645161290322,1.0,0.3684210526315789,0.37639703342313247
positive_rescue,1.5,1.5,1.0,0.2,True,3,2,0.9,0.3,58,36,0.2835820895522388,0.5471698113207547,0.18210712962227488,0.22580645161290322,1.0,0.3684210526315789,0.5923421529226927
positive_rescue,1.5,1.5,1.0,0.2,True,3,2,0.9,0.1,58,36,0.2835820895522388,0.5471698113207547,0.18210712962227488,0.22580645161290322,1.0,0.3684210526315789,0.5923421529226927
negative_veto,1.5,1.5,1.0,0.2,True,3,2,0.7,0.3,58,4,0.6716417910447762,0.6084905660377358,0.4429137780627719,0.3181818181818182,0.5,0.3888888888888889,0.1915686455478749
negative_veto,1.5,1.5,1.0,0.2,True,3,2,0.9,0.3,58,4,0.6716417910447762,0.6084905660377358,0.4429137780627719,0.3181818181818182,0.5,0.3888888888888889,0.1915686455478749
negative_veto,1.5,1.5,1.0,0.2,True,3,2,0.9,0.1,58,4,0.6716417910447762,0.6084905660377358,0.4081489911703253,0.3181818181818182,0.5,0.3888888888888889,0.2083642017586862
two_way,1.5,1.5,1.0,0.2,True,3,2,0.7,0.3,58,40,0.22388059701492538,0.40431266846361186,0.37174108798135497,0.1724137931034483,0.7142857142857143,0.2777777777777778,0.39809383486278305
two_way,1.5,1.5,1.0,0.2,True,3,2,0.9,0.3,58,40,0.22388059701492538,0.40431266846361186,0.187668838391864,0.1724137931034483,0.7142857142857143,0.2777777777777778,0.6140389543623431
two_way,1.5,1.5,1.0,0.2,True,3,2,0.9,0.1,58,40,0.22388059701492538,0.40431266846361186,0.18375876996566654,0.1724137931034483,0.7142857142857143,0.2777777777777778,0.6308345105731545
positive_rescue,1.5,1.5,1.0,0.4,False,2,1,0.7,0.3,61,39,0.23880597014925373,0.5188679245283019,0.4780227956567241,0.2153846153846154,1.0,0.35443037974683544,0.397124798623421
positive_rescue,1.5,1.5,1.0,0.4,False,2,1,0.9,0.3,61,39,0.23880597014925373,0.5188679245283019,0.17326781592818552,0.2153846153846154,1.0,0.35443037974683544,0.6273982763319365
positive_rescue,1.5,1.5,1.0,0.4,False,2,1,0.9,0.1,61,39,0.23880597014925373,0.5188679245283019,0.17326781592818552,0.2153846153846154,1.0,0.35443037974683544,0.6273982763319365
negative_veto,1.5,1.5,1.0,0.4,False,2,1,0.7,0.3,61,4,0.6716417910447762,0.6084905660377358,0.4429137780627719,0.3181818181818182,0.5,0.3888888888888889,0.1915686455478749
negative_veto,1.5,1.5,1.0,0.4,False,2,1,0.9,0.3,61,4,0.6716417910447762,0.6084905660377358,0.4429137780627719,0.3181818181818182,0.5,0.3888888888888889,0.1915686455478749
negative_veto,1.5,1.5,1.0,0.4,False,2,1,0.9,0.1,61,4,0.6716417910447762,0.6084905660377358,0.4078640367630305,0.3181818181818182,0.5,0.3888888888888889,0.20918998568673583
two_way,1.5,1.5,1.0,0.4,False,2,1,0.7,0.3,61,43,0.1791044776119403,0.37601078167115903,0.3651294061130126,0.16393442622950818,0.7142857142857143,0.26666666666666666,0.41882160006307156
two_way,1.5,1.5,1.0,0.4,False,2,1,0.9,0.3,61,43,0.1791044776119403,0.37601078167115903,0.17863448027382453,0.16393442622950818,0.7142857142857143,0.26666666666666666,0.6490950777715871
two_way,1.5,1.5,1.0,0.4,False,2,1,0.9,0.1,61,43,0.1791044776119403,0.37601078167115903,0.1767975112726764,0.16393442622950818,0.7142857142857143,0.26666666666666666,0.666716417910448
positive_rescue,1.5,1.5,1.0,0.4,False,2,2,0.7,0.3,61,39,0.23880597014925373,0.5188679245283019,0.4780227956567241,0.2153846153846154,1.0,0.35443037974683544,0.397124798623421
positive_rescue,1.5,1.5,1.0,0.4,False,2,2,0.9,0.3,61,39,0.23880597014925373,0.5188679245283019,0.17326781592818552,0.2153846153846154,1.0,0.35443037974683544,0.6273982763319365
positive_rescue,1.5,1.5,1.0,0.4,False,2,2,0.9,0.1,61,39,0.23880597014925373,0.5188679245283019,0.17326781592818552,0.2153846153846154,1.0,0.35443037974683544,0.6273982763319365
negative_veto,1.5,1.5,1.0,0.4,False,2,2,0.7,0.3,61,4,0.6716417910447762,0.6084905660377358,0.4429137780627719,0.3181818181818182,0.5,0.3888888888888889,0.1915686455478749
negative_veto,1.5,1.5,1.0,0.4,False,2,2,0.9,0.3,61,4,0.6716417910447762,0.6084905660377358,0.4429137780627719,0.3181818181818182,0.5,0.3888888888888889,0.1915686455478749
negative_veto,1.5,1.5,1.0,0.4,False,2,2,0.9,0.1,61,4,0.6716417910447762,0.6084905660377358,0.4078640367630305,0.3181818181818182,0.5,0.3888888888888889,0.20918998568673583
two_way,1.5,1.5,1.0,0.4,False,2,2,0.7,0.3,61,43,0.1791044776119403,0.37601078167115903,0.3651294061130126,0.16393442622950818,0.7142857142857143,0.26666666666666666,0.41882160006307156
two_way,1.5,1.5,1.0,0.4,False,2,2,0.9,0.3,61,43,0.1791044776119403,0.37601078167115903,0.17863448027382453,0.16393442622950818,0.7142857142857143,0.26666666666666666,0.6490950777715871
two_way,1.5,1.5,1.0,0.4,False,2,2,0.9,0.1,61,43,0.1791044776119403,0.37601078167115903,0.1767975112726764,0.16393442622950818,0.7142857142857143,0.26666666666666666,0.666716417910448
positive_rescue,1.5,1.5,1.0,0.4,False,3,1,0.7,0.3,60,38,0.2537313432835821,0.5283018867924528,0.47981013642015935,0.21875,1.0,0.358974358974359,0.3898996077040381
positive_rescue,1.5,1.5,1.0,0.4,False,3,1,0.9,0.3,60,38,0.2537313432835821,0.5283018867924528,0.176117294926079,0.21875,1.0,0.358974358974359,0.6153969660095684
positive_rescue,1.5,1.5,1.0,0.4,False,3,1,0.9,0.1,60,38,0.2537313432835821,0.5283018867924528,0.176117294926079,0.21875,1.0,0.358974358974359,0.6153969660095684
negative_veto,1.5,1.5,1.0,0.4,False,3,1,0.7,0.3,60,4,0.6716417910447762,0.6084905660377358,0.4429137780627719,0.3181818181818182,0.5,0.3888888888888889,0.1915686455478749
negative_veto,1.5,1.5,1.0,0.4,False,3,1,0.9,0.3,60,4,0.6716417910447762,0.6084905660377358,0.4429137780627719,0.3181818181818182,0.5,0.3888888888888889,0.1915686455478749
negative_veto,1.5,1.5,1.0,0.4,False,3,1,0.9,0.1,60,4,0.6716417910447762,0.6084905660377358,0.4078640367630305,0.3181818181818182,0.5,0.3888888888888889,0.20918998568673583
two_way,1.5,1.5,1.0,0.4,False,3,1,0.7,0.3,60,42,0.19402985074626866,0.38544474393531,0.3672619047619047,0.16666666666666666,0.7142857142857143,0.2702702702702703,0.41159640914368867
two_way,1.5,1.5,1.0,0.4,False,3,1,0.9,0.3,60,42,0.19402985074626866,0.38544474393531,0.18154761904761904,0.16666666666666666,0.7142857142857143,0.2702702702702703,0.637093767449219
two_way,1.5,1.5,1.0,0.4,False,3,1,0.9,0.1,60,42,0.19402985074626866,0.38544474393531,0.17965367965367965,0.16666666666666666,0.7142857142857143,0.2702702702702703,0.6547151075880799
positive_rescue,1.5,1.5,1.0,0.4,False,3,2,0.7,0.3,60,38,0.2537313432835821,0.5283018867924528,0.47981013642015935,0.21875,1.0,0.358974358974359,0.3898996077040381
positive_rescue,1.5,1.5,1.0,0.4,False,3,2,0.9,0.3,60,38,0.2537313432835821,0.5283018867924528,0.176117294926079,0.21875,1.0,0.358974358974359,0.6153969660095684
positive_rescue,1.5,1.5,1.0,0.4,False,3,2,0.9,0.1,60,38,0.2537313432835821,0.5283018867924528,0.176117294926079,0.21875,1.0,0.358974358974359,0.6153969660095684
negative_veto,1.5,1.5,1.0,0.4,False,3,2,0.7,0.3,60,4,0.6716417910447762,0.6084905660377358,0.4429137780627719,0.3181818181818182,0.5,0.3888888888888889,0.1915686455478749
negative_veto,1.5,1.5,1.0,0.4,False,3,2,0.9,0.3,60,4,0.6716417910447762,0.6084905660377358,0.4429137780627719,0.3181818181818182,0.5,0.3888888888888889,0.1915686455478749
negative_veto,1.5,1.5,1.0,0.4,False,3,2,0.9,0.1,60,4,0.6716417910447762,0.6084905660377358,0.4078640367630305,0.3181818181818182,0.5,0.3888888888888889,0.20918998568673583
two_way,1.5,1.5,1.0,0.4,False,3,2,0.7,0.3,60,42,0.19402985074626866,0.38544474393531,0.3672619047619047,0.16666666666666666,0.7142857142857143,0.2702702702702703,0.41159640914368867
two_way,1.5,1.5,1.0,0.4,False,3,2,0.9,0.3,60,42,0.19402985074626866,0.38544474393531,0.18154761904761904,0.16666666666666666,0.7142857142857143,0.2702702702702703,0.637093767449219
two_way,1.5,1.5,1.0,0.4,False,3,2,0.9,0.1,60,42,0.19402985074626866,0.38544474393531,0.17965367965367965,0.16666666666666666,0.7142857142857143,0.2702702702702703,0.6547151075880799
positive_rescue,1.5,1.5,1.0,0.4,True,2,1,0.7,0.3,59,37,0.26865671641791045,0.5377358490566038,0.4816557065272786,0.2222222222222222,1.0,0.36363636363636365,0.38299512241271066
positive_rescue,1.5,1.5,1.0,0.4,True,2,1,0.9,0.3,59,37,0.26865671641791045,0.5377358490566038,0.1790621100445066,0.2222222222222222,1.0,0.36363636363636365,0.6037163613152559
positive_rescue,1.5,1.5,1.0,0.4,True,2,1,0.9,0.1,59,37,0.26865671641791045,0.5377358490566038,0.1790621100445066,0.2222222222222222,1.0,0.36363636363636365,0.6037163613152559
negative_veto,1.5,1.5,1.0,0.4,True,2,1,0.7,0.3,59,4,0.6716417910447762,0.6084905660377358,0.4429137780627719,0.3181818181818182,0.5,0.3888888888888889,0.1915686455478749
negative_veto,1.5,1.5,1.0,0.4,True,2,1,0.9,0.3,59,4,0.6716417910447762,0.6084905660377358,0.4429137780627719,0.3181818181818182,0.5,0.3888888888888889,0.1915686455478749
negative_veto,1.5,1.5,1.0,0.4,True,2,1,0.9,0.1,59,4,0.6716417910447762,0.6084905660377358,0.4078640367630305,0.3181818181818182,0.5,0.3888888888888889,0.20893029187358564
two_way,1.5,1.5,1.0,0.4,True,2,1,0.7,0.3,59,41,0.208955223880597,0.3948787061994609,0.3694646220069948,0.1694915254237288,0.7142857142857143,0.273972602739726,0.40469192385236125
two_way,1.5,1.5,1.0,0.4,True,2,1,0.9,0.3,59,41,0.208955223880597,0.3948787061994609,0.1845574387947269,0.1694915254237288,0.7142857142857143,0.273972602739726,0.6254131627549064
two_way,1.5,1.5,1.0,0.4,True,2,1,0.9,0.1,59,41,0.208955223880597,0.3948787061994609,0.18167143590872403,0.1694915254237288,0.7142857142857143,0.273972602739726,0.6427748090806172
positive_rescue,1.5,1.5,1.0,0.4,True,2,2,0.7,0.3,59,37,0.26865671641791045,0.5377358490566038,0.4816557065272786,0.2222222222222222,1.0,0.36363636363636365,0.38299512241271066
positive_rescue,1.5,1.5,1.0,0.4,True,2,2,0.9,0.3,59,37,0.26865671641791045,0.5377358490566038,0.1790621100445066,0.2222222222222222,1.0,0.36363636363636365,0.6037163613152559
positive_rescue,1.5,1.5,1.0,0.4,True,2,2,0.9,0.1,59,37,0.26865671641791045,0.5377358490566038,0.1790621100445066,0.2222222222222222,1.0,0.36363636363636365,0.6037163613152559
negative_veto,1.5,1.5,1.0,0.4,True,2,2,0.7,0.3,59,4,0.6716417910447762,0.6084905660377358,0.4429137780627719,0.3181818181818182,0.5,0.3888888888888889,0.1915686455478749
negative_veto,1.5,1.5,1.0,0.4,True,2,2,0.9,0.3,59,4,0.6716417910447762,0.6084905660377358,0.4429137780627719,0.3181818181818182,0.5,0.3888888888888889,0.1915686455478749
negative_veto,1.5,1.5,1.0,0.4,True,2,2,0.9,0.1,59,4,0.6716417910447762,0.6084905660377358,0.4078640367630305,0.3181818181818182,0.5,0.3888888888888889,0.20893029187358564
two_way,1.5,1.5,1.0,0.4,True,2,2,0.7,0.3,59,41,0.208955223880597,0.3948787061994609,0.3694646220069948,0.1694915254237288,0.7142857142857143,0.273972602739726,0.40469192385236125
two_way,1.5,1.5,1.0,0.4,True,2,2,0.9,0.3,59,41,0.208955223880597,0.3948787061994609,0.1845574387947269,0.1694915254237288,0.7142857142857143,0.273972602739726,0.6254131627549064
two_way,1.5,1.5,1.0,0.4,True,2,2,0.9,0.1,59,41,0.208955223880597,0.3948787061994609,0.18167143590872403,0.1694915254237288,0.7142857142857143,0.273972602739726,0.6427748090806172
positive_rescue,1.5,1.5,1.0,0.4,True,3,1,0.7,0.3,59,37,0.26865671641791045,0.5377358490566038,0.4816557065272786,0.2222222222222222,1.0,0.36363636363636365,0.38299512241271066
positive_rescue,1.5,1.5,1.0,0.4,True,3,1,0.9,0.3,59,37,0.26865671641791045,0.5377358490566038,0.1790621100445066,0.2222222222222222,1.0,0.36363636363636365,0.6037163613152559
positive_rescue,1.5,1.5,1.0,0.4,True,3,1,0.9,0.1,59,37,0.26865671641791045,0.5377358490566038,0.1790621100445066,0.2222222222222222,1.0,0.36363636363636365,0.6037163613152559
negative_veto,1.5,1.5,1.0,0.4,True,3,1,0.7,0.3,59,4,0.6716417910447762,0.6084905660377358,0.4429137780627719,0.3181818181818182,0.5,0.3888888888888889,0.1915686455478749
negative_veto,1.5,1.5,1.0,0.4,True,3,1,0.9,0.3,59,4,0.6716417910447762,0.6084905660377358,0.4429137780627719,0.3181818181818182,0.5,0.3888888888888889,0.1915686455478749
negative_veto,1.5,1.5,1.0,0.4,True,3,1,0.9,0.1,59,4,0.6716417910447762,0.6084905660377358,0.4078640367630305,0.3181818181818182,0.5,0.3888888888888889,0.20893029187358564
two_way,1.5,1.5,1.0,0.4,True,3,1,0.7,0.3,59,41,0.208955223880597,0.3948787061994609,0.3694646220069948,0.1694915254237288,0.7142857142857143,0.273972602739726,0.40469192385236125
two_way,1.5,1.5,1.0,0.4,True,3,1,0.9,0.3,59,41,0.208955223880597,0.3948787061994609,0.1845574387947269,0.1694915254237288,0.7142857142857143,0.273972602739726,0.6254131627549064
two_way,1.5,1.5,1.0,0.4,True,3,1,0.9,0.1,59,41,0.208955223880597,0.3948787061994609,0.18167143590872403,0.1694915254237288,0.7142857142857143,0.273972602739726,0.6427748090806172
positive_rescue,1.5,1.5,1.0,0.4,True,3,2,0.7,0.3,59,37,0.26865671641791045,0.5377358490566038,0.4816557065272786,0.2222222222222222,1.0,0.36363636363636365,0.38299512241271066
positive_rescue,1.5,1.5,1.0,0.4,True,3,2,0.9,0.3,59,37,0.26865671641791045,0.5377358490566038,0.1790621100445066,0.2222222222222222,1.0,0.36363636363636365,0.6037163613152559
positive_rescue,1.5,1.5,1.0,0.4,True,3,2,0.9,0.1,59,37,0.26865671641791045,0.5377358490566038,0.1790621100445066,0.2222222222222222,1.0,0.36363636363636365,0.6037163613152559
negative_veto,1.5,1.5,1.0,0.4,True,3,2,0.7,0.3,59,4,0.6716417910447762,0.6084905660377358,0.4429137780627719,0.3181818181818182,0.5,0.3888888888888889,0.1915686455478749
negative_veto,1.5,1.5,1.0,0.4,True,3,2,0.9,0.3,59,4,0.6716417910447762,0.6084905660377358,0.4429137780627719,0.3181818181818182,0.5,0.3888888888888889,0.1915686455478749
negative_veto,1.5,1.5,1.0,0.4,True,3,2,0.9,0.1,59,4,0.6716417910447762,0.6084905660377358,0.4078640367630305,0.3181818181818182,0.5,0.3888888888888889,0.20893029187358564
two_way,1.5,1.5,1.0,0.4,True,3,2,0.7,0.3,59,41,0.208955223880597,0.3948787061994609,0.3694646220069948,0.1694915254237288,0.7142857142857143,0.273972602739726,0.40469192385236125
two_way,1.5,1.5,1.0,0.4,True,3,2,0.9,0.3,59,41,0.208955223880597,0.3948787061994609,0.1845574387947269,0.1694915254237288,0.7142857142857143,0.273972602739726,0.6254131627549064
two_way,1.5,1.5,1.0,0.4,True,3,2,0.9,0.1,59,41,0.208955223880597,0.3948787061994609,0.18167143590872403,0.1694915254237288,0.7142857142857143,0.273972602739726,0.6427748090806172
positive_rescue,1.5,1.5,2.0,0.2,False,2,1,0.7,0.3,58,36,0.2835820895522388,0.5471698113207547,0.48356239904740317,0.22580645161290322,1.0,0.3684210526315789,0.37639703342313247
positive_rescue,1.5,1.5,2.0,0.2,False,2,1,0.9,0.3,58,36,0.2835820895522388,0.5471698113207547,0.18210712962227488,0.22580645161290322,1.0,0.3684210526315789,0.5923421529226927
positive_rescue,1.5,1.5,2.0,0.2,False,2,1,0.9,0.1,58,36,0.2835820895522388,0.5471698113207547,0.18210712962227488,0.22580645161290322,1.0,0.3684210526315789,0.5923421529226927
negative_veto,1.5,1.5,2.0,0.2,False,2,1,0.7,0.3,58,4,0.6716417910447762,0.6084905660377358,0.4429137780627719,0.3181818181818182,0.5,0.3888888888888889,0.1915686455478749
negative_veto,1.5,1.5,2.0,0.2,False,2,1,0.9,0.3,58,4,0.6716417910447762,0.6084905660377358,0.4429137780627719,0.3181818181818182,0.5,0.3888888888888889,0.1915686455478749
negative_veto,1.5,1.5,2.0,0.2,False,2,1,0.9,0.1,58,4,0.6716417910447762,0.6084905660377358,0.4081489911703253,0.3181818181818182,0.5,0.3888888888888889,0.2083642017586862
two_way,1.5,1.5,2.0,0.2,False,2,1,0.7,0.3,58,40,0.22388059701492538,0.40431266846361186,0.37174108798135497,0.1724137931034483,0.7142857142857143,0.2777777777777778,0.39809383486278305
two_way,1.5,1.5,2.0,0.2,False,2,1,0.9,0.3,58,40,0.22388059701492538,0.40431266846361186,0.187668838391864,0.1724137931034483,0.7142857142857143,0.2777777777777778,0.6140389543623431
two_way,1.5,1.5,2.0,0.2,False,2,1,0.9,0.1,58,40,0.22388059701492538,0.40431266846361186,0.18375876996566654,0.1724137931034483,0.7142857142857143,0.2777777777777778,0.6308345105731545
positive_rescue,1.5,1.5,2.0,0.2,False,2,2,0.7,0.3,58,36,0.2835820895522388,0.5471698113207547,0.48356239904740317,0.22580645161290322,1.0,0.3684210526315789,0.37639703342313247
positive_rescue,1.5,1.5,2.0,0.2,False,2,2,0.9,0.3,58,36,0.2835820895522388,0.5471698113207547,0.18210712962227488,0.22580645161290322,1.0,0.3684210526315789,0.5923421529226927
positive_rescue,1.5,1.5,2.0,0.2,False,2,2,0.9,0.1,58,36,0.2835820895522388,0.5471698113207547,0.18210712962227488,0.22580645161290322,1.0,0.3684210526315789,0.5923421529226927
negative_veto,1.5,1.5,2.0,0.2,False,2,2,0.7,0.3,58,4,0.6716417910447762,0.6084905660377358,0.4429137780627719,0.3181818181818182,0.5,0.3888888888888889,0.1915686455478749
negative_veto,1.5,1.5,2.0,0.2,False,2,2,0.9,0.3,58,4,0.6716417910447762,0.6084905660377358,0.4429137780627719,0.3181818181818182,0.5,0.3888888888888889,0.1915686455478749
negative_veto,1.5,1.5,2.0,0.2,False,2,2,0.9,0.1,58,4,0.6716417910447762,0.6084905660377358,0.4081489911703253,0.3181818181818182,0.5,0.3888888888888889,0.2083642017586862
two_way,1.5,1.5,2.0,0.2,False,2,2,0.7,0.3,58,40,0.22388059701492538,0.40431266846361186,0.37174108798135497,0.1724137931034483,0.7142857142857143,0.2777777777777778,0.39809383486278305
two_way,1.5,1.5,2.0,0.2,False,2,2,0.9,0.3,58,40,0.22388059701492538,0.40431266846361186,0.187668838391864,0.1724137931034483,0.7142857142857143,0.2777777777777778,0.6140389543623431
two_way,1.5,1.5,2.0,0.2,False,2,2,0.9,0.1,58,40,0.22388059701492538,0.40431266846361186,0.18375876996566654,0.1724137931034483,0.7142857142857143,0.2777777777777778,0.6308345105731545
positive_rescue,1.5,1.5,2.0,0.2,False,3,1,0.7,0.3,57,35,0.29850746268656714,0.5566037735849056,0.4855333019565147,0.22950819672131148,1.0,0.37333333333333335,0.36915050394537624
positive_rescue,1.5,1.5,2.0,0.2,False,3,1,0.9,0.3,57,35,0.29850746268656714,0.5566037735849056,0.18525755937303762,0.22950819672131148,1.0,0.37333333333333335,0.5803195040419512
positive_rescue,1.5,1.5,2.0,0.2,False,3,1,0.9,0.1,57,35,0.29850746268656714,0.5566037735849056,0.18525755937303762,0.22950819672131148,1.0,0.37333333333333335,0.5803195040419512
negative_veto,1.5,1.5,2.0,0.2,False,3,1,0.7,0.3,57,4,0.6716417910447762,0.6084905660377358,0.4429137780627719,0.3181818181818182,0.5,0.3888888888888889,0.1915686455478749
negative_veto,1.5,1.5,2.0,0.2,False,3,1,0.9,0.3,57,4,0.6716417910447762,0.6084905660377358,0.4429137780627719,0.3181818181818182,0.5,0.3888888888888889,0.1915686455478749
negative_veto,1.5,1.5,2.0,0.2,False,3,1,0.9,0.1,57,4,0.6716417910447762,0.6084905660377358,0.4081489911703253,0.3181818181818182,0.5,0.3888888888888889,0.2083642017586862
two_way,1.5,1.5,2.0,0.2,False,3,1,0.7,0.3,57,39,0.23880597014925373,0.4137466307277628,0.37409507374994866,0.17543859649122806,0.7142857142857143,0.28169014084507044,0.3908473053850268
two_way,1.5,1.5,2.0,0.2,False,3,1,0.9,0.3,57,39,0.23880597014925373,0.4137466307277628,0.19088705369982334,0.17543859649122806,0.7142857142857143,0.28169014084507044,0.6020163054816018
two_way,1.5,1.5,2.0,0.2,False,3,1,0.9,0.1,57,39,0.23880597014925373,0.4137466307277628,0.18685174474648159,0.17543859649122806,0.7142857142857143,0.28169014084507044,0.6188118616924131
positive_rescue,1.5,1.5,2.0,0.2,False,3,2,0.7,0.3,57,35,0.29850746268656714,0.5566037735849056,0.4855333019565147,0.22950819672131148,1.0,0.37333333333333335,0.36915050394537624
positive_rescue,1.5,1.5,2.0,0.2,False,3,2,0.9,0.3,57,35,0.29850746268656714,0.5566037735849056,0.18525755937303762,0.22950819672131148,1.0,0.37333333333333335,0.5803195040419512
positive_rescue,1.5,1.5,2.0,0.2,False,3,2,0.9,0.1,57,35,0.29850746268656714,0.5566037735849056,0.18525755937303762,0.22950819672131148,1.0,0.37333333333333335,0.5803195040419512
negative_veto,1.5,1.5,2.0,0.2,False,3,2,0.7,0.3,57,4,0.6716417910447762,0.6084905660377358,0.4429137780627719,0.3181818181818182,0.5,0.3888888888888889,0.1915686455478749
negative_veto,1.5,1.5,2.0,0.2,False,3,2,0.9,0.3,57,4,0.6716417910447762,0.6084905660377358,0.4429137780627719,0.3181818181818182,0.5,0.3888888888888889,0.1915686455478749
negative_veto,1.5,1.5,2.0,0.2,False,3,2,0.9,0.1,57,4,0.6716417910447762,0.6084905660377358,0.4081489911703253,0.3181818181818182,0.5,0.3888888888888889,0.2083642017586862
two_way,1.5,1.5,2.0,0.2,False,3,2,0.7,0.3,57,39,0.23880597014925373,0.4137466307277628,0.37409507374994866,0.17543859649122806,0.7142857142857143,0.28169014084507044,0.3908473053850268
two_way,1.5,1.5,2.0,0.2,False,3,2,0.9,0.3,57,39,0.23880597014925373,0.4137466307277628,0.19088705369982334,0.17543859649122806,0.7142857142857143,0.28169014084507044,0.6020163054816018
two_way,1.5,1.5,2.0,0.2,False,3,2,0.9,0.1,57,39,0.23880597014925373,0.4137466307277628,0.18685174474648159,0.17543859649122806,0.7142857142857143,0.28169014084507044,0.6188118616924131
positive_rescue,1.5,1.5,2.0,0.2,True,2,1,0.7,0.3,57,35,0.29850746268656714,0.5566037735849056,0.4855333019565147,0.22950819672131148,1.0,0.37333333333333335,0.3698643055475815
positive_rescue,1.5,1.5,2.0,0.2,True,2,1,0.9,0.3,57,35,0.29850746268656714,0.5566037735849056,0.18525755937303762,0.22950819672131148,1.0,0.37333333333333335,0.5810333056441565
positive_rescue,1.5,1.5,2.0,0.2,True,2,1,0.9,0.1,57,35,0.29850746268656714,0.5566037735849056,0.18525755937303762,0.22950819672131148,1.0,0.37333333333333335,0.5810333056441565
negative_veto,1.5,1.5,2.0,0.2,True,2,1,0.7,0.3,57,4,0.6716417910447762,0.6084905660377358,0.4429137780627719,0.3181818181818182,0.5,0.3888888888888889,0.1915686455478749
negative_veto,1.5,1.5,2.0,0.2,True,2,1,0.9,0.3,57,4,0.6716417910447762,0.6084905660377358,0.4429137780627719,0.3181818181818182,0.5,0.3888888888888889,0.1915686455478749
negative_veto,1.5,1.5,2.0,0.2,True,2,1,0.9,0.1,57,4,0.6716417910447762,0.6084905660377358,0.4084463348996765,0.3181818181818182,0.5,0.3888888888888889,0.2077327505297596
two_way,1.5,1.5,2.0,0.2,True,2,1,0.7,0.3,57,39,0.23880597014925373,0.4137466307277628,0.37409507374994866,0.17543859649122806,0.7142857142857143,0.28169014084507044,0.39156110698723207
two_way,1.5,1.5,2.0,0.2,True,2,1,0.9,0.3,57,39,0.23880597014925373,0.4137466307277628,0.19088705369982334,0.17543859649122806,0.7142857142857143,0.28169014084507044,0.602730107083807
two_way,1.5,1.5,2.0,0.2,True,2,1,0.9,0.1,57,39,0.23880597014925373,0.4137466307277628,0.18591934381408065,0.17543859649122806,0.7142857142857143,0.28169014084507044,0.6188942120656917
positive_rescue,1.5,1.5,2.0,0.2,True,2,2,0.7,0.3,57,35,0.29850746268656714,0.5566037735849056,0.4855333019565147,0.22950819672131148,1.0,0.37333333333333335,0.3698643055475815
positive_rescue,1.5,1.5,2.0,0.2,True,2,2,0.9,0.3,57,35,0.29850746268656714,0.5566037735849056,0.18525755937303762,0.22950819672131148,1.0,0.37333333333333335,0.5810333056441565
positive_rescue,1.5,1.5,2.0,0.2,True,2,2,0.9,0.1,57,35,0.29850746268656714,0.5566037735849056,0.18525755937303762,0.22950819672131148,1.0,0.37333333333333335,0.5810333056441565
negative_veto,1.5,1.5,2.0,0.2,True,2,2,0.7,0.3,57,4,0.6716417910447762,0.6084905660377358,0.4429137780627719,0.3181818181818182,0.5,0.3888888888888889,0.1915686455478749
negative_veto,1.5,1.5,2.0,0.2,True,2,2,0.9,0.3,57,4,0.6716417910447762,0.6084905660377358,0.4429137780627719,0.3181818181818182,0.5,0.3888888888888889,0.1915686455478749
negative_veto,1.5,1.5,2.0,0.2,True,2,2,0.9,0.1,57,4,0.6716417910447762,0.6084905660377358,0.4084463348996765,0.3181818181818182,0.5,0.3888888888888889,0.2077327505297596
two_way,1.5,1.5,2.0,0.2,True,2,2,0.7,0.3,57,39,0.23880597014925373,0.4137466307277628,0.37409507374994866,0.17543859649122806,0.7142857142857143,0.28169014084507044,0.39156110698723207
two_way,1.5,1.5,2.0,0.2,True,2,2,0.9,0.3,57,39,0.23880597014925373,0.4137466307277628,0.19088705369982334,0.17543859649122806,0.7142857142857143,0.28169014084507044,0.602730107083807
two_way,1.5,1.5,2.0,0.2,True,2,2,0.9,0.1,57,39,0.23880597014925373,0.4137466307277628,0.18591934381408065,0.17543859649122806,0.7142857142857143,0.28169014084507044,0.6188942120656917
positive_rescue,1.5,1.5,2.0,0.2,True,3,1,0.7,0.3,53,33,0.3283582089552239,0.5754716981132075,0.4935338773413833,0.23728813559322035,1.0,0.3835616438356164,0.3512188986449485
positive_rescue,1.5,1.5,2.0,0.2,True,3,1,0.9,0.3,53,33,0.3283582089552239,0.5754716981132075,0.19843635481798488,0.23728813559322035,1.0,0.3835616438356164,0.5432834211295832
positive_rescue,1.5,1.5,2.0,0.2,True,3,1,0.9,0.1,53,33,0.3283582089552239,0.5754716981132075,0.19843635481798488,0.23728813559322035,1.0,0.3835616438356164,0.5432834211295832
negative_veto,1.5,1.5,2.0,0.2,True,3,1,0.7,0.3,53,6,0.7014925373134329,0.6273584905660378,0.45064131883984826,0.35,0.5,0.4117647058823529,0.18465732366442594
negative_veto,1.5,1.5,2.0,0.2,True,3,1,0.9,0.3,53,6,0.7014925373134329,0.6273584905660378,0.45064131883984826,0.35,0.5,0.4117647058823529,0.18465732366442594
negative_veto,1.5,1.5,2.0,0.2,True,3,1,0.9,0.1,53,6,0.7014925373134329,0.6273584905660378,0.4182660489176916,0.35,0.5,0.4117647058823529,0.19763909064120355
two_way,1.5,1.5,2.0,0.2,True,3,1,0.7,0.3,53,39,0.29850746268656714,0.4514824797843666,0.3819924771955472,0.18867924528301888,0.7142857142857143,0.29850746268656714,0.36600437820115006
two_way,1.5,1.5,2.0,0.2,True,3,1,0.9,0.3,53,39,0.29850746268656714,0.4514824797843666,0.20256749965736215,0.18867924528301888,0.7142857142857143,0.29850746268656714,0.5580689006857849
two_way,1.5,1.5,2.0,0.2,True,3,1,0.9,0.1,53,39,0.29850746268656714,0.4514824797843666,0.19630935102633218,0.18867924528301888,0.7142857142857143,0.29850746268656714,0.5710506676625624
positive_rescue,1.5,1.5,2.0,0.2,True,3,2,0.7,0.3,53,33,0.3283582089552239,0.5754716981132075,0.4935338773413833,0.23728813559322035,1.0,0.3835616438356164,0.3512188986449485
positive_rescue,1.5,1.5,2.0,0.2,True,3,2,0.9,0.3,53,33,0.3283582089552239,0.5754716981132075,0.19843635481798488,0.23728813559322035,1.0,0.3835616438356164,0.5432834211295832
positive_rescue,1.5,1.5,2.0,0.2,True,3,2,0.9,0.1,53,33,0.3283582089552239,0.5754716981132075,0.19843635481798488,0.23728813559322035,1.0,0.3835616438356164,0.5432834211295832
negative_veto,1.5,1.5,2.0,0.2,True,3,2,0.7,0.3,53,6,0.7014925373134329,0.6273584905660378,0.45064131883984826,0.35,0.5,0.4117647058823529,0.18465732366442594
negative_veto,1.5,1.5,2.0,0.2,True,3,2,0.9,0.3,53,6,0.7014925373134329,0.6273584905660378,0.45064131883984826,0.35,0.5,0.4117647058823529,0.18465732366442594
negative_veto,1.5,1.5,2.0,0.2,True,3,2,0.9,0.1,53,6,0.7014925373134329,0.6273584905660378,0.4182660489176916,0.35,0.5,0.4117647058823529,0.19763909064120355
two_way,1.5,1.5,2.0,0.2,True,3,2,0.7,0.3,53,39,0.29850746268656714,0.4514824797843666,0.3819924771955472,0.18867924528301888,0.7142857142857143,0.29850746268656714,0.36600437820115006
two_way,1.5,1.5,2.0,0.2,True,3,2,0.9,0.3,53,39,0.29850746268656714,0.4514824797843666,0.20256749965736215,0.18867924528301888,0.7142857142857143,0.29850746268656714,0.5580689006857849
two_way,1.5,1.5,2.0,0.2,True,3,2,0.9,0.1,53,39,0.29850746268656714,0.4514824797843666,0.19630935102633218,0.18867924528301888,0.7142857142857143,0.29850746268656714,0.5710506676625624
positive_rescue,1.5,1.5,2.0,0.4,False,2,1,0.7,0.3,58,36,0.2835820895522388,0.5471698113207547,0.48356239904740317,0.22580645161290322,1.0,0.3684210526315789,0.37639703342313247
positive_rescue,1.5,1.5,2.0,0.4,False,2,1,0.9,0.3,58,36,0.2835820895522388,0.5471698113207547,0.18210712962227488,0.22580645161290322,1.0,0.3684210526315789,0.5923421529226927
positive_rescue,1.5,1.5,2.0,0.4,False,2,1,0.9,0.1,58,36,0.2835820895522388,0.5471698113207547,0.18210712962227488,0.22580645161290322,1.0,0.3684210526315789,0.5923421529226927
negative_veto,1.5,1.5,2.0,0.4,False,2,1,0.7,0.3,58,4,0.6716417910447762,0.6084905660377358,0.4429137780627719,0.3181818181818182,0.5,0.3888888888888889,0.1915686455478749
negative_veto,1.5,1.5,2.0,0.4,False,2,1,0.9,0.3,58,4,0.6716417910447762,0.6084905660377358,0.4429137780627719,0.3181818181818182,0.5,0.3888888888888889,0.1915686455478749
negative_veto,1.5,1.5,2.0,0.4,False,2,1,0.9,0.1,58,4,0.6716417910447762,0.6084905660377358,0.4081489911703253,0.3181818181818182,0.5,0.3888888888888889,0.2083642017586862
two_way,1.5,1.5,2.0,0.4,False,2,1,0.7,0.3,58,40,0.22388059701492538,0.40431266846361186,0.37174108798135497,0.1724137931034483,0.7142857142857143,0.2777777777777778,0.39809383486278305
two_way,1.5,1.5,2.0,0.4,False,2,1,0.9,0.3,58,40,0.22388059701492538,0.40431266846361186,0.187668838391864,0.1724137931034483,0.7142857142857143,0.2777777777777778,0.6140389543623431
two_way,1.5,1.5,2.0,0.4,False,2,1,0.9,0.1,58,40,0.22388059701492538,0.40431266846361186,0.18375876996566654,0.1724137931034483,0.7142857142857143,0.2777777777777778,0.6308345105731545
positive_rescue,1.5,1.5,2.0,0.4,False,2,2,0.7,0.3,58,36,0.2835820895522388,0.5471698113207547,0.48356239904740317,0.22580645161290322,1.0,0.3684210526315789,0.37639703342313247
positive_rescue,1.5,1.5,2.0,0.4,False,2,2,0.9,0.3,58,36,0.2835820895522388,0.5471698113207547,0.18210712962227488,0.22580645161290322,1.0,0.3684210526315789,0.5923421529226927
positive_rescue,1.5,1.5,2.0,0.4,False,2,2,0.9,0.1,58,36,0.2835820895522388,0.5471698113207547,0.18210712962227488,0.22580645161290322,1.0,0.3684210526315789,0.5923421529226927
negative_veto,1.5,1.5,2.0,0.4,False,2,2,0.7,0.3,58,4,0.6716417910447762,0.6084905660377358,0.4429137780627719,0.3181818181818182,0.5,0.3888888888888889,0.1915686455478749
negative_veto,1.5,1.5,2.0,0.4,False,2,2,0.9,0.3,58,4,0.6716417910447762,0.6084905660377358,0.4429137780627719,0.3181818181818182,0.5,0.3888888888888889,0.1915686455478749
negative_veto,1.5,1.5,2.0,0.4,False,2,2,0.9,0.1,58,4,0.6716417910447762,0.6084905660377358,0.4081489911703253,0.3181818181818182,0.5,0.3888888888888889,0.2083642017586862
two_way,1.5,1.5,2.0,0.4,False,2,2,0.7,0.3,58,40,0.22388059701492538,0.40431266846361186,0.37174108798135497,0.1724137931034483,0.7142857142857143,0.2777777777777778,0.39809383486278305
two_way,1.5,1.5,2.0,0.4,False,2,2,0.9,0.3,58,40,0.22388059701492538,0.40431266846361186,0.187668838391864,0.1724137931034483,0.7142857142857143,0.2777777777777778,0.6140389543623431
two_way,1.5,1.5,2.0,0.4,False,2,2,0.9,0.1,58,40,0.22388059701492538,0.40431266846361186,0.18375876996566654,0.1724137931034483,0.7142857142857143,0.2777777777777778,0.6308345105731545
positive_rescue,1.5,1.5,2.0,0.4,False,3,1,0.7,0.3,57,35,0.29850746268656714,0.5566037735849056,0.4855333019565147,0.22950819672131148,1.0,0.37333333333333335,0.36915050394537624
positive_rescue,1.5,1.5,2.0,0.4,False,3,1,0.9,0.3,57,35,0.29850746268656714,0.5566037735849056,0.18525755937303762,0.22950819672131148,1.0,0.37333333333333335,0.5803195040419512
positive_rescue,1.5,1.5,2.0,0.4,False,3,1,0.9,0.1,57,35,0.29850746268656714,0.5566037735849056,0.18525755937303762,0.22950819672131148,1.0,0.37333333333333335,0.5803195040419512
negative_veto,1.5,1.5,2.0,0.4,False,3,1,0.7,0.3,57,4,0.6716417910447762,0.6084905660377358,0.4429137780627719,0.3181818181818182,0.5,0.3888888888888889,0.1915686455478749
negative_veto,1.5,1.5,2.0,0.4,False,3,1,0.9,0.3,57,4,0.6716417910447762,0.6084905660377358,0.4429137780627719,0.3181818181818182,0.5,0.3888888888888889,0.1915686455478749
negative_veto,1.5,1.5,2.0,0.4,False,3,1,0.9,0.1,57,4,0.6716417910447762,0.6084905660377358,0.4081489911703253,0.3181818181818182,0.5,0.3888888888888889,0.2083642017586862
two_way,1.5,1.5,2.0,0.4,False,3,1,0.7,0.3,57,39,0.23880597014925373,0.4137466307277628,0.37409507374994866,0.17543859649122806,0.7142857142857143,0.28169014084507044,0.3908473053850268
two_way,1.5,1.5,2.0,0.4,False,3,1,0.9,0.3,57,39,0.23880597014925373,0.4137466307277628,0.19088705369982334,0.17543859649122806,0.7142857142857143,0.28169014084507044,0.6020163054816018
two_way,1.5,1.5,2.0,0.4,False,3,1,0.9,0.1,57,39,0.23880597014925373,0.4137466307277628,0.18685174474648159,0.17543859649122806,0.7142857142857143,0.28169014084507044,0.6188118616924131
positive_rescue,1.5,1.5,2.0,0.4,False,3,2,0.7,0.3,57,35,0.29850746268656714,0.5566037735849056,0.4855333019565147,0.22950819672131148,1.0,0.37333333333333335,0.36915050394537624
positive_rescue,1.5,1.5,2.0,0.4,False,3,2,0.9,0.3,57,35,0.29850746268656714,0.5566037735849056,0.18525755937303762,0.22950819672131148,1.0,0.37333333333333335,0.5803195040419512
positive_rescue,1.5,1.5,2.0,0.4,False,3,2,0.9,0.1,57,35,0.29850746268656714,0.5566037735849056,0.18525755937303762,0.22950819672131148,1.0,0.37333333333333335,0.5803195040419512
negative_veto,1.5,1.5,2.0,0.4,False,3,2,0.7,0.3,57,4,0.6716417910447762,0.6084905660377358,0.4429137780627719,0.3181818181818182,0.5,0.3888888888888889,0.1915686455478749
negative_veto,1.5,1.5,2.0,0.4,False,3,2,0.9,0.3,57,4,0.6716417910447762,0.6084905660377358,0.4429137780627719,0.3181818181818182,0.5,0.3888888888888889,0.1915686455478749
negative_veto,1.5,1.5,2.0,0.4,False,3,2,0.9,0.1,57,4,0.6716417910447762,0.6084905660377358,0.4081489911703253,0.3181818181818182,0.5,0.3888888888888889,0.2083642017586862
two_way,1.5,1.5,2.0,0.4,False,3,2,0.7,0.3,57,39,0.23880597014925373,0.4137466307277628,0.37409507374994866,0.17543859649122806,0.7142857142857143,0.28169014084507044,0.3908473053850268
two_way,1.5,1.5,2.0,0.4,False,3,2,0.9,0.3,57,39,0.23880597014925373,0.4137466307277628,0.19088705369982334,0.17543859649122806,0.7142857142857143,0.28169014084507044,0.6020163054816018
two_way,1.5,1.5,2.0,0.4,False,3,2,0.9,0.1,57,39,0.23880597014925373,0.4137466307277628,0.18685174474648159,0.17543859649122806,0.7142857142857143,0.28169014084507044,0.6188118616924131
positive_rescue,1.5,1.5,2.0,0.4,True,2,1,0.7,0.3,58,36,0.2835820895522388,0.5471698113207547,0.48356239904740317,0.22580645161290322,1.0,0.3684210526315789,0.37639703342313247
positive_rescue,1.5,1.5,2.0,0.4,True,2,1,0.9,0.3,58,36,0.2835820895522388,0.5471698113207547,0.18210712962227488,0.22580645161290322,1.0,0.3684210526315789,0.5923421529226927
positive_rescue,1.5,1.5,2.0,0.4,True,2,1,0.9,0.1,58,36,0.2835820895522388,0.5471698113207547,0.18210712962227488,0.22580645161290322,1.0,0.3684210526315789,0.5923421529226927
negative_veto,1.5,1.5,2.0,0.4,True,2,1,0.7,0.3,58,4,0.6716417910447762,0.6084905660377358,0.4429137780627719,0.3181818181818182,0.5,0.3888888888888889,0.1915686455478749
negative_veto,1.5,1.5,2.0,0.4,True,2,1,0.9,0.3,58,4,0.6716417910447762,0.6084905660377358,0.4429137780627719,0.3181818181818182,0.5,0.3888888888888889,0.1915686455478749
negative_veto,1.5,1.5,2.0,0.4,True,2,1,0.9,0.1,58,4,0.6716417910447762,0.6084905660377358,0.4081489911703253,0.3181818181818182,0.5,0.3888888888888889,0.2083642017586862
two_way,1.5,1.5,2.0,0.4,True,2,1,0.7,0.3,58,40,0.22388059701492538,0.40431266846361186,0.37174108798135497,0.1724137931034483,0.7142857142857143,0.2777777777777778,0.39809383486278305
two_way,1.5,1.5,2.0,0.4,True,2,1,0.9,0.3,58,40,0.22388059701492538,0.40431266846361186,0.187668838391864,0.1724137931034483,0.7142857142857143,0.2777777777777778,0.6140389543623431
two_way,1.5,1.5,2.0,0.4,True,2,1,0.9,0.1,58,40,0.22388059701492538,0.40431266846361186,0.18375876996566654,0.1724137931034483,0.7142857142857143,0.2777777777777778,0.6308345105731545
positive_rescue,1.5,1.5,2.0,0.4,True,2,2,0.7,0.3,58,36,0.2835820895522388,0.5471698113207547,0.48356239904740317,0.22580645161290322,1.0,0.3684210526315789,0.37639703342313247
positive_rescue,1.5,1.5,2.0,0.4,True,2,2,0.9,0.3,58,36,0.2835820895522388,0.5471698113207547,0.18210712962227488,0.22580645161290322,1.0,0.3684210526315789,0.5923421529226927
positive_rescue,1.5,1.5,2.0,0.4,True,2,2,0.9,0.1,58,36,0.2835820895522388,0.5471698113207547,0.18210712962227488,0.22580645161290322,1.0,0.3684210526315789,0.5923421529226927
negative_veto,1.5,1.5,2.0,0.4,True,2,2,0.7,0.3,58,4,0.6716417910447762,0.6084905660377358,0.4429137780627719,0.3181818181818182,0.5,0.3888888888888889,0.1915686455478749
negative_veto,1.5,1.5,2.0,0.4,True,2,2,0.9,0.3,58,4,0.6716417910447762,0.6084905660377358,0.4429137780627719,0.3181818181818182,0.5,0.3888888888888889,0.1915686455478749
negative_veto,1.5,1.5,2.0,0.4,True,2,2,0.9,0.1,58,4,0.6716417910447762,0.6084905660377358,0.4081489911703253,0.3181818181818182,0.5,0.3888888888888889,0.2083642017586862
two_way,1.5,1.5,2.0,0.4,True,2,2,0.7,0.3,58,40,0.22388059701492538,0.40431266846361186,0.37174108798135497,0.1724137931034483,0.7142857142857143,0.2777777777777778,0.39809383486278305
two_way,1.5,1.5,2.0,0.4,True,2,2,0.9,0.3,58,40,0.22388059701492538,0.40431266846361186,0.187668838391864,0.1724137931034483,0.7142857142857143,0.2777777777777778,0.6140389543623431
two_way,1.5,1.5,2.0,0.4,True,2,2,0.9,0.1,58,40,0.22388059701492538,0.40431266846361186,0.18375876996566654,0.1724137931034483,0.7142857142857143,0.2777777777777778,0.6308345105731545
positive_rescue,1.5,1.5,2.0,0.4,True,3,1,0.7,0.3,55,34,0.31343283582089554,0.5660377358490566,0.48939868143264553,0.23333333333333334,1.0,0.3783783783783784,0.36072122959500375
positive_rescue,1.5,1.5,2.0,0.4,True,3,1,0.9,0.3,55,34,0.31343283582089554,0.5660377358490566,0.1916148549834057,0.23333333333333334,1.0,0.3783783783783784,0.5623379908856085
positive_rescue,1.5,1.5,2.0,0.4,True,3,1,0.9,0.1,55,34,0.31343283582089554,0.5660377358490566,0.1916148549834057,0.23333333333333334,1.0,0.3783783783783784,0.5623379908856085
negative_veto,1.5,1.5,2.0,0.4,True,3,1,0.7,0.3,55,5,0.6865671641791045,0.6179245283018868,0.4465621871871872,0.3333333333333333,0.5,0.4,0.187657869843653
negative_veto,1.5,1.5,2.0,0.4,True,3,1,0.9,0.3,55,5,0.6865671641791045,0.6179245283018868,0.4465621871871872,0.3333333333333333,0.5,0.4,0.187657869843653
negative_veto,1.5,1.5,2.0,0.4,True,3,1,0.9,0.1,55,5,0.6865671641791045,0.6179245283018868,0.4129464285714285,0.3333333333333333,0.5,0.4,0.2024651179001035
two_way,1.5,1.5,2.0,0.4,True,3,1,0.7,0.3,55,39,0.26865671641791045,0.4326145552560647,0.3779220779220779,0.18181818181818182,0.7142857142857143,0.2898550724637681,0.3785072553304325
two_way,1.5,1.5,2.0,0.4,True,3,1,0.9,0.3,55,39,0.26865671641791045,0.4326145552560647,0.19653679653679657,0.18181818181818182,0.7142857142857143,0.2898550724637681,0.5801240166210373
two_way,1.5,1.5,2.0,0.4,True,3,1,0.9,0.1,55,39,0.26865671641791045,0.4326145552560647,0.19140859140859143,0.18181818181818182,0.7142857142857143,0.2898550724637681,0.5949312646774878
positive_rescue,1.5,1.5,2.0,0.4,True,3,2,0.7,0.3,55,34,0.31343283582089554,0.5660377358490566,0.48939868143264553,0.23333333333333334,1.0,0.3783783783783784,0.36072122959500375
positive_rescue,1.5,1.5,2.0,0.4,True,3,2,0.9,0.3,55,34,0.31343283582089554,0.5660377358490566,0.1916148549834057,0.23333333333333334,1.0,0.3783783783783784,0.5623379908856085
positive_rescue,1.5,1.5,2.0,0.4,True,3,2,0.9,0.1,55,34,0.31343283582089554,0.5660377358490566,0.1916148549834057,0.23333333333333334,1.0,0.3783783783783784,0.5623379908856085
negative_veto,1.5,1.5,2.0,0.4,True,3,2,0.7,0.3,55,5,0.6865671641791045,0.6179245283018868,0.4465621871871872,0.3333333333333333,0.5,0.4,0.187657869843653
negative_veto,1.5,1.5,2.0,0.4,True,3,2,0.9,0.3,55,5,0.6865671641791045,0.6179245283018868,0.4465621871871872,0.3333333333333333,0.5,0.4,0.187657869843653
negative_veto,1.5,1.5,2.0,0.4,True,3,2,0.9,0.1,55,5,0.6865671641791045,0.6179245283018868,0.4129464285714285,0.3333333333333333,0.5,0.4,0.2024651179001035
two_way,1.5,1.5,2.0,0.4,True,3,2,0.7,0.3,55,39,0.26865671641791045,0.4326145552560647,0.3779220779220779,0.18181818181818182,0.7142857142857143,0.2898550724637681,0.3785072553304325
two_way,1.5,1.5,2.0,0.4,True,3,2,0.9,0.3,55,39,0.26865671641791045,0.4326145552560647,0.19653679653679657,0.18181818181818182,0.7142857142857143,0.2898550724637681,0.5801240166210373
two_way,1.5,1.5,2.0,0.4,True,3,2,0.9,0.1,55,39,0.26865671641791045,0.4326145552560647,0.19140859140859143,0.18181818181818182,0.7142857142857143,0.2898550724637681,0.5949312646774878
positive_rescue,1.5,1.5,3.0,0.2,False,2,1,0.7,0.3,52,32,0.34328358208955223,0.5849056603773585,0.49585919007101265,0.2413793103448276,1.0,0.3888888888888889,0.34593762839728814
positive_rescue,1.5,1.5,3.0,0.2,False,2,1,0.9,0.3,52,32,0.34328358208955223,0.5849056603773585,0.2021849472727807,0.2413793103448276,1.0,0.3888888888888889,0.5332260314789379
positive_rescue,1.5,1.5,3.0,0.2,False,2,1,0.9,0.1,52,32,0.34328358208955223,0.5849056603773585,0.2021849472727807,0.2413793103448276,1.0,0.3888888888888889,0.5332260314789379
negative_veto,1.5,1.5,3.0,0.2,False,2,1,0.7,0.3,52,6,0.7014925373134329,0.6273584905660378,0.45064131883984826,0.35,0.5,0.4117647058823529,0.18396844465835493
negative_veto,1.5,1.5,3.0,0.2,False,2,1,0.9,0.3,52,6,0.7014925373134329,0.6273584905660378,0.45064131883984826,0.35,0.5,0.4117647058823529,0.18396844465835493
negative_veto,1.5,1.5,3.0,0.2,False,2,1,0.9,0.1,52,6,0.7014925373134329,0.6273584905660378,0.41923644457783116,0.35,0.5,0.4117647058823529,0.19575618178438625
two_way,1.5,1.5,3.0,0.2,False,2,1,0.7,0.3,52,38,0.31343283582089554,0.46091644204851756,0.3835475259204073,0.19230769230769232,0.7142857142857143,0.30303030303030304,0.36003422894741877
two_way,1.5,1.5,3.0,0.2,False,2,1,0.9,0.3,52,38,0.31343283582089554,0.46091644204851756,0.20515924753212889,0.19230769230769232,0.7142857142857143,0.30303030303030304,0.5473226320290684
two_way,1.5,1.5,3.0,0.2,False,2,1,0.9,0.1,52,38,0.31343283582089554,0.46091644204851756,0.19890109890109892,0.19230769230769232,0.7142857142857143,0.30303030303030304,0.5591103691550997
positive_rescue,1.5,1.5,3.0,0.2,False,2,2,0.7,0.3,51,31,0.3582089552238806,0.5943396226415094,0.4982712659156126,0.24561403508771928,1.0,0.39436619718309857,0.33891443361676893
positive_rescue,1.5,1.5,3.0,0.2,False,2,2,0.9,0.3,51,31,0.3582089552238806,0.5943396226415094,0.20607804610228816,0.24561403508771928,1.0,0.39436619718309857,0.5214267172954336
positive_rescue,1.5,1.5,3.0,0.2,False,2,2,0.9,0.1,51,31,0.3582089552238806,0.5943396226415094,0.20607804610228816,0.24561403508771928,1.0,0.39436619718309857,0.5214267172954336
negative_veto,1.5,1.5,3.0,0.2,False,2,2,0.7,0.3,51,6,0.7014925373134329,0.6273584905660378,0.45064131883984826,0.35,0.5,0.4117647058823529,0.18396844465835493
negative_veto,1.5,1.5,3.0,0.2,False,2,2,0.9,0.3,51,6,0.7014925373134329,0.6273584905660378,0.45064131883984826,0.35,0.5,0.4117647058823529,0.18396844465835493
negative_veto,1.5,1.5,3.0,0.2,False,2,2,0.9,0.1,51,6,0.7014925373134329,0.6273584905660378,0.41923644457783116,0.35,0.5,0.4117647058823529,0.19561519746042785
two_way,1.5,1.5,3.0,0.2,False,2,2,0.7,0.3,51,37,0.3283582089552239,0.4703504043126685,0.3863324640200908,0.19607843137254902,0.7142857142857143,0.3076923076923077,0.35301103416689955
two_way,1.5,1.5,3.0,0.2,False,2,2,0.9,0.3,51,37,0.3283582089552239,0.4703504043126685,0.2090215396503429,0.19607843137254902,0.7142857142857143,0.3076923076923077,0.5355233178455641
two_way,1.5,1.5,3.0,0.2,False,2,2,0.9,0.1,51,37,0.3283582089552239,0.4703504043126685,0.20159448394742513,0.19607843137254902,0.7142857142857143,0.3076923076923077,0.5471700706476371
positive_rescue,1.5,1.5,3.0,0.2,False,3,1,0.7,0.3,44,27,0.417910447761194,0.6320754716981132,0.5176625229185106,0.2641509433962264,1.0,0.417910447761194,0.3011387911913275
positive_rescue,1.5,1.5,3.0,0.2,False,3,1,0.9,0.3,44,27,0.417910447761194,0.6320754716981132,0.23779620221368059,0.2641509433962264,1.0,0.417910447761194,0.45021823904909647
positive_rescue,1.5,1.5,3.0,0.2,False,3,1,0.9,0.1,44,27,0.417910447761194,0.6320754716981132,0.23779620221368059,0.2641509433962264,1.0,0.417910447761194,0.45021823904909647
negative_veto,1.5,1.5,3.0,0.2,False,3,1,0.7,0.3,44,9,0.746268656716418,0.6556603773584906,0.4583293940699402,0.4117647058823529,0.5,0.45161290322580644,0.1783517691920756
negative_veto,1.5,1.5,3.0,0.2,False,3,1,0.9,0.3,44,9,0.746268656716418,0.6556603773584906,0.4583293940699402,0.4117647058823529,0.5,0.45161290322580644,0.1783517691920756
negative_veto,1.5,1.5,3.0,0.2,False,3,1,0.9,0.1,44,9,0.746268656716418,0.6556603773584906,0.4324059431464894,0.4117647058823529,0.5,0.45161290322580644,0.18316134212713509
two_way,1.5,1.5,3.0,0.2,False,3,1,0.7,0.3,44,36,0.43283582089552236,0.5363881401617251,0.4034632034632034,0.22727272727272727,0.7142857142857143,0.3448275862068966,0.30961871627517884
two_way,1.5,1.5,3.0,0.2,False,3,1,0.9,0.3,44,36,0.43283582089552236,0.5363881401617251,0.23506493506493503,0.22727272727272727,0.7142857142857143,0.3448275862068966,0.4586981641329478
two_way,1.5,1.5,3.0,0.2,False,3,1,0.9,0.1,44,36,0.43283582089552236,0.5363881401617251,0.22483766233766234,0.22727272727272727,0.7142857142857143,0.3448275862068966,0.46350773706800724
positive_rescue,1.5,1.5,3.0,0.2,False,3,2,0.7,0.3,44,27,0.417910447761194,0.6320754716981132,0.5176625229185106,0.2641509433962264,1.0,0.417910447761194,0.3011387911913275
positive_rescue,1.5,1.5,3.0,0.2,False,3,2,0.9,0.3,44,27,0.417910447761194,0.6320754716981132,0.23779620221368059,0.2641509433962264,1.0,0.417910447761194,0.45021823904909647
positive_rescue,1.5,1.5,3.0,0.2,False,3,2,0.9,0.1,44,27,0.417910447761194,0.6320754716981132,0.23779620221368059,0.2641509433962264,1.0,0.417910447761194,0.45021823904909647
negative_veto,1.5,1.5,3.0,0.2,False,3,2,0.7,0.3,44,9,0.746268656716418,0.6556603773584906,0.4583293940699402,0.4117647058823529,0.5,0.45161290322580644,0.1783517691920756
negative_veto,1.5,1.5,3.0,0.2,False,3,2,0.9,0.3,44,9,0.746268656716418,0.6556603773584906,0.4583293940699402,0.4117647058823529,0.5,0.45161290322580644,0.1783517691920756
negative_veto,1.5,1.5,3.0,0.2,False,3,2,0.9,0.1,44,9,0.746268656716418,0.6556603773584906,0.4324059431464894,0.4117647058823529,0.5,0.45161290322580644,0.18316134212713509
two_way,1.5,1.5,3.0,0.2,False,3,2,0.7,0.3,44,36,0.43283582089552236,0.5363881401617251,0.4034632034632034,0.22727272727272727,0.7142857142857143,0.3448275862068966,0.30961871627517884
two_way,1.5,1.5,3.0,0.2,False,3,2,0.9,0.3,44,36,0.43283582089552236,0.5363881401617251,0.23506493506493503,0.22727272727272727,0.7142857142857143,0.3448275862068966,0.4586981641329478
two_way,1.5,1.5,3.0,0.2,False,3,2,0.9,0.1,44,36,0.43283582089552236,0.5363881401617251,0.22483766233766234,0.22727272727272727,0.7142857142857143,0.3448275862068966,0.46350773706800724
positive_rescue,1.5,1.5,3.0,0.2,True,2,1,0.7,0.3,43,26,0.43283582089552236,0.6415094339622641,0.5209686483288968,0.2692307692307692,1.0,0.42424242424242425,0.2942576087121901
positive_rescue,1.5,1.5,3.0,0.2,True,2,1,0.9,0.3,43,26,0.43283582089552236,0.6415094339622641,0.24320405411911983,0.2692307692307692,1.0,0.42424242424242425,0.4385609371669739
positive_rescue,1.5,1.5,3.0,0.2,True,2,1,0.9,0.1,43,26,0.43283582089552236,0.6415094339622641,0.24320405411911983,0.2692307692307692,1.0,0.42424242424242425,0.4385609371669739
negative_veto,1.5,1.5,3.0,0.2,True,2,1,0.7,0.3,43,9,0.746268656716418,0.6556603773584906,0.4583293940699402,0.4117647058823529,0.5,0.45161290322580644,0.17866788385788165
negative_veto,1.5,1.5,3.0,0.2,True,2,1,0.9,0.3,43,9,0.746268656716418,0.6556603773584906,0.4583293940699402,0.4117647058823529,0.5,0.45161290322580644,0.17866788385788165
negative_veto,1.5,1.5,3.0,0.2,True,2,1,0.9,0.1,43,9,0.746268656716418,0.6556603773584906,0.43210214641412115,0.4117647058823529,0.5,0.45161290322580644,0.18287834550179494
two_way,1.5,1.5,3.0,0.2,True,2,1,0.7,0.3,43,35,0.44776119402985076,0.545822102425876,0.40847280553291954,0.23255813953488372,0.7142857142857143,0.3508771929824561,0.3030536484618474
two_way,1.5,1.5,3.0,0.2,True,2,1,0.9,0.3,43,35,0.44776119402985076,0.545822102425876,0.2415846549238388,0.23255813953488372,0.7142857142857143,0.3508771929824561,0.4473569769166313
two_way,1.5,1.5,3.0,0.2,True,2,1,0.9,0.1,43,35,0.44776119402985076,0.545822102425876,0.22861295681063123,0.23255813953488372,0.7142857142857143,0.3508771929824561,0.45156743856054454
positive_rescue,1.5,1.5,3.0,0.2,True,2,2,0.7,0.3,41,24,0.43283582089552236,0.6152291105121294,0.512813514719125,0.26,0.9285714285714286,0.40625,0.2961045709298579
positive_rescue,1.5,1.5,3.0,0.2,True,2,2,0.9,0.3,41,24,0.43283582089552236,0.6152291105121294,0.23134900038247716,0.26,0.9285714285714286,0.40625,0.436825809832403
positive_rescue,1.5,1.5,3.0,0.2,True,2,2,0.9,0.1,41,24,0.43283582089552236,0.6152291105121294,0.23134900038247716,0.26,0.9285714285714286,0.40625,0.436825809832403
negative_veto,1.5,1.5,3.0,0.2,True,2,2,0.7,0.3,41,9,0.746268656716418,0.6556603773584906,0.4583293940699402,0.4117647058823529,0.5,0.45161290322580644,0.17866788385788165
negative_veto,1.5,1.5,3.0,0.2,True,2,2,0.9,0.3,41,9,0.746268656716418,0.6556603773584906,0.4583293940699402,0.4117647058823529,0.5,0.45161290322580644,0.17866788385788165
negative_veto,1.5,1.5,3.0,0.2,True,2,2,0.9,0.1,41,9,0.746268656716418,0.6556603773584906,0.42921098995153617,0.4117647058823529,0.5,0.45161290322580644,0.18461347283636584
two_way,1.5,1.5,3.0,0.2,True,2,2,0.7,0.3,41,33,0.44776119402985076,0.5195417789757413,0.40068870978761284,0.21951219512195122,0.6428571428571429,0.32727272727272727,0.3049006106795153
two_way,1.5,1.5,3.0,0.2,True,2,2,0.9,0.3,41,33,0.44776119402985076,0.5195417789757413,0.23007314648912278,0.21951219512195122,0.6428571428571429,0.32727272727272727,0.44562184958206036
two_way,1.5,1.5,3.0,0.2,True,2,2,0.9,0.1,41,33,0.44776119402985076,0.5195417789757413,0.21923998257839722,0.21951219512195122,0.6428571428571429,0.32727272727272727,0.45156743856054454
positive_rescue,1.5,1.5,3.0,0.2,True,3,1,0.7,0.3,40,23,0.44776119402985076,0.6246630727762803,0.5158534395865575,0.2653061224489796,0.9285714285714286,0.4126984126984127,0.2904505363419327
positive_rescue,1.5,1.5,3.0,0.2,True,3,1,0.9,0.3,40,23,0.44776119402985076,0.6246630727762803,0.23659136890462623,0.2653061224489796,0.9285714285714286,0.4126984126984127,0.42639565584149264
positive_rescue,1.5,1.5,3.0,0.2,True,3,1,0.9,0.1,40,23,0.44776119402985076,0.6246630727762803,0.23659136890462623,0.2653061224489796,0.9285714285714286,0.4126984126984127,0.42639565584149264
negative_veto,1.5,1.5,3.0,0.2,True,3,1,0.7,0.3,40,9,0.746268656716418,0.6556603773584906,0.4583293940699402,0.4117647058823529,0.5,0.45161290322580644,0.1783517691920756
negative_veto,1.5,1.5,3.0,0.2,True,3,1,0.9,0.3,40,9,0.746268656716418,0.6556603773584906,0.4583293940699402,0.4117647058823529,0.5,0.45161290322580644,0.1783517691920756
negative_veto,1.5,1.5,3.0,0.2,True,3,1,0.9,0.1,40,9,0.746268656716418,0.6556603773584906,0.4300249907655369,0.4117647058823529,0.5,0.45161290322580644,0.1831033283198135
two_way,1.5,1.5,3.0,0.2,True,3,1,0.7,0.3,40,32,0.4626865671641791,0.5289757412398922,0.4026486401012017,0.225,0.6428571428571429,0.3333333333333333,0.29893046142578394
two_way,1.5,1.5,3.0,0.2,True,3,1,0.9,0.3,40,32,0.4626865671641791,0.5289757412398922,0.2336010210535827,0.225,0.6428571428571429,0.3333333333333333,0.4348755809253439
two_way,1.5,1.5,3.0,0.2,True,3,1,0.9,0.1,40,32,0.4626865671641791,0.5289757412398922,0.22276785714285713,0.225,0.6428571428571429,0.3333333333333333,0.43962714005308184
positive_rescue,1.5,1.5,3.0,0.2,True,3,2,0.7,0.3,40,23,0.44776119402985076,0.6246630727762803,0.5158534395865575,0.2653061224489796,0.9285714285714286,0.4126984126984127,0.2904505363419327
positive_rescue,1.5,1.5,3.0,0.2,True,3,2,0.9,0.3,40,23,0.44776119402985076,0.6246630727762803,0.23659136890462623,0.2653061224489796,0.9285714285714286,0.4126984126984127,0.42639565584149264
positive_rescue,1.5,1.5,3.0,0.2,True,3,2,0.9,0.1,40,23,0.44776119402985076,0.6246630727762803,0.23659136890462623,0.2653061224489796,0.9285714285714286,0.4126984126984127,0.42639565584149264
negative_veto,1.5,1.5,3.0,0.2,True,3,2,0.7,0.3,40,9,0.746268656716418,0.6556603773584906,0.4583293940699402,0.4117647058823529,0.5,0.45161290322580644,0.1783517691920756
negative_veto,1.5,1.5,3.0,0.2,True,3,2,0.9,0.3,40,9,0.746268656716418,0.6556603773584906,0.4583293940699402,0.4117647058823529,0.5,0.45161290322580644,0.1783517691920756
negative_veto,1.5,1.5,3.0,0.2,True,3,2,0.9,0.1,40,9,0.746268656716418,0.6556603773584906,0.4300249907655369,0.4117647058823529,0.5,0.45161290322580644,0.1831033283198135
two_way,1.5,1.5,3.0,0.2,True,3,2,0.7,0.3,40,32,0.4626865671641791,0.5289757412398922,0.4026486401012017,0.225,0.6428571428571429,0.3333333333333333,0.29893046142578394
two_way,1.5,1.5,3.0,0.2,True,3,2,0.9,0.3,40,32,0.4626865671641791,0.5289757412398922,0.2336010210535827,0.225,0.6428571428571429,0.3333333333333333,0.4348755809253439
two_way,1.5,1.5,3.0,0.2,True,3,2,0.9,0.1,40,32,0.4626865671641791,0.5289757412398922,0.22276785714285713,0.225,0.6428571428571429,0.3333333333333333,0.43962714005308184
positive_rescue,1.5,1.5,3.0,0.4,False,2,1,0.7,0.3,53,33,0.3283582089552239,0.5754716981132075,0.4935338773413833,0.23728813559322035,1.0,0.3835616438356164,0.3524703562728391
positive_rescue,1.5,1.5,3.0,0.4,False,2,1,0.9,0.3,53,33,0.3283582089552239,0.5754716981132075,0.19843635481798488,0.23728813559322035,1.0,0.3835616438356164,0.5445348787574739
positive_rescue,1.5,1.5,3.0,0.4,False,2,1,0.9,0.1,53,33,0.3283582089552239,0.5754716981132075,0.19843635481798488,0.23728813559322035,1.0,0.3835616438356164,0.5445348787574739
negative_veto,1.5,1.5,3.0,0.4,False,2,1,0.7,0.3,53,6,0.7014925373134329,0.6273584905660378,0.45064131883984826,0.35,0.5,0.4117647058823529,0.18396844465835493
negative_veto,1.5,1.5,3.0,0.4,False,2,1,0.9,0.3,53,6,0.7014925373134329,0.6273584905660378,0.45064131883984826,0.35,0.5,0.4117647058823529,0.18396844465835493
negative_veto,1.5,1.5,3.0,0.4,False,2,1,0.9,0.1,53,6,0.7014925373134329,0.6273584905660378,0.41888048824180835,0.35,0.5,0.4117647058823529,0.19638763301331286
two_way,1.5,1.5,3.0,0.4,False,2,1,0.7,0.3,53,39,0.29850746268656714,0.4514824797843666,0.3808625336927224,0.18867924528301888,0.7142857142857143,0.29850746268656714,0.36656695682296975
two_way,1.5,1.5,3.0,0.4,False,2,1,0.9,0.3,53,39,0.29850746268656714,0.4514824797843666,0.2014375561545373,0.18867924528301888,0.7142857142857143,0.29850746268656714,0.5586314793076045
two_way,1.5,1.5,3.0,0.4,False,2,1,0.9,0.1,53,39,0.29850746268656714,0.4514824797843666,0.19630935102633218,0.18867924528301888,0.7142857142857143,0.29850746268656714,0.5710506676625625
positive_rescue,1.5,1.5,3.0,0.4,False,2,2,0.7,0.3,52,32,0.34328358208955223,0.5849056603773585,0.49585919007101265,0.2413793103448276,1.0,0.3888888888888889,0.3454471614923199
positive_rescue,1.5,1.5,3.0,0.4,False,2,2,0.9,0.3,52,32,0.34328358208955223,0.5849056603773585,0.2021849472727807,0.2413793103448276,1.0,0.3888888888888889,0.5327355645739696
positive_rescue,1.5,1.5,3.0,0.4,False,2,2,0.9,0.1,52,32,0.34328358208955223,0.5849056603773585,0.2021849472727807,0.2413793103448276,1.0,0.3888888888888889,0.5327355645739696
negative_veto,1.5,1.5,3.0,0.4,False,2,2,0.7,0.3,52,6,0.7014925373134329,0.6273584905660378,0.45064131883984826,0.35,0.5,0.4117647058823529,0.18396844465835493
negative_veto,1.5,1.5,3.0,0.4,False,2,2,0.9,0.3,52,6,0.7014925373134329,0.6273584905660378,0.45064131883984826,0.35,0.5,0.4117647058823529,0.18396844465835493
negative_veto,1.5,1.5,3.0,0.4,False,2,2,0.9,0.1,52,6,0.7014925373134329,0.6273584905660378,0.41888048824180835,0.35,0.5,0.4117647058823529,0.19624664868935449
two_way,1.5,1.5,3.0,0.4,False,2,2,0.7,0.3,52,38,0.31343283582089554,0.46091644204851756,0.3835475259204073,0.19230769230769232,0.7142857142857143,0.30303030303030304,0.35954376204245053
two_way,1.5,1.5,3.0,0.4,False,2,2,0.9,0.3,52,38,0.31343283582089554,0.46091644204851756,0.20515924753212889,0.19230769230769232,0.7142857142857143,0.30303030303030304,0.5468321651241002
two_way,1.5,1.5,3.0,0.4,False,2,2,0.9,0.1,52,38,0.31343283582089554,0.46091644204851756,0.19890109890109892,0.19230769230769232,0.7142857142857143,0.30303030303030304,0.5591103691550997
positive_rescue,1.5,1.5,3.0,0.4,False,3,1,0.7,0.3,47,28,0.40298507462686567,0.6226415094339622,0.5088922199607605,0.25925925925925924,1.0,0.4117647058823529,0.31493285468840476
positive_rescue,1.5,1.5,3.0,0.4,False,3,1,0.9,0.3,47,28,0.40298507462686567,0.6226415094339622,0.22327679597961797,0.25925925925925924,1.0,0.4117647058823529,0.4783406607551289
positive_rescue,1.5,1.5,3.0,0.4,False,3,1,0.9,0.1,47,28,0.40298507462686567,0.6226415094339622,0.22327679597961797,0.25925925925925924,1.0,0.4117647058823529,0.4783406607551289
negative_veto,1.5,1.5,3.0,0.4,False,3,1,0.7,0.3,47,7,0.7164179104477612,0.6367924528301887,0.4519571083135324,0.3684210526315789,0.5,0.42424242424242425,0.18260254341341298
negative_veto,1.5,1.5,3.0,0.4,False,3,1,0.9,0.3,47,7,0.7164179104477612,0.6367924528301887,0.4519571083135324,0.3684210526315789,0.5,0.42424242424242425,0.18260254341341298
negative_veto,1.5,1.5,3.0,0.4,False,3,1,0.9,0.1,47,7,0.7164179104477612,0.6367924528301887,0.42309017230373924,0.3684210526315789,0.5,0.42424242424242425,0.19085981594349066
two_way,1.5,1.5,3.0,0.4,False,3,1,0.7,0.3,47,35,0.3880597014925373,0.5080862533692723,0.39594731509625125,0.2127659574468085,0.7142857142857143,0.32786885245901637,0.3276635539935934
two_way,1.5,1.5,3.0,0.4,False,3,1,0.9,0.3,47,35,0.3880597014925373,0.5080862533692723,0.22340425531914893,0.2127659574468085,0.7142857142857143,0.32786885245901637,0.4910713600603176
two_way,1.5,1.5,3.0,0.4,False,3,1,0.9,0.1,47,35,0.3880597014925373,0.5080862533692723,0.2144756838905775,0.2127659574468085,0.7142857142857143,0.32786885245901637,0.4993286325903954
positive_rescue,1.5,1.5,3.0,0.4,False,3,2,0.7,0.3,47,28,0.40298507462686567,0.6226415094339622,0.5088922199607605,0.25925925925925924,1.0,0.4117647058823529,0.31493285468840476
positive_rescue,1.5,1.5,3.0,0.4,False,3,2,0.9,0.3,47,28,0.40298507462686567,0.6226415094339622,0.22327679597961797,0.25925925925925924,1.0,0.4117647058823529,0.4783406607551289
positive_rescue,1.5,1.5,3.0,0.4,False,3,2,0.9,0.1,47,28,0.40298507462686567,0.6226415094339622,0.22327679597961797,0.25925925925925924,1.0,0.4117647058823529,0.4783406607551289
negative_veto,1.5,1.5,3.0,0.4,False,3,2,0.7,0.3,47,7,0.7164179104477612,0.6367924528301887,0.4519571083135324,0.3684210526315789,0.5,0.42424242424242425,0.18260254341341298
negative_veto,1.5,1.5,3.0,0.4,False,3,2,0.9,0.3,47,7,0.7164179104477612,0.6367924528301887,0.4519571083135324,0.3684210526315789,0.5,0.42424242424242425,0.18260254341341298
negative_veto,1.5,1.5,3.0,0.4,False,3,2,0.9,0.1,47,7,0.7164179104477612,0.6367924528301887,0.42309017230373924,0.3684210526315789,0.5,0.42424242424242425,0.19085981594349066
two_way,1.5,1.5,3.0,0.4,False,3,2,0.7,0.3,47,35,0.3880597014925373,0.5080862533692723,0.39594731509625125,0.2127659574468085,0.7142857142857143,0.32786885245901637,0.3276635539935934
two_way,1.5,1.5,3.0,0.4,False,3,2,0.9,0.3,47,35,0.3880597014925373,0.5080862533692723,0.22340425531914893,0.2127659574468085,0.7142857142857143,0.32786885245901637,0.4910713600603176
two_way,1.5,1.5,3.0,0.4,False,3,2,0.9,0.1,47,35,0.3880597014925373,0.5080862533692723,0.2144756838905775,0.2127659574468085,0.7142857142857143,0.32786885245901637,0.4993286325903954
positive_rescue,1.5,1.5,3.0,0.4,True,2,1,0.7,0.3,43,26,0.43283582089552236,0.6415094339622641,0.5209686483288968,0.2692307692307692,1.0,0.42424242424242425,0.2942576087121901
positive_rescue,1.5,1.5,3.0,0.4,True,2,1,0.9,0.3,43,26,0.43283582089552236,0.6415094339622641,0.24320405411911983,0.2692307692307692,1.0,0.42424242424242425,0.4385609371669739
positive_rescue,1.5,1.5,3.0,0.4,True,2,1,0.9,0.1,43,26,0.43283582089552236,0.6415094339622641,0.24320405411911983,0.2692307692307692,1.0,0.42424242424242425,0.4385609371669739
negative_veto,1.5,1.5,3.0,0.4,True,2,1,0.7,0.3,43,9,0.746268656716418,0.6556603773584906,0.4583293940699402,0.4117647058823529,0.5,0.45161290322580644,0.17866788385788165
negative_veto,1.5,1.5,3.0,0.4,True,2,1,0.9,0.3,43,9,0.746268656716418,0.6556603773584906,0.4583293940699402,0.4117647058823529,0.5,0.45161290322580644,0.17866788385788165
negative_veto,1.5,1.5,3.0,0.4,True,2,1,0.9,0.1,43,9,0.746268656716418,0.6556603773584906,0.43210214641412115,0.4117647058823529,0.5,0.45161290322580644,0.18287834550179494
two_way,1.5,1.5,3.0,0.4,True,2,1,0.7,0.3,43,35,0.44776119402985076,0.545822102425876,0.40847280553291954,0.23255813953488372,0.7142857142857143,0.3508771929824561,0.3030536484618474
two_way,1.5,1.5,3.0,0.4,True,2,1,0.9,0.3,43,35,0.44776119402985076,0.545822102425876,0.2415846549238388,0.23255813953488372,0.7142857142857143,0.3508771929824561,0.4473569769166313
two_way,1.5,1.5,3.0,0.4,True,2,1,0.9,0.1,43,35,0.44776119402985076,0.545822102425876,0.22861295681063123,0.23255813953488372,0.7142857142857143,0.3508771929824561,0.45156743856054454
positive_rescue,1.5,1.5,3.0,0.4,True,2,2,0.7,0.3,41,24,0.43283582089552236,0.6152291105121294,0.512813514719125,0.26,0.9285714285714286,0.40625,0.2961045709298579
positive_rescue,1.5,1.5,3.0,0.4,True,2,2,0.9,0.3,41,24,0.43283582089552236,0.6152291105121294,0.23134900038247716,0.26,0.9285714285714286,0.40625,0.436825809832403
positive_rescue,1.5,1.5,3.0,0.4,True,2,2,0.9,0.1,41,24,0.43283582089552236,0.6152291105121294,0.23134900038247716,0.26,0.9285714285714286,0.40625,0.436825809832403
negative_veto,1.5,1.5,3.0,0.4,True,2,2,0.7,0.3,41,9,0.746268656716418,0.6556603773584906,0.4583293940699402,0.4117647058823529,0.5,0.45161290322580644,0.17866788385788165
negative_veto,1.5,1.5,3.0,0.4,True,2,2,0.9,0.3,41,9,0.746268656716418,0.6556603773584906,0.4583293940699402,0.4117647058823529,0.5,0.45161290322580644,0.17866788385788165
negative_veto,1.5,1.5,3.0,0.4,True,2,2,0.9,0.1,41,9,0.746268656716418,0.6556603773584906,0.42921098995153617,0.4117647058823529,0.5,0.45161290322580644,0.18461347283636584
two_way,1.5,1.5,3.0,0.4,True,2,2,0.7,0.3,41,33,0.44776119402985076,0.5195417789757413,0.40068870978761284,0.21951219512195122,0.6428571428571429,0.32727272727272727,0.3049006106795153
two_way,1.5,1.5,3.0,0.4,True,2,2,0.9,0.3,41,33,0.44776119402985076,0.5195417789757413,0.23007314648912278,0.21951219512195122,0.6428571428571429,0.32727272727272727,0.44562184958206036
two_way,1.5,1.5,3.0,0.4,True,2,2,0.9,0.1,41,33,0.44776119402985076,0.5195417789757413,0.21923998257839722,0.21951219512195122,0.6428571428571429,0.32727272727272727,0.45156743856054454
positive_rescue,1.5,1.5,3.0,0.4,True,3,1,0.7,0.3,40,23,0.44776119402985076,0.6246630727762803,0.5158534395865575,0.2653061224489796,0.9285714285714286,0.4126984126984127,0.2904505363419327
positive_rescue,1.5,1.5,3.0,0.4,True,3,1,0.9,0.3,40,23,0.44776119402985076,0.6246630727762803,0.23659136890462623,0.2653061224489796,0.9285714285714286,0.4126984126984127,0.42639565584149264
positive_rescue,1.5,1.5,3.0,0.4,True,3,1,0.9,0.1,40,23,0.44776119402985076,0.6246630727762803,0.23659136890462623,0.2653061224489796,0.9285714285714286,0.4126984126984127,0.42639565584149264
negative_veto,1.5,1.5,3.0,0.4,True,3,1,0.7,0.3,40,9,0.746268656716418,0.6556603773584906,0.4583293940699402,0.4117647058823529,0.5,0.45161290322580644,0.1783517691920756
negative_veto,1.5,1.5,3.0,0.4,True,3,1,0.9,0.3,40,9,0.746268656716418,0.6556603773584906,0.4583293940699402,0.4117647058823529,0.5,0.45161290322580644,0.1783517691920756
negative_veto,1.5,1.5,3.0,0.4,True,3,1,0.9,0.1,40,9,0.746268656716418,0.6556603773584906,0.4300249907655369,0.4117647058823529,0.5,0.45161290322580644,0.1831033283198135
two_way,1.5,1.5,3.0,0.4,True,3,1,0.7,0.3,40,32,0.4626865671641791,0.5289757412398922,0.4026486401012017,0.225,0.6428571428571429,0.3333333333333333,0.29893046142578394
two_way,1.5,1.5,3.0,0.4,True,3,1,0.9,0.3,40,32,0.4626865671641791,0.5289757412398922,0.2336010210535827,0.225,0.6428571428571429,0.3333333333333333,0.4348755809253439
two_way,1.5,1.5,3.0,0.4,True,3,1,0.9,0.1,40,32,0.4626865671641791,0.5289757412398922,0.22276785714285713,0.225,0.6428571428571429,0.3333333333333333,0.43962714005308184
positive_rescue,1.5,1.5,3.0,0.4,True,3,2,0.7,0.3,40,23,0.44776119402985076,0.6246630727762803,0.5158534395865575,0.2653061224489796,0.9285714285714286,0.4126984126984127,0.2904505363419327
positive_rescue,1.5,1.5,3.0,0.4,True,3,2,0.9,0.3,40,23,0.44776119402985076,0.6246630727762803,0.23659136890462623,0.2653061224489796,0.9285714285714286,0.4126984126984127,0.42639565584149264
positive_rescue,1.5,1.5,3.0,0.4,True,3,2,0.9,0.1,40,23,0.44776119402985076,0.6246630727762803,0.23659136890462623,0.2653061224489796,0.9285714285714286,0.4126984126984127,0.42639565584149264
negative_veto,1.5,1.5,3.0,0.4,True,3,2,0.7,0.3,40,9,0.746268656716418,0.6556603773584906,0.4583293940699402,0.4117647058823529,0.5,0.45161290322580644,0.1783517691920756
negative_veto,1.5,1.5,3.0,0.4,True,3,2,0.9,0.3,40,9,0.746268656716418,0.6556603773584906,0.4583293940699402,0.4117647058823529,0.5,0.45161290322580644,0.1783517691920756
negative_veto,1.5,1.5,3.0,0.4,True,3,2,0.9,0.1,40,9,0.746268656716418,0.6556603773584906,0.4300249907655369,0.4117647058823529,0.5,0.45161290322580644,0.1831033283198135
two_way,1.5,1.5,3.0,0.4,True,3,2,0.7,0.3,40,32,0.4626865671641791,0.5289757412398922,0.4026486401012017,0.225,0.6428571428571429,0.3333333333333333,0.29893046142578394
two_way,1.5,1.5,3.0,0.4,True,3,2,0.9,0.3,40,32,0.4626865671641791,0.5289757412398922,0.2336010210535827,0.225,0.6428571428571429,0.3333333333333333,0.4348755809253439
two_way,1.5,1.5,3.0,0.4,True,3,2,0.9,0.1,40,32,0.4626865671641791,0.5289757412398922,0.22276785714285713,0.225,0.6428571428571429,0.3333333333333333,0.43962714005308184
positive_rescue,1.5,1.5,4.0,0.2,False,2,1,0.7,0.3,40,22,0.4626865671641791,0.6340970350404312,0.5148759224800081,0.2708333333333333,0.9285714285714286,0.41935483870967744,0.2930177805392821
positive_rescue,1.5,1.5,4.0,0.2,False,2,1,0.9,0.3,40,22,0.4626865671641791,0.6340970350404312,0.23561385179807687,0.2708333333333333,0.9285714285714286,0.41935483870967744,0.42896290003884213
positive_rescue,1.5,1.5,4.0,0.2,False,2,1,0.9,0.1,40,22,0.4626865671641791,0.6340970350404312,0.23561385179807687,0.2708333333333333,0.9285714285714286,0.41935483870967744,0.42896290003884213
negative_veto,1.5,1.5,4.0,0.2,False,2,1,0.7,0.3,40,8,0.7313432835820896,0.6462264150943396,0.45669540714183565,0.3888888888888889,0.5,0.4375,0.17883688385341354
negative_veto,1.5,1.5,4.0,0.2,False,2,1,0.9,0.3,40,8,0.7313432835820896,0.6462264150943396,0.45669540714183565,0.3888888888888889,0.5,0.4375,0.17883688385341354
negative_veto,1.5,1.5,4.0,0.2,False,2,1,0.9,0.1,40,8,0.7313432835820896,0.6462264150943396,0.43239533284176135,0.3888888888888889,0.5,0.4375,0.18124815699736402
two_way,1.5,1.5,4.0,0.2,False,2,1,0.7,0.3,40,30,0.4626865671641791,0.5289757412398922,0.40167112299465235,0.225,0.6428571428571429,0.3333333333333333,0.3019828202844714
two_way,1.5,1.5,4.0,0.2,False,2,1,0.9,0.3,40,30,0.4626865671641791,0.5289757412398922,0.23262350394703335,0.225,0.6428571428571429,0.3333333333333333,0.43792793978403133
two_way,1.5,1.5,4.0,0.2,False,2,1,0.9,0.1,40,30,0.4626865671641791,0.5289757412398922,0.21783008658008657,0.225,0.6428571428571429,0.3333333333333333,0.4403392129279819
positive_rescue,1.5,1.5,4.0,0.2,False,2,2,0.7,0.3,40,22,0.4626865671641791,0.6340970350404312,0.5148759224800081,0.2708333333333333,0.9285714285714286,0.41935483870967744,0.2930177805392821
positive_rescue,1.5,1.5,4.0,0.2,False,2,2,0.9,0.3,40,22,0.4626865671641791,0.6340970350404312,0.23561385179807687,0.2708333333333333,0.9285714285714286,0.41935483870967744,0.42896290003884213
positive_rescue,1.5,1.5,4.0,0.2,False,2,2,0.9,0.1,40,22,0.4626865671641791,0.6340970350404312,0.23561385179807687,0.2708333333333333,0.9285714285714286,0.41935483870967744,0.42896290003884213
negative_veto,1.5,1.5,4.0,0.2,False,2,2,0.7,0.3,40,8,0.7313432835820896,0.6462264150943396,0.45669540714183565,0.3888888888888889,0.5,0.4375,0.17883688385341354
negative_veto,1.5,1.5,4.0,0.2,False,2,2,0.9,0.3,40,8,0.7313432835820896,0.6462264150943396,0.45669540714183565,0.3888888888888889,0.5,0.4375,0.17883688385341354
negative_veto,1.5,1.5,4.0,0.2,False,2,2,0.9,0.1,40,8,0.7313432835820896,0.6462264150943396,0.43239533284176135,0.3888888888888889,0.5,0.4375,0.18124815699736402
two_way,1.5,1.5,4.0,0.2,False,2,2,0.7,0.3,40,30,0.4626865671641791,0.5289757412398922,0.40167112299465235,0.225,0.6428571428571429,0.3333333333333333,0.3019828202844714
two_way,1.5,1.5,4.0,0.2,False,2,2,0.9,0.3,40,30,0.4626865671641791,0.5289757412398922,0.23262350394703335,0.225,0.6428571428571429,0.3333333333333333,0.43792793978403133
two_way,1.5,1.5,4.0,0.2,False,2,2,0.9,0.1,40,30,0.4626865671641791,0.5289757412398922,0.21783008658008657,0.225,0.6428571428571429,0.3333333333333333,0.4403392129279819
positive_rescue,1.5,1.5,4.0,0.2,False,3,1,0.7,0.3,32,16,0.5223880597014925,0.6455525606469003,0.5258022307066061,0.2857142857142857,0.8571428571428571,0.42857142857142855,0.2584021951399119
positive_rescue,1.5,1.5,4.0,0.2,False,3,1,0.9,0.3,32,16,0.5223880597014925,0.6455525606469003,0.2586180843207792,0.2857142857142857,0.8571428571428571,0.42857142857142855,0.3621085086693226
positive_rescue,1.5,1.5,4.0,0.2,False,3,1,0.9,0.1,32,16,0.5223880597014925,0.6455525606469003,0.2586180843207792,0.2857142857142857,0.8571428571428571,0.42857142857142855,0.3621085086693226
negative_veto,1.5,1.5,4.0,0.2,False,3,1,0.7,0.3,32,10,0.7611940298507462,0.6650943396226415,0.463915667040667,0.4375,0.5,0.4666666666666667,0.17522813393435738
negative_veto,1.5,1.5,4.0,0.2,False,3,1,0.9,0.3,32,10,0.7611940298507462,0.6650943396226415,0.463915667040667,0.4375,0.5,0.4666666666666667,0.17522813393435738
negative_veto,1.5,1.5,4.0,0.2,False,3,1,0.9,0.1,32,10,0.7611940298507462,0.6650943396226415,0.4374427655677655,0.4375,0.5,0.4666666666666667,0.1763790907025465
two_way,1.5,1.5,4.0,0.2,False,3,1,0.7,0.3,32,26,0.5522388059701493,0.559299191374663,0.41234684855374504,0.25,0.5714285714285714,0.34782608695652173,0.2637584849660449
two_way,1.5,1.5,4.0,0.2,False,3,1,0.9,0.3,32,26,0.5522388059701493,0.559299191374663,0.2504420866489832,0.25,0.5714285714285714,0.34782608695652173,0.3674647984954556
two_way,1.5,1.5,4.0,0.2,False,3,1,0.9,0.1,32,26,0.5522388059701493,0.559299191374663,0.23312655086848635,0.25,0.5714285714285714,0.34782608695652173,0.36861575526364476
positive_rescue,1.5,1.5,4.0,0.2,False,3,2,0.7,0.3,32,16,0.5223880597014925,0.6455525606469003,0.5258022307066061,0.2857142857142857,0.8571428571428571,0.42857142857142855,0.2584021951399119
positive_rescue,1.5,1.5,4.0,0.2,False,3,2,0.9,0.3,32,16,0.5223880597014925,0.6455525606469003,0.2586180843207792,0.2857142857142857,0.8571428571428571,0.42857142857142855,0.3621085086693226
positive_rescue,1.5,1.5,4.0,0.2,False,3,2,0.9,0.1,32,16,0.5223880597014925,0.6455525606469003,0.2586180843207792,0.2857142857142857,0.8571428571428571,0.42857142857142855,0.3621085086693226
negative_veto,1.5,1.5,4.0,0.2,False,3,2,0.7,0.3,32,10,0.7611940298507462,0.6650943396226415,0.463915667040667,0.4375,0.5,0.4666666666666667,0.17522813393435738
negative_veto,1.5,1.5,4.0,0.2,False,3,2,0.9,0.3,32,10,0.7611940298507462,0.6650943396226415,0.463915667040667,0.4375,0.5,0.4666666666666667,0.17522813393435738
negative_veto,1.5,1.5,4.0,0.2,False,3,2,0.9,0.1,32,10,0.7611940298507462,0.6650943396226415,0.4374427655677655,0.4375,0.5,0.4666666666666667,0.1763790907025465
two_way,1.5,1.5,4.0,0.2,False,3,2,0.7,0.3,32,26,0.5522388059701493,0.559299191374663,0.41234684855374504,0.25,0.5714285714285714,0.34782608695652173,0.2637584849660449
two_way,1.5,1.5,4.0,0.2,False,3,2,0.9,0.3,32,26,0.5522388059701493,0.559299191374663,0.2504420866489832,0.25,0.5714285714285714,0.34782608695652173,0.3674647984954556
two_way,1.5,1.5,4.0,0.2,False,3,2,0.9,0.1,32,26,0.5522388059701493,0.559299191374663,0.23312655086848635,0.25,0.5714285714285714,0.34782608695652173,0.36861575526364476
positive_rescue,1.5,1.5,4.0,0.2,True,2,1,0.7,0.3,32,15,0.5074626865671642,0.6098382749326146,0.5142160577758954,0.2682926829268293,0.7857142857142857,0.4,0.2678682837502613
positive_rescue,1.5,1.5,4.0,0.2,True,2,1,0.9,0.3,32,15,0.5074626865671642,0.6098382749326146,0.23659535040203686,0.2682926829268293,0.7857142857142857,0.4,0.3775447465334033
positive_rescue,1.5,1.5,4.0,0.2,True,2,1,0.9,0.1,32,15,0.5074626865671642,0.6098382749326146,0.23659535040203686,0.2682926829268293,0.7857142857142857,0.4,0.3775447465334033
negative_veto,1.5,1.5,4.0,0.2,True,2,1,0.7,0.3,32,9,0.746268656716418,0.6556603773584906,0.4583293940699402,0.4117647058823529,0.5,0.45161290322580644,0.17778709727427763
negative_veto,1.5,1.5,4.0,0.2,True,2,1,0.9,0.3,32,9,0.746268656716418,0.6556603773584906,0.4583293940699402,0.4117647058823529,0.5,0.45161290322580644,0.17778709727427763
negative_veto,1.5,1.5,4.0,0.2,True,2,1,0.9,0.1,32,9,0.746268656716418,0.6556603773584906,0.42352315926370543,0.4117647058823529,0.5,0.45161290322580644,0.1848234498533911
two_way,1.5,1.5,4.0,0.2,True,2,1,0.7,0.3,32,24,0.5223880597014925,0.5141509433962264,0.402078991410888,0.21875,0.5,0.30434782608695654,0.2757835369163146
two_way,1.5,1.5,4.0,0.2,True,2,1,0.9,0.3,32,24,0.5223880597014925,0.5141509433962264,0.23124565807755462,0.21875,0.5,0.30434782608695654,0.38545999969945666
two_way,1.5,1.5,4.0,0.2,True,2,1,0.9,0.1,32,24,0.5223880597014925,0.5141509433962264,0.21462136653668912,0.21875,0.5,0.30434782608695654,0.3924963522785701
positive_rescue,1.5,1.5,4.0,0.2,True,2,2,0.7,0.3,32,15,0.5074626865671642,0.6098382749326146,0.5142160577758954,0.2682926829268293,0.7857142857142857,0.4,0.2678682837502613
positive_rescue,1.5,1.5,4.0,0.2,True,2,2,0.9,0.3,32,15,0.5074626865671642,0.6098382749326146,0.23659535040203686,0.2682926829268293,0.7857142857142857,0.4,0.3775447465334033
positive_rescue,1.5,1.5,4.0,0.2,True,2,2,0.9,0.1,32,15,0.5074626865671642,0.6098382749326146,0.23659535040203686,0.2682926829268293,0.7857142857142857,0.4,0.3775447465334033
negative_veto,1.5,1.5,4.0,0.2,True,2,2,0.7,0.3,32,9,0.746268656716418,0.6556603773584906,0.4583293940699402,0.4117647058823529,0.5,0.45161290322580644,0.17778709727427763
negative_veto,1.5,1.5,4.0,0.2,True,2,2,0.9,0.3,32,9,0.746268656716418,0.6556603773584906,0.4583293940699402,0.4117647058823529,0.5,0.45161290322580644,0.17778709727427763
negative_veto,1.5,1.5,4.0,0.2,True,2,2,0.9,0.1,32,9,0.746268656716418,0.6556603773584906,0.42352315926370543,0.4117647058823529,0.5,0.45161290322580644,0.1848234498533911
two_way,1.5,1.5,4.0,0.2,True,2,2,0.7,0.3,32,24,0.5223880597014925,0.5141509433962264,0.402078991410888,0.21875,0.5,0.30434782608695654,0.2757835369163146
two_way,1.5,1.5,4.0,0.2,True,2,2,0.9,0.3,32,24,0.5223880597014925,0.5141509433962264,0.23124565807755462,0.21875,0.5,0.30434782608695654,0.38545999969945666
two_way,1.5,1.5,4.0,0.2,True,2,2,0.9,0.1,32,24,0.5223880597014925,0.5141509433962264,0.21462136653668912,0.21875,0.5,0.30434782608695654,0.3924963522785701
positive_rescue,1.5,1.5,4.0,0.2,True,3,1,0.7,0.3,27,13,0.5373134328358209,0.6287061994609164,0.5172809420823086,0.28205128205128205,0.7857142857142857,0.41509433962264153,0.2555836616925379
positive_rescue,1.5,1.5,4.0,0.2,True,3,1,0.9,0.3,27,13,0.5373134328358209,0.6287061994609164,0.24548877694038984,0.28205128205128205,0.7857142857142857,0.41509433962264153,0.3474977332711489
positive_rescue,1.5,1.5,4.0,0.2,True,3,1,0.9,0.1,27,13,0.5373134328358209,0.6287061994609164,0.24548877694038984,0.28205128205128205,0.7857142857142857,0.41509433962264153,0.3474977332711489
negative_veto,1.5,1.5,4.0,0.2,True,3,1,0.7,0.3,27,12,0.7611940298507462,0.6388140161725068,0.4565318801925944,0.42857142857142855,0.42857142857142855,0.42857142857142855,0.17166834522930274
negative_veto,1.5,1.5,4.0,0.2,True,3,1,0.9,0.3,27,12,0.7611940298507462,0.6388140161725068,0.4565318801925944,0.42857142857142855,0.42857142857142855,0.42857142857142855,0.17166834522930274
negative_veto,1.5,1.5,4.0,0.2,True,3,1,0.9,0.1,27,12,0.7611940298507462,0.6388140161725068,0.41537643903715327,0.42857142857142855,0.42857142857142855,0.42857142857142855,0.1790495675932575
two_way,1.5,1.5,4.0,0.2,True,3,1,0.7,0.3,27,25,0.5671641791044776,0.5161725067385444,0.4073164784070959,0.2222222222222222,0.42857142857142855,0.2926829268292683,0.2573801628136163
two_way,1.5,1.5,4.0,0.2,True,3,1,0.9,0.3,27,25,0.5671641791044776,0.5161725067385444,0.23747520856582605,0.2222222222222222,0.42857142857142855,0.2926829268292683,0.34929423439222734
two_way,1.5,1.5,4.0,0.2,True,3,1,0.9,0.1,27,25,0.5671641791044776,0.5161725067385444,0.21546142030012996,0.2222222222222222,0.42857142857142855,0.2926829268292683,0.35667545675618206
positive_rescue,1.5,1.5,4.0,0.2,True,3,2,0.7,0.3,27,13,0.5373134328358209,0.6287061994609164,0.5172809420823086,0.28205128205128205,0.7857142857142857,0.41509433962264153,0.2555836616925379
positive_rescue,1.5,1.5,4.0,0.2,True,3,2,0.9,0.3,27,13,0.5373134328358209,0.6287061994609164,0.24548877694038984,0.28205128205128205,0.7857142857142857,0.41509433962264153,0.3474977332711489
positive_rescue,1.5,1.5,4.0,0.2,True,3,2,0.9,0.1,27,13,0.5373134328358209,0.6287061994609164,0.24548877694038984,0.28205128205128205,0.7857142857142857,0.41509433962264153,0.3474977332711489
negative_veto,1.5,1.5,4.0,0.2,True,3,2,0.7,0.3,27,12,0.7611940298507462,0.6388140161725068,0.4565318801925944,0.42857142857142855,0.42857142857142855,0.42857142857142855,0.17166834522930274
negative_veto,1.5,1.5,4.0,0.2,True,3,2,0.9,0.3,27,12,0.7611940298507462,0.6388140161725068,0.4565318801925944,0.42857142857142855,0.42857142857142855,0.42857142857142855,0.17166834522930274
negative_veto,1.5,1.5,4.0,0.2,True,3,2,0.9,0.1,27,12,0.7611940298507462,0.6388140161725068,0.41537643903715327,0.42857142857142855,0.42857142857142855,0.42857142857142855,0.1790495675932575
two_way,1.5,1.5,4.0,0.2,True,3,2,0.7,0.3,27,25,0.5671641791044776,0.5161725067385444,0.4073164784070959,0.2222222222222222,0.42857142857142855,0.2926829268292683,0.2573801628136163
two_way,1.5,1.5,4.0,0.2,True,3,2,0.9,0.3,27,25,0.5671641791044776,0.5161725067385444,0.23747520856582605,0.2222222222222222,0.42857142857142855,0.2926829268292683,0.34929423439222734
two_way,1.5,1.5,4.0,0.2,True,3,2,0.9,0.1,27,25,0.5671641791044776,0.5161725067385444,0.21546142030012996,0.2222222222222222,0.42857142857142855,0.2926829268292683,0.35667545675618206
positive_rescue,1.5,1.5,4.0,0.4,False,2,1,0.7,0.3,41,23,0.44776119402985076,0.6246630727762803,0.5118359976125756,0.2653061224489796,0.9285714285714286,0.4126984126984127,0.2984232578752155
positive_rescue,1.5,1.5,4.0,0.4,False,2,1,0.9,0.3,41,23,0.44776119402985076,0.6246630727762803,0.23037148327592782,0.2653061224489796,0.9285714285714286,0.4126984126984127,0.4391444967777606
positive_rescue,1.5,1.5,4.0,0.4,False,2,1,0.9,0.1,41,23,0.44776119402985076,0.6246630727762803,0.23037148327592782,0.2653061224489796,0.9285714285714286,0.4126984126984127,0.4391444967777606
negative_veto,1.5,1.5,4.0,0.4,False,2,1,0.7,0.3,41,8,0.7313432835820896,0.6462264150943396,0.45669540714183565,0.3888888888888889,0.5,0.4375,0.1794015557712115
negative_veto,1.5,1.5,4.0,0.4,False,2,1,0.9,0.3,41,8,0.7313432835820896,0.6462264150943396,0.45669540714183565,0.3888888888888889,0.5,0.4375,0.1794015557712115
negative_veto,1.5,1.5,4.0,0.4,False,2,1,0.9,0.1,41,8,0.7313432835820896,0.6462264150943396,0.4310083755724512,0.3888888888888889,0.5,0.4375,0.18300685876590828
two_way,1.5,1.5,4.0,0.4,False,2,1,0.7,0.3,41,31,0.44776119402985076,0.5195417789757413,0.3997111926810635,0.21951219512195122,0.6428571428571429,0.32727272727272727,0.3079529695382027
two_way,1.5,1.5,4.0,0.4,False,2,1,0.9,0.3,41,31,0.44776119402985076,0.5195417789757413,0.2290956293825734,0.21951219512195122,0.6428571428571429,0.32727272727272727,0.4486742084407478
two_way,1.5,1.5,4.0,0.4,False,2,1,0.9,0.1,41,31,0.44776119402985076,0.5195417789757413,0.21430221201562666,0.21951219512195122,0.6428571428571429,0.32727272727272727,0.4522795114354446
positive_rescue,1.5,1.5,4.0,0.4,False,2,2,0.7,0.3,41,23,0.44776119402985076,0.6246630727762803,0.5118359976125756,0.2653061224489796,0.9285714285714286,0.4126984126984127,0.2984232578752155
positive_rescue,1.5,1.5,4.0,0.4,False,2,2,0.9,0.3,41,23,0.44776119402985076,0.6246630727762803,0.23037148327592782,0.2653061224489796,0.9285714285714286,0.4126984126984127,0.4391444967777606
positive_rescue,1.5,1.5,4.0,0.4,False,2,2,0.9,0.1,41,23,0.44776119402985076,0.6246630727762803,0.23037148327592782,0.2653061224489796,0.9285714285714286,0.4126984126984127,0.4391444967777606
negative_veto,1.5,1.5,4.0,0.4,False,2,2,0.7,0.3,41,8,0.7313432835820896,0.6462264150943396,0.45669540714183565,0.3888888888888889,0.5,0.4375,0.1794015557712115
negative_veto,1.5,1.5,4.0,0.4,False,2,2,0.9,0.3,41,8,0.7313432835820896,0.6462264150943396,0.45669540714183565,0.3888888888888889,0.5,0.4375,0.1794015557712115
negative_veto,1.5,1.5,4.0,0.4,False,2,2,0.9,0.1,41,8,0.7313432835820896,0.6462264150943396,0.4310083755724512,0.3888888888888889,0.5,0.4375,0.18300685876590828
two_way,1.5,1.5,4.0,0.4,False,2,2,0.7,0.3,41,31,0.44776119402985076,0.5195417789757413,0.3997111926810635,0.21951219512195122,0.6428571428571429,0.32727272727272727,0.3079529695382027
two_way,1.5,1.5,4.0,0.4,False,2,2,0.9,0.3,41,31,0.44776119402985076,0.5195417789757413,0.2290956293825734,0.21951219512195122,0.6428571428571429,0.32727272727272727,0.4486742084407478
two_way,1.5,1.5,4.0,0.4,False,2,2,0.9,0.1,41,31,0.44776119402985076,0.5195417789757413,0.21430221201562666,0.21951219512195122,0.6428571428571429,0.32727272727272727,0.4522795114354446
positive_rescue,1.5,1.5,4.0,0.4,False,3,1,0.7,0.3,35,19,0.47761194029850745,0.6172506738544474,0.5154500365800936,0.26666666666666666,0.8571428571428571,0.4067796610169492,0.27831817561015065
positive_rescue,1.5,1.5,4.0,0.4,False,3,1,0.9,0.3,35,19,0.47761194029850745,0.6172506738544474,0.23950776778068203,0.26666666666666666,0.8571428571428571,0.4067796610169492,0.3963528473485166
positive_rescue,1.5,1.5,4.0,0.4,False,3,1,0.9,0.1,35,19,0.47761194029850745,0.6172506738544474,0.23950776778068203,0.26666666666666666,0.8571428571428571,0.4067796610169492,0.3963528473485166
negative_veto,1.5,1.5,4.0,0.4,False,3,1,0.7,0.3,35,10,0.7611940298507462,0.6650943396226415,0.463915667040667,0.4375,0.5,0.4666666666666667,0.17522813393435738
negative_veto,1.5,1.5,4.0,0.4,False,3,1,0.9,0.3,35,10,0.7611940298507462,0.6650943396226415,0.463915667040667,0.4375,0.5,0.4666666666666667,0.17522813393435738
negative_veto,1.5,1.5,4.0,0.4,False,3,1,0.9,0.1,35,10,0.7611940298507462,0.6650943396226415,0.4374427655677655,0.4375,0.5,0.4666666666666667,0.1779556475457405
two_way,1.5,1.5,4.0,0.4,False,3,1,0.7,0.3,35,29,0.5074626865671642,0.5309973045822103,0.4011911413848459,0.22857142857142856,0.5714285714285714,0.32653061224489793,0.2836744654362837
two_way,1.5,1.5,4.0,0.4,False,3,1,0.9,0.3,35,29,0.5074626865671642,0.5309973045822103,0.23316393050049222,0.22857142857142856,0.5714285714285714,0.32653061224489793,0.4017091371746497
two_way,1.5,1.5,4.0,0.4,False,3,1,0.9,0.1,35,29,0.5074626865671642,0.5309973045822103,0.22088165290930267,0.22857142857142856,0.5714285714285714,0.32653061224489793,0.40443665078603286
positive_rescue,1.5,1.5,4.0,0.4,False,3,2,0.7,0.3,35,19,0.47761194029850745,0.6172506738544474,0.5154500365800936,0.26666666666666666,0.8571428571428571,0.4067796610169492,0.27831817561015065
positive_rescue,1.5,1.5,4.0,0.4,False,3,2,0.9,0.3,35,19,0.47761194029850745,0.6172506738544474,0.23950776778068203,0.26666666666666666,0.8571428571428571,0.4067796610169492,0.3963528473485166
positive_rescue,1.5,1.5,4.0,0.4,False,3,2,0.9,0.1,35,19,0.47761194029850745,0.6172506738544474,0.23950776778068203,0.26666666666666666,0.8571428571428571,0.4067796610169492,0.3963528473485166
negative_veto,1.5,1.5,4.0,0.4,False,3,2,0.7,0.3,35,10,0.7611940298507462,0.6650943396226415,0.463915667040667,0.4375,0.5,0.4666666666666667,0.17522813393435738
negative_veto,1.5,1.5,4.0,0.4,False,3,2,0.9,0.3,35,10,0.7611940298507462,0.6650943396226415,0.463915667040667,0.4375,0.5,0.4666666666666667,0.17522813393435738
negative_veto,1.5,1.5,4.0,0.4,False,3,2,0.9,0.1,35,10,0.7611940298507462,0.6650943396226415,0.4374427655677655,0.4375,0.5,0.4666666666666667,0.1779556475457405
two_way,1.5,1.5,4.0,0.4,False,3,2,0.7,0.3,35,29,0.5074626865671642,0.5309973045822103,0.4011911413848459,0.22857142857142856,0.5714285714285714,0.32653061224489793,0.2836744654362837
two_way,1.5,1.5,4.0,0.4,False,3,2,0.9,0.3,35,29,0.5074626865671642,0.5309973045822103,0.23316393050049222,0.22857142857142856,0.5714285714285714,0.32653061224489793,0.4017091371746497
two_way,1.5,1.5,4.0,0.4,False,3,2,0.9,0.1,35,29,0.5074626865671642,0.5309973045822103,0.22088165290930267,0.22857142857142856,0.5714285714285714,0.32653061224489793,0.40443665078603286
positive_rescue,1.5,1.5,4.0,0.4,True,2,1,0.7,0.3,36,19,0.47761194029850745,0.6172506738544474,0.5128877577020252,0.26666666666666666,0.8571428571428571,0.4067796610169492,0.28088438743481203
positive_rescue,1.5,1.5,4.0,0.4,True,2,1,0.9,0.3,36,19,0.47761194029850745,0.6172506738544474,0.23435882597760488,0.26666666666666666,0.8571428571428571,0.4067796610169492,0.403695178576163
positive_rescue,1.5,1.5,4.0,0.4,True,2,1,0.9,0.1,36,19,0.47761194029850745,0.6172506738544474,0.23435882597760488,0.26666666666666666,0.8571428571428571,0.4067796610169492,0.403695178576163
negative_veto,1.5,1.5,4.0,0.4,True,2,1,0.7,0.3,36,9,0.746268656716418,0.6556603773584906,0.4583293940699402,0.4117647058823529,0.5,0.45161290322580644,0.1783517691920756
negative_veto,1.5,1.5,4.0,0.4,True,2,1,0.9,0.3,36,9,0.746268656716418,0.6556603773584906,0.4583293940699402,0.4117647058823529,0.5,0.45161290322580644,0.1783517691920756
negative_veto,1.5,1.5,4.0,0.4,True,2,1,0.9,0.1,36,9,0.746268656716418,0.6556603773584906,0.4300249907655369,0.4117647058823529,0.5,0.45161290322580644,0.18255361482555676
two_way,1.5,1.5,4.0,0.4,True,2,1,0.7,0.3,36,28,0.4925373134328358,0.5215633423180592,0.4008968392668356,0.2222222222222222,0.5714285714285714,0.32,0.28936431251866335
two_way,1.5,1.5,4.0,0.4,True,2,1,0.9,0.3,36,28,0.4925373134328358,0.5215633423180592,0.23105556942556582,0.2222222222222222,0.5714285714285714,0.32,0.41217510366001436
two_way,1.5,1.5,4.0,0.4,True,2,1,0.9,0.1,36,28,0.4925373134328358,0.5215633423180592,0.21725353499547048,0.2222222222222222,0.5714285714285714,0.32,0.4163769492934955
positive_rescue,1.5,1.5,4.0,0.4,True,2,2,0.7,0.3,36,19,0.47761194029850745,0.6172506738544474,0.5128877577020252,0.26666666666666666,0.8571428571428571,0.4067796610169492,0.28088438743481203
positive_rescue,1.5,1.5,4.0,0.4,True,2,2,0.9,0.3,36,19,0.47761194029850745,0.6172506738544474,0.23435882597760488,0.26666666666666666,0.8571428571428571,0.4067796610169492,0.403695178576163
positive_rescue,1.5,1.5,4.0,0.4,True,2,2,0.9,0.1,36,19,0.47761194029850745,0.6172506738544474,0.23435882597760488,0.26666666666666666,0.8571428571428571,0.4067796610169492,0.403695178576163
negative_veto,1.5,1.5,4.0,0.4,True,2,2,0.7,0.3,36,9,0.746268656716418,0.6556603773584906,0.4583293940699402,0.4117647058823529,0.5,0.45161290322580644,0.1783517691920756
negative_veto,1.5,1.5,4.0,0.4,True,2,2,0.9,0.3,36,9,0.746268656716418,0.6556603773584906,0.4583293940699402,0.4117647058823529,0.5,0.45161290322580644,0.1783517691920756
negative_veto,1.5,1.5,4.0,0.4,True,2,2,0.9,0.1,36,9,0.746268656716418,0.6556603773584906,0.4300249907655369,0.4117647058823529,0.5,0.45161290322580644,0.18255361482555676
two_way,1.5,1.5,4.0,0.4,True,2,2,0.7,0.3,36,28,0.4925373134328358,0.5215633423180592,0.4008968392668356,0.2222222222222222,0.5714285714285714,0.32,0.28936431251866335
two_way,1.5,1.5,4.0,0.4,True,2,2,0.9,0.3,36,28,0.4925373134328358,0.5215633423180592,0.23105556942556582,0.2222222222222222,0.5714285714285714,0.32,0.41217510366001436
two_way,1.5,1.5,4.0,0.4,True,2,2,0.9,0.1,36,28,0.4925373134328358,0.5215633423180592,0.21725353499547048,0.2222222222222222,0.5714285714285714,0.32,0.4163769492934955
positive_rescue,1.5,1.5,4.0,0.4,True,3,1,0.7,0.3,27,13,0.5373134328358209,0.6287061994609164,0.5172809420823086,0.28205128205128205,0.7857142857142857,0.41509433962264153,0.2555836616925379
positive_rescue,1.5,1.5,4.0,0.4,True,3,1,0.9,0.3,27,13,0.5373134328358209,0.6287061994609164,0.24548877694038984,0.28205128205128205,0.7857142857142857,0.41509433962264153,0.3474977332711489
positive_rescue,1.5,1.5,4.0,0.4,True,3,1,0.9,0.1,27,13,0.5373134328358209,0.6287061994609164,0.24548877694038984,0.28205128205128205,0.7857142857142857,0.41509433962264153,0.3474977332711489
negative_veto,1.5,1.5,4.0,0.4,True,3,1,0.7,0.3,27,12,0.7611940298507462,0.6388140161725068,0.4565318801925944,0.42857142857142855,0.42857142857142855,0.42857142857142855,0.17166834522930274
negative_veto,1.5,1.5,4.0,0.4,True,3,1,0.9,0.3,27,12,0.7611940298507462,0.6388140161725068,0.4565318801925944,0.42857142857142855,0.42857142857142855,0.42857142857142855,0.17166834522930274
negative_veto,1.5,1.5,4.0,0.4,True,3,1,0.9,0.1,27,12,0.7611940298507462,0.6388140161725068,0.41537643903715327,0.42857142857142855,0.42857142857142855,0.42857142857142855,0.1790495675932575
two_way,1.5,1.5,4.0,0.4,True,3,1,0.7,0.3,27,25,0.5671641791044776,0.5161725067385444,0.4073164784070959,0.2222222222222222,0.42857142857142855,0.2926829268292683,0.2573801628136163
two_way,1.5,1.5,4.0,0.4,True,3,1,0.9,0.3,27,25,0.5671641791044776,0.5161725067385444,0.23747520856582605,0.2222222222222222,0.42857142857142855,0.2926829268292683,0.34929423439222734
two_way,1.5,1.5,4.0,0.4,True,3,1,0.9,0.1,27,25,0.5671641791044776,0.5161725067385444,0.21546142030012996,0.2222222222222222,0.42857142857142855,0.2926829268292683,0.35667545675618206
positive_rescue,1.5,1.5,4.0,0.4,True,3,2,0.7,0.3,27,13,0.5373134328358209,0.6287061994609164,0.5172809420823086,0.28205128205128205,0.7857142857142857,0.41509433962264153,0.2555836616925379
positive_rescue,1.5,1.5,4.0,0.4,True,3,2,0.9,0.3,27,13,0.5373134328358209,0.6287061994609164,0.24548877694038984,0.28205128205128205,0.7857142857142857,0.41509433962264153,0.3474977332711489
positive_rescue,1.5,1.5,4.0,0.4,True,3,2,0.9,0.1,27,13,0.5373134328358209,0.6287061994609164,0.24548877694038984,0.28205128205128205,0.7857142857142857,0.41509433962264153,0.3474977332711489
negative_veto,1.5,1.5,4.0,0.4,True,3,2,0.7,0.3,27,12,0.7611940298507462,0.6388140161725068,0.4565318801925944,0.42857142857142855,0.42857142857142855,0.42857142857142855,0.17166834522930274
negative_veto,1.5,1.5,4.0,0.4,True,3,2,0.9,0.3,27,12,0.7611940298507462,0.6388140161725068,0.4565318801925944,0.42857142857142855,0.42857142857142855,0.42857142857142855,0.17166834522930274
negative_veto,1.5,1.5,4.0,0.4,True,3,2,0.9,0.1,27,12,0.7611940298507462,0.6388140161725068,0.41537643903715327,0.42857142857142855,0.42857142857142855,0.42857142857142855,0.1790495675932575
two_way,1.5,1.5,4.0,0.4,True,3,2,0.7,0.3,27,25,0.5671641791044776,0.5161725067385444,0.4073164784070959,0.2222222222222222,0.42857142857142855,0.2926829268292683,0.2573801628136163
two_way,1.5,1.5,4.0,0.4,True,3,2,0.9,0.3,27,25,0.5671641791044776,0.5161725067385444,0.23747520856582605,0.2222222222222222,0.42857142857142855,0.2926829268292683,0.34929423439222734
two_way,1.5,1.5,4.0,0.4,True,3,2,0.9,0.1,27,25,0.5671641791044776,0.5161725067385444,0.21546142030012996,0.2222222222222222,0.42857142857142855,0.2926829268292683,0.35667545675618206
positive_rescue,1.5,2.0,1.0,0.2,False,2,1,0.7,0.3,59,37,0.26865671641791045,0.5377358490566038,0.4816557065272786,0.2222222222222222,1.0,0.36363636363636365,0.3826530782262818
positive_rescue,1.5,2.0,1.0,0.2,False,2,1,0.9,0.3,59,37,0.26865671641791045,0.5377358490566038,0.1790621100445066,0.2222222222222222,1.0,0.36363636363636365,0.603374317128827
positive_rescue,1.5,2.0,1.0,0.2,False,2,1,0.9,0.1,59,37,0.26865671641791045,0.5377358490566038,0.1790621100445066,0.2222222222222222,1.0,0.36363636363636365,0.603374317128827
negative_veto,1.5,2.0,1.0,0.2,False,2,1,0.7,0.3,59,4,0.6716417910447762,0.6084905660377358,0.4429137780627719,0.3181818181818182,0.5,0.3888888888888889,0.1915686455478749
negative_veto,1.5,2.0,1.0,0.2,False,2,1,0.9,0.3,59,4,0.6716417910447762,0.6084905660377358,0.4429137780627719,0.3181818181818182,0.5,0.3888888888888889,0.1915686455478749
negative_veto,1.5,2.0,1.0,0.2,False,2,1,0.9,0.1,59,4,0.6716417910447762,0.6084905660377358,0.4078640367630305,0.3181818181818182,0.5,0.3888888888888889,0.20918998568673583
two_way,1.5,2.0,1.0,0.2,False,2,1,0.7,0.3,59,41,0.208955223880597,0.3948787061994609,0.3694646220069948,0.1694915254237288,0.7142857142857143,0.273972602739726,0.4043498796659324
two_way,1.5,2.0,1.0,0.2,False,2,1,0.9,0.3,59,41,0.208955223880597,0.3948787061994609,0.1845574387947269,0.1694915254237288,0.7142857142857143,0.273972602739726,0.6250711185684776
two_way,1.5,2.0,1.0,0.2,False,2,1,0.9,0.1,59,41,0.208955223880597,0.3948787061994609,0.18260383684112497,0.1694915254237288,0.7142857142857143,0.273972602739726,0.6426924587073386
positive_rescue,1.5,2.0,1.0,0.2,False,2,2,0.7,0.3,59,37,0.26865671641791045,0.5377358490566038,0.4816557065272786,0.2222222222222222,1.0,0.36363636363636365,0.3826530782262818
positive_rescue,1.5,2.0,1.0,0.2,False,2,2,0.9,0.3,59,37,0.26865671641791045,0.5377358490566038,0.1790621100445066,0.2222222222222222,1.0,0.36363636363636365,0.603374317128827
positive_rescue,1.5,2.0,1.0,0.2,False,2,2,0.9,0.1,59,37,0.26865671641791045,0.5377358490566038,0.1790621100445066,0.2222222222222222,1.0,0.36363636363636365,0.603374317128827
negative_veto,1.5,2.0,1.0,0.2,False,2,2,0.7,0.3,59,4,0.6716417910447762,0.6084905660377358,0.4429137780627719,0.3181818181818182,0.5,0.3888888888888889,0.1915686455478749
negative_veto,1.5,2.0,1.0,0.2,False,2,2,0.9,0.3,59,4,0.6716417910447762,0.6084905660377358,0.4429137780627719,0.3181818181818182,0.5,0.3888888888888889,0.1915686455478749
negative_veto,1.5,2.0,1.0,0.2,False,2,2,0.9,0.1,59,4,0.6716417910447762,0.6084905660377358,0.4078640367630305,0.3181818181818182,0.5,0.3888888888888889,0.20918998568673583
two_way,1.5,2.0,1.0,0.2,False,2,2,0.7,0.3,59,41,0.208955223880597,0.3948787061994609,0.3694646220069948,0.1694915254237288,0.7142857142857143,0.273972602739726,0.4043498796659324
two_way,1.5,2.0,1.0,0.2,False,2,2,0.9,0.3,59,41,0.208955223880597,0.3948787061994609,0.1845574387947269,0.1694915254237288,0.7142857142857143,0.273972602739726,0.6250711185684776
two_way,1.5,2.0,1.0,0.2,False,2,2,0.9,0.1,59,41,0.208955223880597,0.3948787061994609,0.18260383684112497,0.1694915254237288,0.7142857142857143,0.273972602739726,0.6426924587073386
positive_rescue,1.5,2.0,1.0,0.2,False,3,1,0.7,0.3,57,35,0.29850746268656714,0.5566037735849056,0.4855333019565147,0.22950819672131148,1.0,0.37333333333333335,0.3701137356235748
positive_rescue,1.5,2.0,1.0,0.2,False,3,1,0.9,0.3,57,35,0.29850746268656714,0.5566037735849056,0.18525755937303762,0.22950819672131148,1.0,0.37333333333333335,0.5812827357201499
positive_rescue,1.5,2.0,1.0,0.2,False,3,1,0.9,0.1,57,35,0.29850746268656714,0.5566037735849056,0.18525755937303762,0.22950819672131148,1.0,0.37333333333333335,0.5812827357201499
negative_veto,1.5,2.0,1.0,0.2,False,3,1,0.7,0.3,57,4,0.6716417910447762,0.6084905660377358,0.4429137780627719,0.3181818181818182,0.5,0.3888888888888889,0.1915397499072724
negative_veto,1.5,2.0,1.0,0.2,False,3,1,0.9,0.3,57,4,0.6716417910447762,0.6084905660377358,0.4429137780627719,0.3181818181818182,0.5,0.3888888888888889,0.1915397499072724
negative_veto,1.5,2.0,1.0,0.2,False,3,1,0.9,0.1,57,4,0.6716417910447762,0.6084905660377358,0.40898746044080203,0.3181818181818182,0.5,0.3888888888888889,0.20740097008048766
two_way,1.5,2.0,1.0,0.2,False,3,1,0.7,0.3,57,39,0.23880597014925373,0.4137466307277628,0.3730374322904034,0.17543859649122806,0.7142857142857143,0.28169014084507044,0.3917816414226229
two_way,1.5,2.0,1.0,0.2,False,3,1,0.9,0.3,57,39,0.23880597014925373,0.4137466307277628,0.1898294122402781,0.17543859649122806,0.7142857142857143,0.28169014084507044,0.6029506415191979
two_way,1.5,2.0,1.0,0.2,False,3,1,0.9,0.1,57,39,0.23880597014925373,0.4137466307277628,0.18685174474648159,0.17543859649122806,0.7142857142857143,0.28169014084507044,0.6188118616924131
positive_rescue,1.5,2.0,1.0,0.2,False,3,2,0.7,0.3,57,35,0.29850746268656714,0.5566037735849056,0.4855333019565147,0.22950819672131148,1.0,0.37333333333333335,0.3701137356235748
positive_rescue,1.5,2.0,1.0,0.2,False,3,2,0.9,0.3,57,35,0.29850746268656714,0.5566037735849056,0.18525755937303762,0.22950819672131148,1.0,0.37333333333333335,0.5812827357201499
positive_rescue,1.5,2.0,1.0,0.2,False,3,2,0.9,0.1,57,35,0.29850746268656714,0.5566037735849056,0.18525755937303762,0.22950819672131148,1.0,0.37333333333333335,0.5812827357201499
negative_veto,1.5,2.0,1.0,0.2,False,3,2,0.7,0.3,57,4,0.6716417910447762,0.6084905660377358,0.4429137780627719,0.3181818181818182,0.5,0.3888888888888889,0.1915397499072724
negative_veto,1.5,2.0,1.0,0.2,False,3,2,0.9,0.3,57,4,0.6716417910447762,0.6084905660377358,0.4429137780627719,0.3181818181818182,0.5,0.3888888888888889,0.1915397499072724
negative_veto,1.5,2.0,1.0,0.2,False,3,2,0.9,0.1,57,4,0.6716417910447762,0.6084905660377358,0.40898746044080203,0.3181818181818182,0.5,0.3888888888888889,0.20740097008048766
two_way,1.5,2.0,1.0,0.2,False,3,2,0.7,0.3,57,39,0.23880597014925373,0.4137466307277628,0.3730374322904034,0.17543859649122806,0.7142857142857143,0.28169014084507044,0.3917816414226229
two_way,1.5,2.0,1.0,0.2,False,3,2,0.9,0.3,57,39,0.23880597014925373,0.4137466307277628,0.1898294122402781,0.17543859649122806,0.7142857142857143,0.28169014084507044,0.6029506415191979
two_way,1.5,2.0,1.0,0.2,False,3,2,0.9,0.1,57,39,0.23880597014925373,0.4137466307277628,0.18685174474648159,0.17543859649122806,0.7142857142857143,0.28169014084507044,0.6188118616924131
positive_rescue,1.5,2.0,1.0,0.2,True,2,1,0.7,0.3,57,35,0.29850746268656714,0.5566037735849056,0.4855333019565147,0.22950819672131148,1.0,0.37333333333333335,0.36915050394537624
positive_rescue,1.5,2.0,1.0,0.2,True,2,1,0.9,0.3,57,35,0.29850746268656714,0.5566037735849056,0.18525755937303762,0.22950819672131148,1.0,0.37333333333333335,0.5803195040419512
positive_rescue,1.5,2.0,1.0,0.2,True,2,1,0.9,0.1,57,35,0.29850746268656714,0.5566037735849056,0.18525755937303762,0.22950819672131148,1.0,0.37333333333333335,0.5803195040419512
negative_veto,1.5,2.0,1.0,0.2,True,2,1,0.7,0.3,57,4,0.6716417910447762,0.6084905660377358,0.4429137780627719,0.3181818181818182,0.5,0.3888888888888889,0.1915686455478749
negative_veto,1.5,2.0,1.0,0.2,True,2,1,0.9,0.3,57,4,0.6716417910447762,0.6084905660377358,0.4429137780627719,0.3181818181818182,0.5,0.3888888888888889,0.1915686455478749
negative_veto,1.5,2.0,1.0,0.2,True,2,1,0.9,0.1,57,4,0.6716417910447762,0.6084905660377358,0.4081489911703253,0.3181818181818182,0.5,0.3888888888888889,0.2083642017586862
two_way,1.5,2.0,1.0,0.2,True,2,1,0.7,0.3,57,39,0.23880597014925373,0.4137466307277628,0.37409507374994866,0.17543859649122806,0.7142857142857143,0.28169014084507044,0.3908473053850268
two_way,1.5,2.0,1.0,0.2,True,2,1,0.9,0.3,57,39,0.23880597014925373,0.4137466307277628,0.19088705369982334,0.17543859649122806,0.7142857142857143,0.28169014084507044,0.6020163054816018
two_way,1.5,2.0,1.0,0.2,True,2,1,0.9,0.1,57,39,0.23880597014925373,0.4137466307277628,0.18685174474648159,0.17543859649122806,0.7142857142857143,0.28169014084507044,0.6188118616924131
positive_rescue,1.5,2.0,1.0,0.2,True,2,2,0.7,0.3,57,35,0.29850746268656714,0.5566037735849056,0.4855333019565147,0.22950819672131148,1.0,0.37333333333333335,0.36915050394537624
positive_rescue,1.5,2.0,1.0,0.2,True,2,2,0.9,0.3,57,35,0.29850746268656714,0.5566037735849056,0.18525755937303762,0.22950819672131148,1.0,0.37333333333333335,0.5803195040419512
positive_rescue,1.5,2.0,1.0,0.2,True,2,2,0.9,0.1,57,35,0.29850746268656714,0.5566037735849056,0.18525755937303762,0.22950819672131148,1.0,0.37333333333333335,0.5803195040419512
negative_veto,1.5,2.0,1.0,0.2,True,2,2,0.7,0.3,57,4,0.6716417910447762,0.6084905660377358,0.4429137780627719,0.3181818181818182,0.5,0.3888888888888889,0.1915686455478749
negative_veto,1.5,2.0,1.0,0.2,True,2,2,0.9,0.3,57,4,0.6716417910447762,0.6084905660377358,0.4429137780627719,0.3181818181818182,0.5,0.3888888888888889,0.1915686455478749
negative_veto,1.5,2.0,1.0,0.2,True,2,2,0.9,0.1,57,4,0.6716417910447762,0.6084905660377358,0.4081489911703253,0.3181818181818182,0.5,0.3888888888888889,0.2083642017586862
two_way,1.5,2.0,1.0,0.2,True,2,2,0.7,0.3,57,39,0.23880597014925373,0.4137466307277628,0.37409507374994866,0.17543859649122806,0.7142857142857143,0.28169014084507044,0.3908473053850268
two_way,1.5,2.0,1.0,0.2,True,2,2,0.9,0.3,57,39,0.23880597014925373,0.4137466307277628,0.19088705369982334,0.17543859649122806,0.7142857142857143,0.28169014084507044,0.6020163054816018
two_way,1.5,2.0,1.0,0.2,True,2,2,0.9,0.1,57,39,0.23880597014925373,0.4137466307277628,0.18685174474648159,0.17543859649122806,0.7142857142857143,0.28169014084507044,0.6188118616924131
positive_rescue,1.5,2.0,1.0,0.2,True,3,1,0.7,0.3,56,34,0.31343283582089554,0.5660377358490566,0.4875717148343849,0.23333333333333334,1.0,0.3783783783783784,0.36320925033224744
positive_rescue,1.5,2.0,1.0,0.2,True,3,1,0.9,0.3,56,34,0.31343283582089554,0.5660377358490566,0.1885189721402111,0.23333333333333334,1.0,0.3783783783783784,0.5696021310258375
positive_rescue,1.5,2.0,1.0,0.2,True,3,1,0.9,0.1,56,34,0.31343283582089554,0.5660377358490566,0.1885189721402111,0.23333333333333334,1.0,0.3783783783783784,0.5696021310258375
negative_veto,1.5,2.0,1.0,0.2,True,3,1,0.7,0.3,56,4,0.6716417910447762,0.6084905660377358,0.4429137780627719,0.3181818181818182,0.5,0.3888888888888889,0.1915397499072724
negative_veto,1.5,2.0,1.0,0.2,True,3,1,0.9,0.3,56,4,0.6716417910447762,0.6084905660377358,0.4429137780627719,0.3181818181818182,0.5,0.3888888888888889,0.1915397499072724
negative_veto,1.5,2.0,1.0,0.2,True,3,1,0.9,0.1,56,4,0.6716417910447762,0.6084905660377358,0.40898746044080203,0.3181818181818182,0.5,0.3888888888888889,0.20714127626733744
two_way,1.5,2.0,1.0,0.2,True,3,1,0.7,0.3,56,38,0.2537313432835821,0.42318059299191374,0.3754377160700345,0.17857142857142858,0.7142857142857143,0.2857142857142857,0.3848771561312954
two_way,1.5,2.0,1.0,0.2,True,3,1,0.9,0.3,56,38,0.2537313432835821,0.42318059299191374,0.19312479089996654,0.17857142857142858,0.7142857142857143,0.2857142857142857,0.5912700368248854
two_way,1.5,2.0,1.0,0.2,True,3,1,0.9,0.1,56,38,0.2537313432835821,0.42318059299191374,0.1890894819466248,0.17857142857142858,0.7142857142857143,0.2857142857142857,0.6068715631849505
positive_rescue,1.5,2.0,1.0,0.2,True,3,2,0.7,0.3,56,34,0.31343283582089554,0.5660377358490566,0.4875717148343849,0.23333333333333334,1.0,0.3783783783783784,0.36320925033224744
positive_rescue,1.5,2.0,1.0,0.2,True,3,2,0.9,0.3,56,34,0.31343283582089554,0.5660377358490566,0.1885189721402111,0.23333333333333334,1.0,0.3783783783783784,0.5696021310258375
positive_rescue,1.5,2.0,1.0,0.2,True,3,2,0.9,0.1,56,34,0.31343283582089554,0.5660377358490566,0.1885189721402111,0.23333333333333334,1.0,0.3783783783783784,0.5696021310258375
negative_veto,1.5,2.0,1.0,0.2,True,3,2,0.7,0.3,56,4,0.6716417910447762,0.6084905660377358,0.4429137780627719,0.3181818181818182,0.5,0.3888888888888889,0.1915397499072724
negative_veto,1.5,2.0,1.0,0.2,True,3,2,0.9,0.3,56,4,0.6716417910447762,0.6084905660377358,0.4429137780627719,0.3181818181818182,0.5,0.3888888888888889,0.1915397499072724
negative_veto,1.5,2.0,1.0,0.2,True,3,2,0.9,0.1,56,4,0.6716417910447762,0.6084905660377358,0.40898746044080203,0.3181818181818182,0.5,0.3888888888888889,0.20714127626733744
two_way,1.5,2.0,1.0,0.2,True,3,2,0.7,0.3,56,38,0.2537313432835821,0.42318059299191374,0.3754377160700345,0.17857142857142858,0.7142857142857143,0.2857142857142857,0.3848771561312954
two_way,1.5,2.0,1.0,0.2,True,3,2,0.9,0.3,56,38,0.2537313432835821,0.42318059299191374,0.19312479089996654,0.17857142857142858,0.7142857142857143,0.2857142857142857,0.5912700368248854
two_way,1.5,2.0,1.0,0.2,True,3,2,0.9,0.1,56,38,0.2537313432835821,0.42318059299191374,0.1890894819466248,0.17857142857142858,0.7142857142857143,0.2857142857142857,0.6068715631849505
positive_rescue,1.5,2.0,1.0,0.4,False,2,1,0.7,0.3,59,37,0.26865671641791045,0.5377358490566038,0.4816557065272786,0.2222222222222222,1.0,0.36363636363636365,0.3826530782262818
positive_rescue,1.5,2.0,1.0,0.4,False,2,1,0.9,0.3,59,37,0.26865671641791045,0.5377358490566038,0.1790621100445066,0.2222222222222222,1.0,0.36363636363636365,0.603374317128827
positive_rescue,1.5,2.0,1.0,0.4,False,2,1,0.9,0.1,59,37,0.26865671641791045,0.5377358490566038,0.1790621100445066,0.2222222222222222,1.0,0.36363636363636365,0.603374317128827
negative_veto,1.5,2.0,1.0,0.4,False,2,1,0.7,0.3,59,4,0.6716417910447762,0.6084905660377358,0.4429137780627719,0.3181818181818182,0.5,0.3888888888888889,0.1915686455478749
negative_veto,1.5,2.0,1.0,0.4,False,2,1,0.9,0.3,59,4,0.6716417910447762,0.6084905660377358,0.4429137780627719,0.3181818181818182,0.5,0.3888888888888889,0.1915686455478749
negative_veto,1.5,2.0,1.0,0.4,False,2,1,0.9,0.1,59,4,0.6716417910447762,0.6084905660377358,0.4078640367630305,0.3181818181818182,0.5,0.3888888888888889,0.20918998568673583
two_way,1.5,2.0,1.0,0.4,False,2,1,0.7,0.3,59,41,0.208955223880597,0.3948787061994609,0.3694646220069948,0.1694915254237288,0.7142857142857143,0.273972602739726,0.4043498796659324
two_way,1.5,2.0,1.0,0.4,False,2,1,0.9,0.3,59,41,0.208955223880597,0.3948787061994609,0.1845574387947269,0.1694915254237288,0.7142857142857143,0.273972602739726,0.6250711185684776
two_way,1.5,2.0,1.0,0.4,False,2,1,0.9,0.1,59,41,0.208955223880597,0.3948787061994609,0.18260383684112497,0.1694915254237288,0.7142857142857143,0.273972602739726,0.6426924587073386
positive_rescue,1.5,2.0,1.0,0.4,False,2,2,0.7,0.3,59,37,0.26865671641791045,0.5377358490566038,0.4816557065272786,0.2222222222222222,1.0,0.36363636363636365,0.3826530782262818
positive_rescue,1.5,2.0,1.0,0.4,False,2,2,0.9,0.3,59,37,0.26865671641791045,0.5377358490566038,0.1790621100445066,0.2222222222222222,1.0,0.36363636363636365,0.603374317128827
positive_rescue,1.5,2.0,1.0,0.4,False,2,2,0.9,0.1,59,37,0.26865671641791045,0.5377358490566038,0.1790621100445066,0.2222222222222222,1.0,0.36363636363636365,0.603374317128827
negative_veto,1.5,2.0,1.0,0.4,False,2,2,0.7,0.3,59,4,0.6716417910447762,0.6084905660377358,0.4429137780627719,0.3181818181818182,0.5,0.3888888888888889,0.1915686455478749
negative_veto,1.5,2.0,1.0,0.4,False,2,2,0.9,0.3,59,4,0.6716417910447762,0.6084905660377358,0.4429137780627719,0.3181818181818182,0.5,0.3888888888888889,0.1915686455478749
negative_veto,1.5,2.0,1.0,0.4,False,2,2,0.9,0.1,59,4,0.6716417910447762,0.6084905660377358,0.4078640367630305,0.3181818181818182,0.5,0.3888888888888889,0.20918998568673583
two_way,1.5,2.0,1.0,0.4,False,2,2,0.7,0.3,59,41,0.208955223880597,0.3948787061994609,0.3694646220069948,0.1694915254237288,0.7142857142857143,0.273972602739726,0.4043498796659324
two_way,1.5,2.0,1.0,0.4,False,2,2,0.9,0.3,59,41,0.208955223880597,0.3948787061994609,0.1845574387947269,0.1694915254237288,0.7142857142857143,0.273972602739726,0.6250711185684776
two_way,1.5,2.0,1.0,0.4,False,2,2,0.9,0.1,59,41,0.208955223880597,0.3948787061994609,0.18260383684112497,0.1694915254237288,0.7142857142857143,0.273972602739726,0.6426924587073386
positive_rescue,1.5,2.0,1.0,0.4,False,3,1,0.7,0.3,57,35,0.29850746268656714,0.5566037735849056,0.4855333019565147,0.22950819672131148,1.0,0.37333333333333335,0.3701137356235748
positive_rescue,1.5,2.0,1.0,0.4,False,3,1,0.9,0.3,57,35,0.29850746268656714,0.5566037735849056,0.18525755937303762,0.22950819672131148,1.0,0.37333333333333335,0.5812827357201499
positive_rescue,1.5,2.0,1.0,0.4,False,3,1,0.9,0.1,57,35,0.29850746268656714,0.5566037735849056,0.18525755937303762,0.22950819672131148,1.0,0.37333333333333335,0.5812827357201499
negative_veto,1.5,2.0,1.0,0.4,False,3,1,0.7,0.3,57,4,0.6716417910447762,0.6084905660377358,0.4429137780627719,0.3181818181818182,0.5,0.3888888888888889,0.1915397499072724
negative_veto,1.5,2.0,1.0,0.4,False,3,1,0.9,0.3,57,4,0.6716417910447762,0.6084905660377358,0.4429137780627719,0.3181818181818182,0.5,0.3888888888888889,0.1915397499072724
negative_veto,1.5,2.0,1.0,0.4,False,3,1,0.9,0.1,57,4,0.6716417910447762,0.6084905660377358,0.40898746044080203,0.3181818181818182,0.5,0.3888888888888889,0.20740097008048766
two_way,1.5,2.0,1.0,0.4,False,3,1,0.7,0.3,57,39,0.23880597014925373,0.4137466307277628,0.3730374322904034,0.17543859649122806,0.7142857142857143,0.28169014084507044,0.3917816414226229
two_way,1.5,2.0,1.0,0.4,False,3,1,0.9,0.3,57,39,0.23880597014925373,0.4137466307277628,0.1898294122402781,0.17543859649122806,0.7142857142857143,0.28169014084507044,0.6029506415191979
two_way,1.5,2.0,1.0,0.4,False,3,1,0.9,0.1,57,39,0.23880597014925373,0.4137466307277628,0.18685174474648159,0.17543859649122806,0.7142857142857143,0.28169014084507044,0.6188118616924131
positive_rescue,1.5,2.0,1.0,0.4,False,3,2,0.7,0.3,57,35,0.29850746268656714,0.5566037735849056,0.4855333019565147,0.22950819672131148,1.0,0.37333333333333335,0.3701137356235748
positive_rescue,1.5,2.0,1.0,0.4,False,3,2,0.9,0.3,57,35,0.29850746268656714,0.5566037735849056,0.18525755937303762,0.22950819672131148,1.0,0.37333333333333335,0.5812827357201499
positive_rescue,1.5,2.0,1.0,0.4,False,3,2,0.9,0.1,57,35,0.29850746268656714,0.5566037735849056,0.18525755937303762,0.22950819672131148,1.0,0.37333333333333335,0.5812827357201499
negative_veto,1.5,2.0,1.0,0.4,False,3,2,0.7,0.3,57,4,0.6716417910447762,0.6084905660377358,0.4429137780627719,0.3181818181818182,0.5,0.3888888888888889,0.1915397499072724
negative_veto,1.5,2.0,1.0,0.4,False,3,2,0.9,0.3,57,4,0.6716417910447762,0.6084905660377358,0.4429137780627719,0.3181818181818182,0.5,0.3888888888888889,0.1915397499072724
negative_veto,1.5,2.0,1.0,0.4,False,3,2,0.9,0.1,57,4,0.6716417910447762,0.6084905660377358,0.40898746044080203,0.3181818181818182,0.5,0.3888888888888889,0.20740097008048766
two_way,1.5,2.0,1.0,0.4,False,3,2,0.7,0.3,57,39,0.23880597014925373,0.4137466307277628,0.3730374322904034,0.17543859649122806,0.7142857142857143,0.28169014084507044,0.3917816414226229
two_way,1.5,2.0,1.0,0.4,False,3,2,0.9,0.3,57,39,0.23880597014925373,0.4137466307277628,0.1898294122402781,0.17543859649122806,0.7142857142857143,0.28169014084507044,0.6029506415191979
two_way,1.5,2.0,1.0,0.4,False,3,2,0.9,0.1,57,39,0.23880597014925373,0.4137466307277628,0.18685174474648159,0.17543859649122806,0.7142857142857143,0.28169014084507044,0.6188118616924131
positive_rescue,1.5,2.0,1.0,0.4,True,2,1,0.7,0.3,57,35,0.29850746268656714,0.5566037735849056,0.4855333019565147,0.22950819672131148,1.0,0.37333333333333335,0.36915050394537624
positive_rescue,1.5,2.0,1.0,0.4,True,2,1,0.9,0.3,57,35,0.29850746268656714,0.5566037735849056,0.18525755937303762,0.22950819672131148,1.0,0.37333333333333335,0.5803195040419512
positive_rescue,1.5,2.0,1.0,0.4,True,2,1,0.9,0.1,57,35,0.29850746268656714,0.5566037735849056,0.18525755937303762,0.22950819672131148,1.0,0.37333333333333335,0.5803195040419512
negative_veto,1.5,2.0,1.0,0.4,True,2,1,0.7,0.3,57,4,0.6716417910447762,0.6084905660377358,0.4429137780627719,0.3181818181818182,0.5,0.3888888888888889,0.1915686455478749
negative_veto,1.5,2.0,1.0,0.4,True,2,1,0.9,0.3,57,4,0.6716417910447762,0.6084905660377358,0.4429137780627719,0.3181818181818182,0.5,0.3888888888888889,0.1915686455478749
negative_veto,1.5,2.0,1.0,0.4,True,2,1,0.9,0.1,57,4,0.6716417910447762,0.6084905660377358,0.4081489911703253,0.3181818181818182,0.5,0.3888888888888889,0.2083642017586862
two_way,1.5,2.0,1.0,0.4,True,2,1,0.7,0.3,57,39,0.23880597014925373,0.4137466307277628,0.37409507374994866,0.17543859649122806,0.7142857142857143,0.28169014084507044,0.3908473053850268
two_way,1.5,2.0,1.0,0.4,True,2,1,0.9,0.3,57,39,0.23880597014925373,0.4137466307277628,0.19088705369982334,0.17543859649122806,0.7142857142857143,0.28169014084507044,0.6020163054816018
two_way,1.5,2.0,1.0,0.4,True,2,1,0.9,0.1,57,39,0.23880597014925373,0.4137466307277628,0.18685174474648159,0.17543859649122806,0.7142857142857143,0.28169014084507044,0.6188118616924131
positive_rescue,1.5,2.0,1.0,0.4,True,2,2,0.7,0.3,57,35,0.29850746268656714,0.5566037735849056,0.4855333019565147,0.22950819672131148,1.0,0.37333333333333335,0.36915050394537624
positive_rescue,1.5,2.0,1.0,0.4,True,2,2,0.9,0.3,57,35,0.29850746268656714,0.5566037735849056,0.18525755937303762,0.22950819672131148,1.0,0.37333333333333335,0.5803195040419512
positive_rescue,1.5,2.0,1.0,0.4,True,2,2,0.9,0.1,57,35,0.29850746268656714,0.5566037735849056,0.18525755937303762,0.22950819672131148,1.0,0.37333333333333335,0.5803195040419512
negative_veto,1.5,2.0,1.0,0.4,True,2,2,0.7,0.3,57,4,0.6716417910447762,0.6084905660377358,0.4429137780627719,0.3181818181818182,0.5,0.3888888888888889,0.1915686455478749
negative_veto,1.5,2.0,1.0,0.4,True,2,2,0.9,0.3,57,4,0.6716417910447762,0.6084905660377358,0.4429137780627719,0.3181818181818182,0.5,0.3888888888888889,0.1915686455478749
negative_veto,1.5,2.0,1.0,0.4,True,2,2,0.9,0.1,57,4,0.6716417910447762,0.6084905660377358,0.4081489911703253,0.3181818181818182,0.5,0.3888888888888889,0.2083642017586862
two_way,1.5,2.0,1.0,0.4,True,2,2,0.7,0.3,57,39,0.23880597014925373,0.4137466307277628,0.37409507374994866,0.17543859649122806,0.7142857142857143,0.28169014084507044,0.3908473053850268
two_way,1.5,2.0,1.0,0.4,True,2,2,0.9,0.3,57,39,0.23880597014925373,0.4137466307277628,0.19088705369982334,0.17543859649122806,0.7142857142857143,0.28169014084507044,0.6020163054816018
two_way,1.5,2.0,1.0,0.4,True,2,2,0.9,0.1,57,39,0.23880597014925373,0.4137466307277628,0.18685174474648159,0.17543859649122806,0.7142857142857143,0.28169014084507044,0.6188118616924131
positive_rescue,1.5,2.0,1.0,0.4,True,3,1,0.7,0.3,56,34,0.31343283582089554,0.5660377358490566,0.4875717148343849,0.23333333333333334,1.0,0.3783783783783784,0.36320925033224744
positive_rescue,1.5,2.0,1.0,0.4,True,3,1,0.9,0.3,56,34,0.31343283582089554,0.5660377358490566,0.1885189721402111,0.23333333333333334,1.0,0.3783783783783784,0.5696021310258375
positive_rescue,1.5,2.0,1.0,0.4,True,3,1,0.9,0.1,56,34,0.31343283582089554,0.5660377358490566,0.1885189721402111,0.23333333333333334,1.0,0.3783783783783784,0.5696021310258375
negative_veto,1.5,2.0,1.0,0.4,True,3,1,0.7,0.3,56,4,0.6716417910447762,0.6084905660377358,0.4429137780627719,0.3181818181818182,0.5,0.3888888888888889,0.1915397499072724
negative_veto,1.5,2.0,1.0,0.4,True,3,1,0.9,0.3,56,4,0.6716417910447762,0.6084905660377358,0.4429137780627719,0.3181818181818182,0.5,0.3888888888888889,0.1915397499072724
negative_veto,1.5,2.0,1.0,0.4,True,3,1,0.9,0.1,56,4,0.6716417910447762,0.6084905660377358,0.40898746044080203,0.3181818181818182,0.5,0.3888888888888889,0.20714127626733744
two_way,1.5,2.0,1.0,0.4,True,3,1,0.7,0.3,56,38,0.2537313432835821,0.42318059299191374,0.3754377160700345,0.17857142857142858,0.7142857142857143,0.2857142857142857,0.3848771561312954
two_way,1.5,2.0,1.0,0.4,True,3,1,0.9,0.3,56,38,0.2537313432835821,0.42318059299191374,0.19312479089996654,0.17857142857142858,0.7142857142857143,0.2857142857142857,0.5912700368248854
two_way,1.5,2.0,1.0,0.4,True,3,1,0.9,0.1,56,38,0.2537313432835821,0.42318059299191374,0.1890894819466248,0.17857142857142858,0.7142857142857143,0.2857142857142857,0.6068715631849505
positive_rescue,1.5,2.0,1.0,0.4,True,3,2,0.7,0.3,56,34,0.31343283582089554,0.5660377358490566,0.4875717148343849,0.23333333333333334,1.0,0.3783783783783784,0.36320925033224744
positive_rescue,1.5,2.0,1.0,0.4,True,3,2,0.9,0.3,56,34,0.31343283582089554,0.5660377358490566,0.1885189721402111,0.23333333333333334,1.0,0.3783783783783784,0.5696021310258375
positive_rescue,1.5,2.0,1.0,0.4,True,3,2,0.9,0.1,56,34,0.31343283582089554,0.5660377358490566,0.1885189721402111,0.23333333333333334,1.0,0.3783783783783784,0.5696021310258375
negative_veto,1.5,2.0,1.0,0.4,True,3,2,0.7,0.3,56,4,0.6716417910447762,0.6084905660377358,0.4429137780627719,0.3181818181818182,0.5,0.3888888888888889,0.1915397499072724
negative_veto,1.5,2.0,1.0,0.4,True,3,2,0.9,0.3,56,4,0.6716417910447762,0.6084905660377358,0.4429137780627719,0.3181818181818182,0.5,0.3888888888888889,0.1915397499072724
negative_veto,1.5,2.0,1.0,0.4,True,3,2,0.9,0.1,56,4,0.6716417910447762,0.6084905660377358,0.40898746044080203,0.3181818181818182,0.5,0.3888888888888889,0.20714127626733744
two_way,1.5,2.0,1.0,0.4,True,3,2,0.7,0.3,56,38,0.2537313432835821,0.42318059299191374,0.3754377160700345,0.17857142857142858,0.7142857142857143,0.2857142857142857,0.3848771561312954
two_way,1.5,2.0,1.0,0.4,True,3,2,0.9,0.3,56,38,0.2537313432835821,0.42318059299191374,0.19312479089996654,0.17857142857142858,0.7142857142857143,0.2857142857142857,0.5912700368248854
two_way,1.5,2.0,1.0,0.4,True,3,2,0.9,0.1,56,38,0.2537313432835821,0.42318059299191374,0.1890894819466248,0.17857142857142858,0.7142857142857143,0.2857142857142857,0.6068715631849505
positive_rescue,1.5,2.0,2.0,0.2,False,2,1,0.7,0.3,56,34,0.31343283582089554,0.5660377358490566,0.4875717148343849,0.23333333333333334,1.0,0.3783783783783784,0.36320925033224744
positive_rescue,1.5,2.0,2.0,0.2,False,2,1,0.9,0.3,56,34,0.31343283582089554,0.5660377358490566,0.1885189721402111,0.23333333333333334,1.0,0.3783783783783784,0.5696021310258375
positive_rescue,1.5,2.0,2.0,0.2,False,2,1,0.9,0.1,56,34,0.31343283582089554,0.5660377358490566,0.1885189721402111,0.23333333333333334,1.0,0.3783783783783784,0.5696021310258375
negative_veto,1.5,2.0,2.0,0.2,False,2,1,0.7,0.3,56,4,0.6716417910447762,0.6084905660377358,0.4429137780627719,0.3181818181818182,0.5,0.3888888888888889,0.1915397499072724
negative_veto,1.5,2.0,2.0,0.2,False,2,1,0.9,0.3,56,4,0.6716417910447762,0.6084905660377358,0.4429137780627719,0.3181818181818182,0.5,0.3888888888888889,0.1915397499072724
negative_veto,1.5,2.0,2.0,0.2,False,2,1,0.9,0.1,56,4,0.6716417910447762,0.6084905660377358,0.40898746044080203,0.3181818181818182,0.5,0.3888888888888889,0.20714127626733744
two_way,1.5,2.0,2.0,0.2,False,2,1,0.7,0.3,56,38,0.2537313432835821,0.42318059299191374,0.3754377160700345,0.17857142857142858,0.7142857142857143,0.2857142857142857,0.3848771561312954
two_way,1.5,2.0,2.0,0.2,False,2,1,0.9,0.3,56,38,0.2537313432835821,0.42318059299191374,0.19312479089996654,0.17857142857142858,0.7142857142857143,0.2857142857142857,0.5912700368248854
two_way,1.5,2.0,2.0,0.2,False,2,1,0.9,0.1,56,38,0.2537313432835821,0.42318059299191374,0.1890894819466248,0.17857142857142858,0.7142857142857143,0.2857142857142857,0.6068715631849505
positive_rescue,1.5,2.0,2.0,0.2,False,2,2,0.7,0.3,56,34,0.31343283582089554,0.5660377358490566,0.4875717148343849,0.23333333333333334,1.0,0.3783783783783784,0.36320925033224744
positive_rescue,1.5,2.0,2.0,0.2,False,2,2,0.9,0.3,56,34,0.31343283582089554,0.5660377358490566,0.1885189721402111,0.23333333333333334,1.0,0.3783783783783784,0.5696021310258375
positive_rescue,1.5,2.0,2.0,0.2,False,2,2,0.9,0.1,56,34,0.31343283582089554,0.5660377358490566,0.1885189721402111,0.23333333333333334,1.0,0.3783783783783784,0.5696021310258375
negative_veto,1.5,2.0,2.0,0.2,False,2,2,0.7,0.3,56,4,0.6716417910447762,0.6084905660377358,0.4429137780627719,0.3181818181818182,0.5,0.3888888888888889,0.1915397499072724
negative_veto,1.5,2.0,2.0,0.2,False,2,2,0.9,0.3,56,4,0.6716417910447762,0.6084905660377358,0.4429137780627719,0.3181818181818182,0.5,0.3888888888888889,0.1915397499072724
negative_veto,1.5,2.0,2.0,0.2,False,2,2,0.9,0.1,56,4,0.6716417910447762,0.6084905660377358,0.40898746044080203,0.3181818181818182,0.5,0.3888888888888889,0.20714127626733744
two_way,1.5,2.0,2.0,0.2,False,2,2,0.7,0.3,56,38,0.2537313432835821,0.42318059299191374,0.3754377160700345,0.17857142857142858,0.7142857142857143,0.2857142857142857,0.3848771561312954
two_way,1.5,2.0,2.0,0.2,False,2,2,0.9,0.3,56,38,0.2537313432835821,0.42318059299191374,0.19312479089996654,0.17857142857142858,0.7142857142857143,0.2857142857142857,0.5912700368248854
two_way,1.5,2.0,2.0,0.2,False,2,2,0.9,0.1,56,38,0.2537313432835821,0.42318059299191374,0.1890894819466248,0.17857142857142858,0.7142857142857143,0.2857142857142857,0.6068715631849505
positive_rescue,1.5,2.0,2.0,0.2,False,3,1,0.7,0.3,55,33,0.3283582089552239,0.5754716981132075,0.48968116730835176,0.23728813559322035,1.0,0.3835616438356164,0.35780377299631405
positive_rescue,1.5,2.0,2.0,0.2,False,3,1,0.9,0.3,55,33,0.3283582089552239,0.5754716981132075,0.1918973408591119,0.23728813559322035,1.0,0.3835616438356164,0.5594205342869188
positive_rescue,1.5,2.0,2.0,0.2,False,3,1,0.9,0.1,55,33,0.3283582089552239,0.5754716981132075,0.1918973408591119,0.23728813559322035,1.0,0.3835616438356164,0.5594205342869188
negative_veto,1.5,2.0,2.0,0.2,False,3,1,0.7,0.3,55,4,0.6716417910447762,0.6084905660377358,0.4429137780627719,0.3181818181818182,0.5,0.3888888888888889,0.1909750779894744
negative_veto,1.5,2.0,2.0,0.2,False,3,1,0.9,0.3,55,4,0.6716417910447762,0.6084905660377358,0.4429137780627719,0.3181818181818182,0.5,0.3888888888888889,0.1909750779894744
negative_veto,1.5,2.0,2.0,0.2,False,3,1,0.9,0.1,55,4,0.6716417910447762,0.6084905660377358,0.4098740563133727,0.3181818181818182,0.5,0.3888888888888889,0.20538257449879319
two_way,1.5,2.0,2.0,0.2,False,3,1,0.7,0.3,55,37,0.26865671641791045,0.4326145552560647,0.37682918174721447,0.18181818181818182,0.7142857142857143,0.2898550724637681,0.3789070068775641
two_way,1.5,2.0,2.0,0.2,False,3,1,0.9,0.3,55,37,0.26865671641791045,0.4326145552560647,0.19544390036193315,0.18181818181818182,0.7142857142857143,0.2898550724637681,0.580523768168169
two_way,1.5,2.0,2.0,0.2,False,3,1,0.9,0.1,55,37,0.26865671641791045,0.4326145552560647,0.19140859140859143,0.18181818181818182,0.7142857142857143,0.2898550724637681,0.5949312646774878
positive_rescue,1.5,2.0,2.0,0.2,False,3,2,0.7,0.3,55,33,0.3283582089552239,0.5754716981132075,0.48968116730835176,0.23728813559322035,1.0,0.3835616438356164,0.35780377299631405
positive_rescue,1.5,2.0,2.0,0.2,False,3,2,0.9,0.3,55,33,0.3283582089552239,0.5754716981132075,0.1918973408591119,0.23728813559322035,1.0,0.3835616438356164,0.5594205342869188
positive_rescue,1.5,2.0,2.0,0.2,False,3,2,0.9,0.1,55,33,0.3283582089552239,0.5754716981132075,0.1918973408591119,0.23728813559322035,1.0,0.3835616438356164,0.5594205342869188
negative_veto,1.5,2.0,2.0,0.2,False,3,2,0.7,0.3,55,4,0.6716417910447762,0.6084905660377358,0.4429137780627719,0.3181818181818182,0.5,0.3888888888888889,0.1909750779894744
negative_veto,1.5,2.0,2.0,0.2,False,3,2,0.9,0.3,55,4,0.6716417910447762,0.6084905660377358,0.4429137780627719,0.3181818181818182,0.5,0.3888888888888889,0.1909750779894744
negative_veto,1.5,2.0,2.0,0.2,False,3,2,0.9,0.1,55,4,0.6716417910447762,0.6084905660377358,0.4098740563133727,0.3181818181818182,0.5,0.3888888888888889,0.20538257449879319
two_way,1.5,2.0,2.0,0.2,False,3,2,0.7,0.3,55,37,0.26865671641791045,0.4326145552560647,0.37682918174721447,0.18181818181818182,0.7142857142857143,0.2898550724637681,0.3789070068775641
two_way,1.5,2.0,2.0,0.2,False,3,2,0.9,0.3,55,37,0.26865671641791045,0.4326145552560647,0.19544390036193315,0.18181818181818182,0.7142857142857143,0.2898550724637681,0.580523768168169
two_way,1.5,2.0,2.0,0.2,False,3,2,0.9,0.1,55,37,0.26865671641791045,0.4326145552560647,0.19140859140859143,0.18181818181818182,0.7142857142857143,0.2898550724637681,0.5949312646774878
positive_rescue,1.5,2.0,2.0,0.2,True,2,1,0.7,0.3,54,33,0.3283582089552239,0.5754716981132075,0.4915732126927487,0.23728813559322035,1.0,0.3835616438356164,0.3537069193821921
positive_rescue,1.5,2.0,2.0,0.2,True,2,1,0.9,0.3,54,33,0.3283582089552239,0.5754716981132075,0.19510684836924164,0.23728813559322035,1.0,0.3835616438356164,0.550547561269812
positive_rescue,1.5,2.0,2.0,0.2,True,2,1,0.9,0.1,54,33,0.3283582089552239,0.5754716981132075,0.19510684836924164,0.23728813559322035,1.0,0.3835616438356164,0.550547561269812
negative_veto,1.5,2.0,2.0,0.2,True,2,1,0.7,0.3,54,5,0.6865671641791045,0.6179245283018868,0.4465621871871872,0.3333333333333333,0.5,0.4,0.18853920372804533
negative_veto,1.5,2.0,2.0,0.2,True,2,1,0.9,0.3,54,5,0.6865671641791045,0.6179245283018868,0.4465621871871872,0.3333333333333333,0.5,0.4,0.18853920372804533
negative_veto,1.5,2.0,2.0,0.2,True,2,1,0.9,0.1,54,5,0.6865671641791045,0.6179245283018868,0.4138471407624633,0.3333333333333333,0.5,0.4,0.20231524900843748
two_way,1.5,2.0,2.0,0.2,True,2,1,0.7,0.3,54,38,0.2835820895522388,0.4420485175202156,0.37936507936507935,0.18518518518518517,0.7142857142857143,0.29411764705882354,0.37237427900201314
two_way,1.5,2.0,2.0,0.2,True,2,1,0.9,0.3,54,38,0.2835820895522388,0.4420485175202156,0.19894179894179892,0.18518518518518517,0.7142857142857143,0.29411764705882354,0.5692149208896329
two_way,1.5,2.0,2.0,0.2,True,2,1,0.9,0.1,54,38,0.2835820895522388,0.4420485175202156,0.1938135938135938,0.18518518518518517,0.7142857142857143,0.29411764705882354,0.5829909661700252
positive_rescue,1.5,2.0,2.0,0.2,True,2,2,0.7,0.3,54,33,0.3283582089552239,0.5754716981132075,0.4915732126927487,0.23728813559322035,1.0,0.3835616438356164,0.3537069193821921
positive_rescue,1.5,2.0,2.0,0.2,True,2,2,0.9,0.3,54,33,0.3283582089552239,0.5754716981132075,0.19510684836924164,0.23728813559322035,1.0,0.3835616438356164,0.550547561269812
positive_rescue,1.5,2.0,2.0,0.2,True,2,2,0.9,0.1,54,33,0.3283582089552239,0.5754716981132075,0.19510684836924164,0.23728813559322035,1.0,0.3835616438356164,0.550547561269812
negative_veto,1.5,2.0,2.0,0.2,True,2,2,0.7,0.3,54,5,0.6865671641791045,0.6179245283018868,0.4465621871871872,0.3333333333333333,0.5,0.4,0.18853920372804533
negative_veto,1.5,2.0,2.0,0.2,True,2,2,0.9,0.3,54,5,0.6865671641791045,0.6179245283018868,0.4465621871871872,0.3333333333333333,0.5,0.4,0.18853920372804533
negative_veto,1.5,2.0,2.0,0.2,True,2,2,0.9,0.1,54,5,0.6865671641791045,0.6179245283018868,0.4138471407624633,0.3333333333333333,0.5,0.4,0.20231524900843748
two_way,1.5,2.0,2.0,0.2,True,2,2,0.7,0.3,54,38,0.2835820895522388,0.4420485175202156,0.37936507936507935,0.18518518518518517,0.7142857142857143,0.29411764705882354,0.37237427900201314
two_way,1.5,2.0,2.0,0.2,True,2,2,0.9,0.3,54,38,0.2835820895522388,0.4420485175202156,0.19894179894179892,0.18518518518518517,0.7142857142857143,0.29411764705882354,0.5692149208896329
two_way,1.5,2.0,2.0,0.2,True,2,2,0.9,0.1,54,38,0.2835820895522388,0.4420485175202156,0.1938135938135938,0.18518518518518517,0.7142857142857143,0.29411764705882354,0.5829909661700252
positive_rescue,1.5,2.0,2.0,0.2,True,3,1,0.7,0.3,50,30,0.373134328358209,0.6037735849056604,0.5007750560311207,0.25,1.0,0.4,0.333677161425763
positive_rescue,1.5,2.0,2.0,0.2,True,3,1,0.9,0.3,50,30,0.373134328358209,0.6037735849056604,0.21012418029621138,0.25,1.0,0.4,0.5114133257014425
positive_rescue,1.5,2.0,2.0,0.2,True,3,1,0.9,0.1,50,30,0.373134328358209,0.6037735849056604,0.21012418029621138,0.25,1.0,0.4,0.5114133257014425
negative_veto,1.5,2.0,2.0,0.2,True,3,1,0.7,0.3,50,6,0.7014925373134329,0.6273584905660378,0.45064131883984826,0.35,0.5,0.4117647058823529,0.18406375610602546
negative_veto,1.5,2.0,2.0,0.2,True,3,1,0.9,0.3,50,6,0.7014925373134329,0.6273584905660378,0.45064131883984826,0.35,0.5,0.4117647058823529,0.18406375610602546
negative_veto,1.5,2.0,2.0,0.2,True,3,1,0.9,0.1,50,6,0.7014925373134329,0.6273584905660378,0.42065856515019795,0.35,0.5,0.4117647058823529,0.19368829054695624
two_way,1.5,2.0,2.0,0.2,True,3,1,0.7,0.3,50,36,0.34328358208955223,0.47978436657681944,0.38801313628899836,0.2,0.7142857142857143,0.3125,0.34786907342356405
two_way,1.5,2.0,2.0,0.2,True,3,1,0.9,0.3,50,36,0.34328358208955223,0.47978436657681944,0.2118226600985222,0.2,0.7142857142857143,0.3125,0.5256052376992435
two_way,1.5,2.0,2.0,0.2,True,3,1,0.9,0.1,50,36,0.34328358208955223,0.47978436657681944,0.20439560439560442,0.2,0.7142857142857143,0.3125,0.5352297721401744
positive_rescue,1.5,2.0,2.0,0.2,True,3,2,0.7,0.3,50,30,0.373134328358209,0.6037735849056604,0.5007750560311207,0.25,1.0,0.4,0.333677161425763
positive_rescue,1.5,2.0,2.0,0.2,True,3,2,0.9,0.3,50,30,0.373134328358209,0.6037735849056604,0.21012418029621138,0.25,1.0,0.4,0.5114133257014425
positive_rescue,1.5,2.0,2.0,0.2,True,3,2,0.9,0.1,50,30,0.373134328358209,0.6037735849056604,0.21012418029621138,0.25,1.0,0.4,0.5114133257014425
negative_veto,1.5,2.0,2.0,0.2,True,3,2,0.7,0.3,50,6,0.7014925373134329,0.6273584905660378,0.45064131883984826,0.35,0.5,0.4117647058823529,0.18406375610602546
negative_veto,1.5,2.0,2.0,0.2,True,3,2,0.9,0.3,50,6,0.7014925373134329,0.6273584905660378,0.45064131883984826,0.35,0.5,0.4117647058823529,0.18406375610602546
negative_veto,1.5,2.0,2.0,0.2,True,3,2,0.9,0.1,50,6,0.7014925373134329,0.6273584905660378,0.42065856515019795,0.35,0.5,0.4117647058823529,0.19368829054695624
two_way,1.5,2.0,2.0,0.2,True,3,2,0.7,0.3,50,36,0.34328358208955223,0.47978436657681944,0.38801313628899836,0.2,0.7142857142857143,0.3125,0.34786907342356405
two_way,1.5,2.0,2.0,0.2,True,3,2,0.9,0.3,50,36,0.34328358208955223,0.47978436657681944,0.2118226600985222,0.2,0.7142857142857143,0.3125,0.5256052376992435
two_way,1.5,2.0,2.0,0.2,True,3,2,0.9,0.1,50,36,0.34328358208955223,0.47978436657681944,0.20439560439560442,0.2,0.7142857142857143,0.3125,0.5352297721401744
positive_rescue,1.5,2.0,2.0,0.4,False,2,1,0.7,0.3,56,34,0.31343283582089554,0.5660377358490566,0.4875717148343849,0.23333333333333334,1.0,0.3783783783783784,0.36320925033224744
positive_rescue,1.5,2.0,2.0,0.4,False,2,1,0.9,0.3,56,34,0.31343283582089554,0.5660377358490566,0.1885189721402111,0.23333333333333334,1.0,0.3783783783783784,0.5696021310258375
positive_rescue,1.5,2.0,2.0,0.4,False,2,1,0.9,0.1,56,34,0.31343283582089554,0.5660377358490566,0.1885189721402111,0.23333333333333334,1.0,0.3783783783783784,0.5696021310258375
negative_veto,1.5,2.0,2.0,0.4,False,2,1,0.7,0.3,56,4,0.6716417910447762,0.6084905660377358,0.4429137780627719,0.3181818181818182,0.5,0.3888888888888889,0.1915397499072724
negative_veto,1.5,2.0,2.0,0.4,False,2,1,0.9,0.3,56,4,0.6716417910447762,0.6084905660377358,0.4429137780627719,0.3181818181818182,0.5,0.3888888888888889,0.1915397499072724
negative_veto,1.5,2.0,2.0,0.4,False,2,1,0.9,0.1,56,4,0.6716417910447762,0.6084905660377358,0.40898746044080203,0.3181818181818182,0.5,0.3888888888888889,0.20714127626733744
two_way,1.5,2.0,2.0,0.4,False,2,1,0.7,0.3,56,38,0.2537313432835821,0.42318059299191374,0.3754377160700345,0.17857142857142858,0.7142857142857143,0.2857142857142857,0.3848771561312954
two_way,1.5,2.0,2.0,0.4,False,2,1,0.9,0.3,56,38,0.2537313432835821,0.42318059299191374,0.19312479089996654,0.17857142857142858,0.7142857142857143,0.2857142857142857,0.5912700368248854
two_way,1.5,2.0,2.0,0.4,False,2,1,0.9,0.1,56,38,0.2537313432835821,0.42318059299191374,0.1890894819466248,0.17857142857142858,0.7142857142857143,0.2857142857142857,0.6068715631849505
positive_rescue,1.5,2.0,2.0,0.4,False,2,2,0.7,0.3,56,34,0.31343283582089554,0.5660377358490566,0.4875717148343849,0.23333333333333334,1.0,0.3783783783783784,0.36320925033224744
positive_rescue,1.5,2.0,2.0,0.4,False,2,2,0.9,0.3,56,34,0.31343283582089554,0.5660377358490566,0.1885189721402111,0.23333333333333334,1.0,0.3783783783783784,0.5696021310258375
positive_rescue,1.5,2.0,2.0,0.4,False,2,2,0.9,0.1,56,34,0.31343283582089554,0.5660377358490566,0.1885189721402111,0.23333333333333334,1.0,0.3783783783783784,0.5696021310258375
negative_veto,1.5,2.0,2.0,0.4,False,2,2,0.7,0.3,56,4,0.6716417910447762,0.6084905660377358,0.4429137780627719,0.3181818181818182,0.5,0.3888888888888889,0.1915397499072724
negative_veto,1.5,2.0,2.0,0.4,False,2,2,0.9,0.3,56,4,0.6716417910447762,0.6084905660377358,0.4429137780627719,0.3181818181818182,0.5,0.3888888888888889,0.1915397499072724
negative_veto,1.5,2.0,2.0,0.4,False,2,2,0.9,0.1,56,4,0.6716417910447762,0.6084905660377358,0.40898746044080203,0.3181818181818182,0.5,0.3888888888888889,0.20714127626733744
two_way,1.5,2.0,2.0,0.4,False,2,2,0.7,0.3,56,38,0.2537313432835821,0.42318059299191374,0.3754377160700345,0.17857142857142858,0.7142857142857143,0.2857142857142857,0.3848771561312954
two_way,1.5,2.0,2.0,0.4,False,2,2,0.9,0.3,56,38,0.2537313432835821,0.42318059299191374,0.19312479089996654,0.17857142857142858,0.7142857142857143,0.2857142857142857,0.5912700368248854
two_way,1.5,2.0,2.0,0.4,False,2,2,0.9,0.1,56,38,0.2537313432835821,0.42318059299191374,0.1890894819466248,0.17857142857142858,0.7142857142857143,0.2857142857142857,0.6068715631849505
positive_rescue,1.5,2.0,2.0,0.4,False,3,1,0.7,0.3,56,34,0.31343283582089554,0.5660377358490566,0.4875717148343849,0.23333333333333334,1.0,0.3783783783783784,0.36320925033224744
positive_rescue,1.5,2.0,2.0,0.4,False,3,1,0.9,0.3,56,34,0.31343283582089554,0.5660377358490566,0.1885189721402111,0.23333333333333334,1.0,0.3783783783783784,0.5696021310258375
positive_rescue,1.5,2.0,2.0,0.4,False,3,1,0.9,0.1,56,34,0.31343283582089554,0.5660377358490566,0.1885189721402111,0.23333333333333334,1.0,0.3783783783783784,0.5696021310258375
negative_veto,1.5,2.0,2.0,0.4,False,3,1,0.7,0.3,56,4,0.6716417910447762,0.6084905660377358,0.4429137780627719,0.3181818181818182,0.5,0.3888888888888889,0.1915397499072724
negative_veto,1.5,2.0,2.0,0.4,False,3,1,0.9,0.3,56,4,0.6716417910447762,0.6084905660377358,0.4429137780627719,0.3181818181818182,0.5,0.3888888888888889,0.1915397499072724
negative_veto,1.5,2.0,2.0,0.4,False,3,1,0.9,0.1,56,4,0.6716417910447762,0.6084905660377358,0.40898746044080203,0.3181818181818182,0.5,0.3888888888888889,0.20714127626733744
two_way,1.5,2.0,2.0,0.4,False,3,1,0.7,0.3,56,38,0.2537313432835821,0.42318059299191374,0.3754377160700345,0.17857142857142858,0.7142857142857143,0.2857142857142857,0.3848771561312954
two_way,1.5,2.0,2.0,0.4,False,3,1,0.9,0.3,56,38,0.2537313432835821,0.42318059299191374,0.19312479089996654,0.17857142857142858,0.7142857142857143,0.2857142857142857,0.5912700368248854
two_way,1.5,2.0,2.0,0.4,False,3,1,0.9,0.1,56,38,0.2537313432835821,0.42318059299191374,0.1890894819466248,0.17857142857142858,0.7142857142857143,0.2857142857142857,0.6068715631849505
positive_rescue,1.5,2.0,2.0,0.4,False,3,2,0.7,0.3,56,34,0.31343283582089554,0.5660377358490566,0.4875717148343849,0.23333333333333334,1.0,0.3783783783783784,0.36320925033224744
positive_rescue,1.5,2.0,2.0,0.4,False,3,2,0.9,0.3,56,34,0.31343283582089554,0.5660377358490566,0.1885189721402111,0.23333333333333334,1.0,0.3783783783783784,0.5696021310258375
positive_rescue,1.5,2.0,2.0,0.4,False,3,2,0.9,0.1,56,34,0.31343283582089554,0.5660377358490566,0.1885189721402111,0.23333333333333334,1.0,0.3783783783783784,0.5696021310258375
negative_veto,1.5,2.0,2.0,0.4,False,3,2,0.7,0.3,56,4,0.6716417910447762,0.6084905660377358,0.4429137780627719,0.3181818181818182,0.5,0.3888888888888889,0.1915397499072724
negative_veto,1.5,2.0,2.0,0.4,False,3,2,0.9,0.3,56,4,0.6716417910447762,0.6084905660377358,0.4429137780627719,0.3181818181818182,0.5,0.3888888888888889,0.1915397499072724
negative_veto,1.5,2.0,2.0,0.4,False,3,2,0.9,0.1,56,4,0.6716417910447762,0.6084905660377358,0.40898746044080203,0.3181818181818182,0.5,0.3888888888888889,0.20714127626733744
two_way,1.5,2.0,2.0,0.4,False,3,2,0.7,0.3,56,38,0.2537313432835821,0.42318059299191374,0.3754377160700345,0.17857142857142858,0.7142857142857143,0.2857142857142857,0.3848771561312954
two_way,1.5,2.0,2.0,0.4,False,3,2,0.9,0.3,56,38,0.2537313432835821,0.42318059299191374,0.19312479089996654,0.17857142857142858,0.7142857142857143,0.2857142857142857,0.5912700368248854
two_way,1.5,2.0,2.0,0.4,False,3,2,0.9,0.1,56,38,0.2537313432835821,0.42318059299191374,0.1890894819466248,0.17857142857142858,0.7142857142857143,0.2857142857142857,0.6068715631849505
positive_rescue,1.5,2.0,2.0,0.4,True,2,1,0.7,0.3,56,34,0.31343283582089554,0.5660377358490566,0.4875717148343849,0.23333333333333334,1.0,0.3783783783783784,0.36320925033224744
positive_rescue,1.5,2.0,2.0,0.4,True,2,1,0.9,0.3,56,34,0.31343283582089554,0.5660377358490566,0.1885189721402111,0.23333333333333334,1.0,0.3783783783783784,0.5696021310258375
positive_rescue,1.5,2.0,2.0,0.4,True,2,1,0.9,0.1,56,34,0.31343283582089554,0.5660377358490566,0.1885189721402111,0.23333333333333334,1.0,0.3783783783783784,0.5696021310258375
negative_veto,1.5,2.0,2.0,0.4,True,2,1,0.7,0.3,56,4,0.6716417910447762,0.6084905660377358,0.4429137780627719,0.3181818181818182,0.5,0.3888888888888889,0.1915397499072724
negative_veto,1.5,2.0,2.0,0.4,True,2,1,0.9,0.3,56,4,0.6716417910447762,0.6084905660377358,0.4429137780627719,0.3181818181818182,0.5,0.3888888888888889,0.1915397499072724
negative_veto,1.5,2.0,2.0,0.4,True,2,1,0.9,0.1,56,4,0.6716417910447762,0.6084905660377358,0.40898746044080203,0.3181818181818182,0.5,0.3888888888888889,0.20714127626733744
two_way,1.5,2.0,2.0,0.4,True,2,1,0.7,0.3,56,38,0.2537313432835821,0.42318059299191374,0.3754377160700345,0.17857142857142858,0.7142857142857143,0.2857142857142857,0.3848771561312954
two_way,1.5,2.0,2.0,0.4,True,2,1,0.9,0.3,56,38,0.2537313432835821,0.42318059299191374,0.19312479089996654,0.17857142857142858,0.7142857142857143,0.2857142857142857,0.5912700368248854
two_way,1.5,2.0,2.0,0.4,True,2,1,0.9,0.1,56,38,0.2537313432835821,0.42318059299191374,0.1890894819466248,0.17857142857142858,0.7142857142857143,0.2857142857142857,0.6068715631849505
positive_rescue,1.5,2.0,2.0,0.4,True,2,2,0.7,0.3,56,34,0.31343283582089554,0.5660377358490566,0.4875717148343849,0.23333333333333334,1.0,0.3783783783783784,0.36320925033224744
positive_rescue,1.5,2.0,2.0,0.4,True,2,2,0.9,0.3,56,34,0.31343283582089554,0.5660377358490566,0.1885189721402111,0.23333333333333334,1.0,0.3783783783783784,0.5696021310258375
positive_rescue,1.5,2.0,2.0,0.4,True,2,2,0.9,0.1,56,34,0.31343283582089554,0.5660377358490566,0.1885189721402111,0.23333333333333334,1.0,0.3783783783783784,0.5696021310258375
negative_veto,1.5,2.0,2.0,0.4,True,2,2,0.7,0.3,56,4,0.6716417910447762,0.6084905660377358,0.4429137780627719,0.3181818181818182,0.5,0.3888888888888889,0.1915397499072724
negative_veto,1.5,2.0,2.0,0.4,True,2,2,0.9,0.3,56,4,0.6716417910447762,0.6084905660377358,0.4429137780627719,0.3181818181818182,0.5,0.3888888888888889,0.1915397499072724
negative_veto,1.5,2.0,2.0,0.4,True,2,2,0.9,0.1,56,4,0.6716417910447762,0.6084905660377358,0.40898746044080203,0.3181818181818182,0.5,0.3888888888888889,0.20714127626733744
two_way,1.5,2.0,2.0,0.4,True,2,2,0.7,0.3,56,38,0.2537313432835821,0.42318059299191374,0.3754377160700345,0.17857142857142858,0.7142857142857143,0.2857142857142857,0.3848771561312954
two_way,1.5,2.0,2.0,0.4,True,2,2,0.9,0.3,56,38,0.2537313432835821,0.42318059299191374,0.19312479089996654,0.17857142857142858,0.7142857142857143,0.2857142857142857,0.5912700368248854
two_way,1.5,2.0,2.0,0.4,True,2,2,0.9,0.1,56,38,0.2537313432835821,0.42318059299191374,0.1890894819466248,0.17857142857142858,0.7142857142857143,0.2857142857142857,0.6068715631849505
positive_rescue,1.5,2.0,2.0,0.4,True,3,1,0.7,0.3,53,32,0.34328358208955223,0.5849056603773585,0.49382610410935524,0.2413793103448276,1.0,0.3888888888888889,0.3485849697117516
positive_rescue,1.5,2.0,2.0,0.4,True,3,1,0.9,0.3,53,32,0.34328358208955223,0.5849056603773585,0.19872858158595683,0.2413793103448276,1.0,0.3888888888888889,0.5406494921963864
positive_rescue,1.5,2.0,2.0,0.4,True,3,1,0.9,0.1,53,32,0.34328358208955223,0.5849056603773585,0.19872858158595683,0.2413793103448276,1.0,0.3888888888888889,0.5406494921963864
negative_veto,1.5,2.0,2.0,0.4,True,3,1,0.7,0.3,53,5,0.6865671641791045,0.6179245283018868,0.4465621871871872,0.3333333333333333,0.5,0.4,0.1876289742030505
negative_veto,1.5,2.0,2.0,0.4,True,3,1,0.9,0.3,53,5,0.6865671641791045,0.6179245283018868,0.4465621871871872,0.3333333333333333,0.5,0.4,0.1876289742030505
negative_veto,1.5,2.0,2.0,0.4,True,3,1,0.9,0.1,53,5,0.6865671641791045,0.6179245283018868,0.41418691726503054,0.3333333333333333,0.5,0.4,0.20027301957440044
two_way,1.5,2.0,2.0,0.4,True,3,1,0.7,0.3,53,37,0.29850746268656714,0.4514824797843666,0.3819924771955472,0.18867924528301888,0.7142857142857143,0.29850746268656714,0.3663420998065778
two_way,1.5,2.0,2.0,0.4,True,3,1,0.9,0.3,53,37,0.29850746268656714,0.4514824797843666,0.20256749965736215,0.18867924528301888,0.7142857142857143,0.29850746268656714,0.5584066222912124
two_way,1.5,2.0,2.0,0.4,True,3,1,0.9,0.1,53,37,0.29850746268656714,0.4514824797843666,0.19630935102633218,0.18867924528301888,0.7142857142857143,0.29850746268656714,0.5710506676625624
positive_rescue,1.5,2.0,2.0,0.4,True,3,2,0.7,0.3,53,32,0.34328358208955223,0.5849056603773585,0.49382610410935524,0.2413793103448276,1.0,0.3888888888888889,0.3485849697117516
positive_rescue,1.5,2.0,2.0,0.4,True,3,2,0.9,0.3,53,32,0.34328358208955223,0.5849056603773585,0.19872858158595683,0.2413793103448276,1.0,0.3888888888888889,0.5406494921963864
positive_rescue,1.5,2.0,2.0,0.4,True,3,2,0.9,0.1,53,32,0.34328358208955223,0.5849056603773585,0.19872858158595683,0.2413793103448276,1.0,0.3888888888888889,0.5406494921963864
negative_veto,1.5,2.0,2.0,0.4,True,3,2,0.7,0.3,53,5,0.6865671641791045,0.6179245283018868,0.4465621871871872,0.3333333333333333,0.5,0.4,0.1876289742030505
negative_veto,1.5,2.0,2.0,0.4,True,3,2,0.9,0.3,53,5,0.6865671641791045,0.6179245283018868,0.4465621871871872,0.3333333333333333,0.5,0.4,0.1876289742030505
negative_veto,1.5,2.0,2.0,0.4,True,3,2,0.9,0.1,53,5,0.6865671641791045,0.6179245283018868,0.41418691726503054,0.3333333333333333,0.5,0.4,0.20027301957440044
two_way,1.5,2.0,2.0,0.4,True,3,2,0.7,0.3,53,37,0.29850746268656714,0.4514824797843666,0.3819924771955472,0.18867924528301888,0.7142857142857143,0.29850746268656714,0.3663420998065778
two_way,1.5,2.0,2.0,0.4,True,3,2,0.9,0.3,53,37,0.29850746268656714,0.4514824797843666,0.20256749965736215,0.18867924528301888,0.7142857142857143,0.29850746268656714,0.5584066222912124
two_way,1.5,2.0,2.0,0.4,True,3,2,0.9,0.1,53,37,0.29850746268656714,0.4514824797843666,0.19630935102633218,0.18867924528301888,0.7142857142857143,0.29850746268656714,0.5710506676625624
positive_rescue,1.5,2.0,3.0,0.2,False,2,1,0.7,0.3,50,30,0.373134328358209,0.6037735849056604,0.5007750560311207,0.25,1.0,0.4,0.334179054598411
positive_rescue,1.5,2.0,3.0,0.2,False,2,1,0.9,0.3,50,30,0.373134328358209,0.6037735849056604,0.21012418029621138,0.25,1.0,0.4,0.5119152188740905
positive_rescue,1.5,2.0,3.0,0.2,False,2,1,0.9,0.1,50,30,0.373134328358209,0.6037735849056604,0.21012418029621138,0.25,1.0,0.4,0.5119152188740905
negative_veto,1.5,2.0,3.0,0.2,False,2,1,0.7,0.3,50,6,0.7014925373134329,0.6273584905660378,0.45064131883984826,0.35,0.5,0.4117647058823529,0.18365232999254888
negative_veto,1.5,2.0,3.0,0.2,False,2,1,0.9,0.3,50,6,0.7014925373134329,0.6273584905660378,0.45064131883984826,0.35,0.5,0.4117647058823529,0.18365232999254888
negative_veto,1.5,2.0,3.0,0.2,False,2,1,0.9,0.1,50,6,0.7014925373134329,0.6273584905660378,0.42065856515019795,0.35,0.5,0.4117647058823529,0.1931863973743082
two_way,1.5,2.0,3.0,0.2,False,2,1,0.7,0.3,50,36,0.34328358208955223,0.47978436657681944,0.38801313628899836,0.2,0.7142857142857143,0.3125,0.34795954048273553
two_way,1.5,2.0,3.0,0.2,False,2,1,0.9,0.3,50,36,0.34328358208955223,0.47978436657681944,0.2118226600985222,0.2,0.7142857142857143,0.3125,0.525695704758415
two_way,1.5,2.0,3.0,0.2,False,2,1,0.9,0.1,50,36,0.34328358208955223,0.47978436657681944,0.20439560439560442,0.2,0.7142857142857143,0.3125,0.5352297721401743
positive_rescue,1.5,2.0,3.0,0.2,False,2,2,0.7,0.3,48,28,0.373134328358209,0.5774932614555256,0.49494353296874294,0.24074074074074073,0.9285714285714286,0.38235294117647056,0.33519782830568295
positive_rescue,1.5,2.0,3.0,0.2,False,2,2,0.9,0.3,48,28,0.373134328358209,0.5774932614555256,0.20070276523307737,0.24074074074074073,0.9285714285714286,0.38235294117647056,0.5093519030291237
positive_rescue,1.5,2.0,3.0,0.2,False,2,2,0.9,0.1,48,28,0.373134328358209,0.5774932614555256,0.20070276523307737,0.24074074074074073,0.9285714285714286,0.38235294117647056,0.5093519030291237
negative_veto,1.5,2.0,3.0,0.2,False,2,2,0.7,0.3,48,6,0.7014925373134329,0.6273584905660378,0.45064131883984826,0.35,0.5,0.4117647058823529,0.18365232999254888
negative_veto,1.5,2.0,3.0,0.2,False,2,2,0.9,0.3,48,6,0.7014925373134329,0.6273584905660378,0.45064131883984826,0.35,0.5,0.4117647058823529,0.18365232999254888
negative_veto,1.5,2.0,3.0,0.2,False,2,2,0.9,0.1,48,6,0.7014925373134329,0.6273584905660378,0.42006332705495986,0.35,0.5,0.4117647058823529,0.195749713219275
two_way,1.5,2.0,3.0,0.2,False,2,2,0.7,0.3,48,34,0.34328358208955223,0.4535040431266847,0.3824971655328798,0.1875,0.6428571428571429,0.2903225806451613,0.3489783141900075
two_way,1.5,2.0,3.0,0.2,False,2,2,0.9,0.3,48,34,0.34328358208955223,0.4535040431266847,0.20273526077097506,0.1875,0.6428571428571429,0.2903225806451613,0.5231323889134482
two_way,1.5,2.0,3.0,0.2,False,2,2,0.9,0.1,48,34,0.34328358208955223,0.4535040431266847,0.19745879120879123,0.1875,0.6428571428571429,0.2903225806451613,0.5352297721401744
positive_rescue,1.5,2.0,3.0,0.2,False,3,1,0.7,0.3,42,25,0.417910447761194,0.6057951482479784,0.5099094015486378,0.2549019607843137,0.9285714285714286,0.4,0.3037752823431854
positive_rescue,1.5,2.0,3.0,0.2,False,3,1,0.9,0.3,42,25,0.417910447761194,0.6057951482479784,0.22635062920249013,0.2549019607843137,0.9285714285714286,0.4,0.4492726406487156
positive_rescue,1.5,2.0,3.0,0.2,False,3,1,0.9,0.1,42,25,0.417910447761194,0.6057951482479784,0.22635062920249013,0.2549019607843137,0.9285714285714286,0.4,0.4492726406487156
negative_veto,1.5,2.0,3.0,0.2,False,3,1,0.7,0.3,42,9,0.746268656716418,0.6556603773584906,0.4583293940699402,0.4117647058823529,0.5,0.45161290322580644,0.17778709727427763
negative_veto,1.5,2.0,3.0,0.2,False,3,1,0.9,0.3,42,9,0.746268656716418,0.6556603773584906,0.4583293940699402,0.4117647058823529,0.5,0.45161290322580644,0.17778709727427763
negative_veto,1.5,2.0,3.0,0.2,False,3,1,0.9,0.1,42,9,0.746268656716418,0.6556603773584906,0.4309041116446578,0.4117647058823529,0.5,0.45161290322580644,0.18410694052751603
two_way,1.5,2.0,3.0,0.2,False,3,1,0.7,0.3,42,34,0.43283582089552236,0.5101078167115903,0.3947760466193646,0.21428571428571427,0.6428571428571429,0.32142857142857145,0.3116905355092387
two_way,1.5,2.0,3.0,0.2,False,3,1,0.9,0.3,42,34,0.43283582089552236,0.5101078167115903,0.22266720308194962,0.21428571428571427,0.6428571428571429,0.32142857142857145,0.4571878938147689
two_way,1.5,2.0,3.0,0.2,False,3,1,0.9,0.1,42,34,0.43283582089552236,0.5101078167115903,0.2158801020408163,0.21428571428571427,0.6428571428571429,0.32142857142857145,0.46350773706800724
positive_rescue,1.5,2.0,3.0,0.2,False,3,2,0.7,0.3,42,25,0.417910447761194,0.6057951482479784,0.5099094015486378,0.2549019607843137,0.9285714285714286,0.4,0.3037752823431854
positive_rescue,1.5,2.0,3.0,0.2,False,3,2,0.9,0.3,42,25,0.417910447761194,0.6057951482479784,0.22635062920249013,0.2549019607843137,0.9285714285714286,0.4,0.4492726406487156
positive_rescue,1.5,2.0,3.0,0.2,False,3,2,0.9,0.1,42,25,0.417910447761194,0.6057951482479784,0.22635062920249013,0.2549019607843137,0.9285714285714286,0.4,0.4492726406487156
negative_veto,1.5,2.0,3.0,0.2,False,3,2,0.7,0.3,42,9,0.746268656716418,0.6556603773584906,0.4583293940699402,0.4117647058823529,0.5,0.45161290322580644,0.17778709727427763
negative_veto,1.5,2.0,3.0,0.2,False,3,2,0.9,0.3,42,9,0.746268656716418,0.6556603773584906,0.4583293940699402,0.4117647058823529,0.5,0.45161290322580644,0.17778709727427763
negative_veto,1.5,2.0,3.0,0.2,False,3,2,0.9,0.1,42,9,0.746268656716418,0.6556603773584906,0.4309041116446578,0.4117647058823529,0.5,0.45161290322580644,0.18410694052751603
two_way,1.5,2.0,3.0,0.2,False,3,2,0.7,0.3,42,34,0.43283582089552236,0.5101078167115903,0.3947760466193646,0.21428571428571427,0.6428571428571429,0.32142857142857145,0.3116905355092387
two_way,1.5,2.0,3.0,0.2,False,3,2,0.9,0.3,42,34,0.43283582089552236,0.5101078167115903,0.22266720308194962,0.21428571428571427,0.6428571428571429,0.32142857142857145,0.4571878938147689
two_way,1.5,2.0,3.0,0.2,False,3,2,0.9,0.1,42,34,0.43283582089552236,0.5101078167115903,0.2158801020408163,0.21428571428571427,0.6428571428571429,0.32142857142857145,0.46350773706800724
positive_rescue,1.5,2.0,3.0,0.2,True,2,1,0.7,0.3,40,23,0.47761194029850745,0.6698113207547169,0.5318168583613553,0.2857142857142857,1.0,0.4444444444444444,0.2753229224468912
positive_rescue,1.5,2.0,3.0,0.2,True,2,1,0.9,0.3,40,23,0.47761194029850745,0.6698113207547169,0.2610146350329997,0.2857142857142857,1.0,0.4444444444444444,0.4052978926927198
positive_rescue,1.5,2.0,3.0,0.2,True,2,1,0.9,0.1,40,23,0.47761194029850745,0.6698113207547169,0.2610146350329997,0.2857142857142857,1.0,0.4444444444444444,0.4052978926927198
negative_veto,1.5,2.0,3.0,0.2,True,2,1,0.7,0.3,40,9,0.746268656716418,0.6556603773584906,0.4583293940699402,0.4117647058823529,0.5,0.45161290322580644,0.1783517691920756
negative_veto,1.5,2.0,3.0,0.2,True,2,1,0.9,0.3,40,9,0.746268656716418,0.6556603773584906,0.4583293940699402,0.4117647058823529,0.5,0.45161290322580644,0.1783517691920756
negative_veto,1.5,2.0,3.0,0.2,True,2,1,0.9,0.1,40,9,0.746268656716418,0.6556603773584906,0.4340293197698659,0.4117647058823529,0.5,0.45161290322580644,0.18032049445366094
two_way,1.5,2.0,3.0,0.2,True,2,1,0.7,0.3,40,32,0.4925373134328358,0.5741239892183289,0.41890756302521004,0.25,0.7142857142857143,0.37037037037037035,0.2838028475307425
two_way,1.5,2.0,3.0,0.2,True,2,1,0.9,0.3,40,32,0.4925373134328358,0.5741239892183289,0.25700280112044815,0.25,0.7142857142857143,0.37037037037037035,0.4137778177765712
two_way,1.5,2.0,3.0,0.2,True,2,1,0.9,0.1,40,32,0.4925373134328358,0.5741239892183289,0.24107142857142858,0.25,0.7142857142857143,0.37037037037037035,0.41574654303815645
positive_rescue,1.5,2.0,3.0,0.2,True,2,2,0.7,0.3,39,22,0.4626865671641791,0.6340970350404312,0.5193033552624499,0.2708333333333333,0.9285714285714286,0.41935483870967744,0.2833648909346824
positive_rescue,1.5,2.0,3.0,0.2,True,2,2,0.9,0.3,39,22,0.4626865671641791,0.6340970350404312,0.24236049556697697,0.2708333333333333,0.9285714285714286,0.41935483870967744,0.4145338910312574
positive_rescue,1.5,2.0,3.0,0.2,True,2,2,0.9,0.1,39,22,0.4626865671641791,0.6340970350404312,0.24236049556697697,0.2708333333333333,0.9285714285714286,0.41935483870967744,0.4145338910312574
negative_veto,1.5,2.0,3.0,0.2,True,2,2,0.7,0.3,39,9,0.746268656716418,0.6556603773584906,0.4583293940699402,0.4117647058823529,0.5,0.45161290322580644,0.1783517691920756
negative_veto,1.5,2.0,3.0,0.2,True,2,2,0.9,0.3,39,9,0.746268656716418,0.6556603773584906,0.4583293940699402,0.4117647058823529,0.5,0.45161290322580644,0.1783517691920756
negative_veto,1.5,2.0,3.0,0.2,True,2,2,0.9,0.1,39,9,0.746268656716418,0.6556603773584906,0.4300249907655369,0.4117647058823529,0.5,0.45161290322580644,0.18302479462258614
two_way,1.5,2.0,3.0,0.2,True,2,2,0.7,0.3,39,31,0.47761194029850745,0.5384097035040432,0.40643007265958075,0.23076923076923078,0.6428571428571429,0.33962264150943394,0.29184481601853374
two_way,1.5,2.0,3.0,0.2,True,2,2,0.9,0.3,39,31,0.47761194029850745,0.5384097035040432,0.23903080526031348,0.23076923076923078,0.6428571428571429,0.33962264150943394,0.42301381611510863
two_way,1.5,2.0,3.0,0.2,True,2,2,0.9,0.1,39,31,0.47761194029850745,0.5384097035040432,0.22647664835164838,0.23076923076923078,0.6428571428571429,0.33962264150943394,0.42768684154561915
positive_rescue,1.5,2.0,3.0,0.2,True,3,1,0.7,0.3,38,21,0.47761194029850745,0.6435309973045822,0.5226451709565606,0.2765957446808511,0.9285714285714286,0.4262295081967213,0.2779594135987491
positive_rescue,1.5,2.0,3.0,0.2,True,3,1,0.9,0.3,38,21,0.47761194029850745,0.6435309973045822,0.24814780115843899,0.2765957446808511,0.9285714285714286,0.4262295081967213,0.40435229429233893
positive_rescue,1.5,2.0,3.0,0.2,True,3,1,0.9,0.1,38,21,0.47761194029850745,0.6435309973045822,0.24814780115843899,0.2765957446808511,0.9285714285714286,0.4262295081967213,0.40435229429233893
negative_veto,1.5,2.0,3.0,0.2,True,3,1,0.7,0.3,38,9,0.746268656716418,0.6556603773584906,0.4583293940699402,0.4117647058823529,0.5,0.45161290322580644,0.17778709727427763
negative_veto,1.5,2.0,3.0,0.2,True,3,1,0.9,0.3,38,9,0.746268656716418,0.6556603773584906,0.4583293940699402,0.4117647058823529,0.5,0.45161290322580644,0.17778709727427763
negative_veto,1.5,2.0,3.0,0.2,True,3,1,0.9,0.1,38,9,0.746268656716418,0.6556603773584906,0.4309041116446578,0.4117647058823529,0.5,0.45161290322580644,0.18126609285404188
two_way,1.5,2.0,3.0,0.2,True,3,1,0.7,0.3,38,30,0.4925373134328358,0.5478436657681941,0.40859895640741195,0.23684210526315788,0.6428571428571429,0.34615384615384615,0.2858746667648024
two_way,1.5,2.0,3.0,0.2,True,3,1,0.9,0.3,38,30,0.4925373134328358,0.5478436657681941,0.24293479600640946,0.23684210526315788,0.6428571428571429,0.34615384615384615,0.4122675474583922
two_way,1.5,2.0,3.0,0.2,True,3,1,0.9,0.1,38,30,0.4925373134328358,0.5478436657681941,0.23038063909774437,0.23684210526315788,0.6428571428571429,0.34615384615384615,0.41574654303815645
positive_rescue,1.5,2.0,3.0,0.2,True,3,2,0.7,0.3,38,21,0.47761194029850745,0.6435309973045822,0.5226451709565606,0.2765957446808511,0.9285714285714286,0.4262295081967213,0.2779594135987491
positive_rescue,1.5,2.0,3.0,0.2,True,3,2,0.9,0.3,38,21,0.47761194029850745,0.6435309973045822,0.24814780115843899,0.2765957446808511,0.9285714285714286,0.4262295081967213,0.40435229429233893
positive_rescue,1.5,2.0,3.0,0.2,True,3,2,0.9,0.1,38,21,0.47761194029850745,0.6435309973045822,0.24814780115843899,0.2765957446808511,0.9285714285714286,0.4262295081967213,0.40435229429233893
negative_veto,1.5,2.0,3.0,0.2,True,3,2,0.7,0.3,38,9,0.746268656716418,0.6556603773584906,0.4583293940699402,0.4117647058823529,0.5,0.45161290322580644,0.17778709727427763
negative_veto,1.5,2.0,3.0,0.2,True,3,2,0.9,0.3,38,9,0.746268656716418,0.6556603773584906,0.4583293940699402,0.4117647058823529,0.5,0.45161290322580644,0.17778709727427763
negative_veto,1.5,2.0,3.0,0.2,True,3,2,0.9,0.1,38,9,0.746268656716418,0.6556603773584906,0.4309041116446578,0.4117647058823529,0.5,0.45161290322580644,0.18126609285404188
two_way,1.5,2.0,3.0,0.2,True,3,2,0.7,0.3,38,30,0.4925373134328358,0.5478436657681941,0.40859895640741195,0.23684210526315788,0.6428571428571429,0.34615384615384615,0.2858746667648024
two_way,1.5,2.0,3.0,0.2,True,3,2,0.9,0.3,38,30,0.4925373134328358,0.5478436657681941,0.24293479600640946,0.23684210526315788,0.6428571428571429,0.34615384615384615,0.4122675474583922
two_way,1.5,2.0,3.0,0.2,True,3,2,0.9,0.1,38,30,0.4925373134328358,0.5478436657681941,0.23038063909774437,0.23684210526315788,0.6428571428571429,0.34615384615384615,0.41574654303815645
positive_rescue,1.5,2.0,3.0,0.4,False,2,1,0.7,0.3,51,31,0.3582089552238806,0.5943396226415094,0.4982712659156126,0.24561403508771928,1.0,0.39436619718309857,0.3402835938093629
positive_rescue,1.5,2.0,3.0,0.4,False,2,1,0.9,0.3,51,31,0.3582089552238806,0.5943396226415094,0.20607804610228816,0.24561403508771928,1.0,0.39436619718309857,0.5227958774880275
positive_rescue,1.5,2.0,3.0,0.4,False,2,1,0.9,0.1,51,31,0.3582089552238806,0.5943396226415094,0.20607804610228816,0.24561403508771928,1.0,0.39436619718309857,0.5227958774880275
negative_veto,1.5,2.0,3.0,0.4,False,2,1,0.7,0.3,51,6,0.7014925373134329,0.6273584905660378,0.45064131883984826,0.35,0.5,0.4117647058823529,0.18365232999254888
negative_veto,1.5,2.0,3.0,0.4,False,2,1,0.9,0.3,51,6,0.7014925373134329,0.6273584905660378,0.45064131883984826,0.35,0.5,0.4117647058823529,0.18365232999254888
negative_veto,1.5,2.0,3.0,0.4,False,2,1,0.9,0.1,51,6,0.7014925373134329,0.6273584905660378,0.4202665790874802,0.35,0.5,0.4117647058823529,0.19424603726783393
two_way,1.5,2.0,3.0,0.4,False,2,1,0.7,0.3,51,37,0.3283582089552239,0.4703504043126685,0.38516355694820303,0.19607843137254902,0.7142857142857143,0.3076923076923077,0.3540640796936874
two_way,1.5,2.0,3.0,0.4,False,2,1,0.9,0.3,51,37,0.3283582089552239,0.4703504043126685,0.2078526325784551,0.19607843137254902,0.7142857142857143,0.3076923076923077,0.5365763633723519
two_way,1.5,2.0,3.0,0.4,False,2,1,0.9,0.1,51,37,0.3283582089552239,0.4703504043126685,0.20159448394742513,0.19607843137254902,0.7142857142857143,0.3076923076923077,0.5471700706476371
positive_rescue,1.5,2.0,3.0,0.4,False,2,2,0.7,0.3,49,29,0.3582089552238806,0.5680592991913747,0.49276706020403493,0.23636363636363636,0.9285714285714286,0.37681159420289856,0.34130236751663484
positive_rescue,1.5,2.0,3.0,0.4,False,2,2,0.9,0.3,49,29,0.3582089552238806,0.5680592991913747,0.19700732773962065,0.23636363636363636,0.9285714285714286,0.37681159420289856,0.5202325616430606
positive_rescue,1.5,2.0,3.0,0.4,False,2,2,0.9,0.1,49,29,0.3582089552238806,0.5680592991913747,0.19700732773962065,0.23636363636363636,0.9285714285714286,0.37681159420289856,0.5202325616430606
negative_veto,1.5,2.0,3.0,0.4,False,2,2,0.7,0.3,49,6,0.7014925373134329,0.6273584905660378,0.45064131883984826,0.35,0.5,0.4117647058823529,0.18365232999254888
negative_veto,1.5,2.0,3.0,0.4,False,2,2,0.9,0.3,49,6,0.7014925373134329,0.6273584905660378,0.45064131883984826,0.35,0.5,0.4117647058823529,0.18365232999254888
negative_veto,1.5,2.0,3.0,0.4,False,2,2,0.9,0.1,49,6,0.7014925373134329,0.6273584905660378,0.42006332705495986,0.35,0.5,0.4117647058823529,0.1968093531128007
two_way,1.5,2.0,3.0,0.4,False,2,2,0.7,0.3,49,35,0.3283582089552239,0.44407008086253374,0.3799669241130036,0.1836734693877551,0.6428571428571429,0.2857142857142857,0.35508285340095946
two_way,1.5,2.0,3.0,0.4,False,2,2,0.9,0.3,49,35,0.3283582089552239,0.44407008086253374,0.19911172489045745,0.1836734693877551,0.6428571428571429,0.2857142857142857,0.5340130475273852
two_way,1.5,2.0,3.0,0.4,False,2,2,0.9,0.1,49,35,0.3283582089552239,0.44407008086253374,0.19499887867234805,0.1836734693877551,0.6428571428571429,0.2857142857142857,0.5471700706476371
positive_rescue,1.5,2.0,3.0,0.4,False,3,1,0.7,0.3,45,26,0.40298507462686567,0.5963611859838275,0.5022766828076459,0.25,0.9285714285714286,0.3939393939393939,0.3168702839652441
positive_rescue,1.5,2.0,3.0,0.4,False,3,1,0.9,0.3,45,26,0.40298507462686567,0.5963611859838275,0.21301016213832374,0.25,0.9285714285714286,0.3939393939393939,0.47669600047972943
positive_rescue,1.5,2.0,3.0,0.4,False,3,1,0.9,0.1,45,26,0.40298507462686567,0.5963611859838275,0.21301016213832374,0.25,0.9285714285714286,0.3939393939393939,0.47669600047972943
negative_veto,1.5,2.0,3.0,0.4,False,3,1,0.7,0.3,45,7,0.7164179104477612,0.6367924528301887,0.4519571083135324,0.3684210526315789,0.5,0.42424242424242425,0.18260254341341298
negative_veto,1.5,2.0,3.0,0.4,False,3,1,0.9,0.3,45,7,0.7164179104477612,0.6367924528301887,0.4519571083135324,0.3684210526315789,0.5,0.42424242424242425,0.18260254341341298
negative_veto,1.5,2.0,3.0,0.4,False,3,1,0.9,0.1,45,7,0.7164179104477612,0.6367924528301887,0.42208284629641324,0.3684210526315789,0.5,0.42424242424242425,0.19250447621889014
two_way,1.5,2.0,3.0,0.4,False,3,1,0.7,0.3,45,33,0.3880597014925373,0.4818059299191375,0.389674005803038,0.2,0.6428571428571429,0.3050847457627119,0.32960098327043275
two_way,1.5,2.0,3.0,0.4,False,3,1,0.9,0.3,45,33,0.3880597014925373,0.4818059299191375,0.21348352961256187,0.2,0.6428571428571429,0.3050847457627119,0.4894266997849181
two_way,1.5,2.0,3.0,0.4,False,3,1,0.9,0.1,45,33,0.3880597014925373,0.4818059299191375,0.20669642857142856,0.2,0.6428571428571429,0.3050847457627119,0.4993286325903954
positive_rescue,1.5,2.0,3.0,0.4,False,3,2,0.7,0.3,45,26,0.40298507462686567,0.5963611859838275,0.5022766828076459,0.25,0.9285714285714286,0.3939393939393939,0.3168702839652441
positive_rescue,1.5,2.0,3.0,0.4,False,3,2,0.9,0.3,45,26,0.40298507462686567,0.5963611859838275,0.21301016213832374,0.25,0.9285714285714286,0.3939393939393939,0.47669600047972943
positive_rescue,1.5,2.0,3.0,0.4,False,3,2,0.9,0.1,45,26,0.40298507462686567,0.5963611859838275,0.21301016213832374,0.25,0.9285714285714286,0.3939393939393939,0.47669600047972943
negative_veto,1.5,2.0,3.0,0.4,False,3,2,0.7,0.3,45,7,0.7164179104477612,0.6367924528301887,0.4519571083135324,0.3684210526315789,0.5,0.42424242424242425,0.18260254341341298
negative_veto,1.5,2.0,3.0,0.4,False,3,2,0.9,0.3,45,7,0.7164179104477612,0.6367924528301887,0.4519571083135324,0.3684210526315789,0.5,0.42424242424242425,0.18260254341341298
negative_veto,1.5,2.0,3.0,0.4,False,3,2,0.9,0.1,45,7,0.7164179104477612,0.6367924528301887,0.42208284629641324,0.3684210526315789,0.5,0.42424242424242425,0.19250447621889014
two_way,1.5,2.0,3.0,0.4,False,3,2,0.7,0.3,45,33,0.3880597014925373,0.4818059299191375,0.389674005803038,0.2,0.6428571428571429,0.3050847457627119,0.32960098327043275
two_way,1.5,2.0,3.0,0.4,False,3,2,0.9,0.3,45,33,0.3880597014925373,0.4818059299191375,0.21348352961256187,0.2,0.6428571428571429,0.3050847457627119,0.4894266997849181
two_way,1.5,2.0,3.0,0.4,False,3,2,0.9,0.1,45,33,0.3880597014925373,0.4818059299191375,0.20669642857142856,0.2,0.6428571428571429,0.3050847457627119,0.4993286325903954
positive_rescue,1.5,2.0,3.0,0.4,True,2,1,0.7,0.3,41,24,0.4626865671641791,0.660377358490566,0.5280351569803396,0.28,1.0,0.4375,0.2824085678541414
positive_rescue,1.5,2.0,3.0,0.4,True,2,1,0.9,0.3,41,24,0.4626865671641791,0.660377358490566,0.2547942951222669,0.28,1.0,0.4375,0.41715965750295514
positive_rescue,1.5,2.0,3.0,0.4,True,2,1,0.9,0.1,41,24,0.4626865671641791,0.660377358490566,0.2547942951222669,0.28,1.0,0.4375,0.41715965750295514
negative_veto,1.5,2.0,3.0,0.4,True,2,1,0.7,0.3,41,9,0.746268656716418,0.6556603773584906,0.4583293940699402,0.4117647058823529,0.5,0.45161290322580644,0.1783517691920756
negative_veto,1.5,2.0,3.0,0.4,True,2,1,0.9,0.3,41,9,0.746268656716418,0.6556603773584906,0.4583293940699402,0.4117647058823529,0.5,0.45161290322580644,0.1783517691920756
negative_veto,1.5,2.0,3.0,0.4,True,2,1,0.9,0.1,41,9,0.746268656716418,0.6556603773584906,0.4340293197698659,0.4117647058823529,0.5,0.45161290322580644,0.18039902815088832
two_way,1.5,2.0,3.0,0.4,True,2,1,0.7,0.3,41,33,0.47761194029850745,0.5646900269541779,0.41478602698114886,0.24390243902439024,0.7142857142857143,0.36363636363636365,0.29088849293799274
two_way,1.5,2.0,3.0,0.4,True,2,1,0.9,0.3,41,33,0.47761194029850745,0.5646900269541779,0.2511391047976414,0.24390243902439024,0.7142857142857143,0.36363636363636365,0.42563958258680645
two_way,1.5,2.0,3.0,0.4,True,2,1,0.9,0.1,41,33,0.47761194029850745,0.5646900269541779,0.23671602787456447,0.24390243902439024,0.7142857142857143,0.36363636363636365,0.42768684154561915
positive_rescue,1.5,2.0,3.0,0.4,True,2,2,0.7,0.3,40,23,0.44776119402985076,0.6246630727762803,0.5158534395865575,0.2653061224489796,0.9285714285714286,0.4126984126984127,0.2904505363419327
positive_rescue,1.5,2.0,3.0,0.4,True,2,2,0.9,0.3,40,23,0.44776119402985076,0.6246630727762803,0.23659136890462623,0.2653061224489796,0.9285714285714286,0.4126984126984127,0.42639565584149264
positive_rescue,1.5,2.0,3.0,0.4,True,2,2,0.9,0.1,40,23,0.44776119402985076,0.6246630727762803,0.23659136890462623,0.2653061224489796,0.9285714285714286,0.4126984126984127,0.42639565584149264
negative_veto,1.5,2.0,3.0,0.4,True,2,2,0.7,0.3,40,9,0.746268656716418,0.6556603773584906,0.4583293940699402,0.4117647058823529,0.5,0.45161290322580644,0.1783517691920756
negative_veto,1.5,2.0,3.0,0.4,True,2,2,0.9,0.3,40,9,0.746268656716418,0.6556603773584906,0.4583293940699402,0.4117647058823529,0.5,0.45161290322580644,0.1783517691920756
negative_veto,1.5,2.0,3.0,0.4,True,2,2,0.9,0.1,40,9,0.746268656716418,0.6556603773584906,0.4300249907655369,0.4117647058823529,0.5,0.45161290322580644,0.1831033283198135
two_way,1.5,2.0,3.0,0.4,True,2,2,0.7,0.3,40,32,0.4626865671641791,0.5289757412398922,0.4026486401012017,0.225,0.6428571428571429,0.3333333333333333,0.29893046142578394
two_way,1.5,2.0,3.0,0.4,True,2,2,0.9,0.3,40,32,0.4626865671641791,0.5289757412398922,0.2336010210535827,0.225,0.6428571428571429,0.3333333333333333,0.4348755809253439
two_way,1.5,2.0,3.0,0.4,True,2,2,0.9,0.1,40,32,0.4626865671641791,0.5289757412398922,0.22276785714285713,0.225,0.6428571428571429,0.3333333333333333,0.43962714005308184
positive_rescue,1.5,2.0,3.0,0.4,True,3,1,0.7,0.3,40,23,0.44776119402985076,0.6246630727762803,0.5158534395865575,0.2653061224489796,0.9285714285714286,0.4126984126984127,0.2904505363419327
positive_rescue,1.5,2.0,3.0,0.4,True,3,1,0.9,0.3,40,23,0.44776119402985076,0.6246630727762803,0.23659136890462623,0.2653061224489796,0.9285714285714286,0.4126984126984127,0.42639565584149264
positive_rescue,1.5,2.0,3.0,0.4,True,3,1,0.9,0.1,40,23,0.44776119402985076,0.6246630727762803,0.23659136890462623,0.2653061224489796,0.9285714285714286,0.4126984126984127,0.42639565584149264
negative_veto,1.5,2.0,3.0,0.4,True,3,1,0.7,0.3,40,9,0.746268656716418,0.6556603773584906,0.4583293940699402,0.4117647058823529,0.5,0.45161290322580644,0.1783517691920756
negative_veto,1.5,2.0,3.0,0.4,True,3,1,0.9,0.3,40,9,0.746268656716418,0.6556603773584906,0.4583293940699402,0.4117647058823529,0.5,0.45161290322580644,0.1783517691920756
negative_veto,1.5,2.0,3.0,0.4,True,3,1,0.9,0.1,40,9,0.746268656716418,0.6556603773584906,0.4300249907655369,0.4117647058823529,0.5,0.45161290322580644,0.1831033283198135
two_way,1.5,2.0,3.0,0.4,True,3,1,0.7,0.3,40,32,0.4626865671641791,0.5289757412398922,0.4026486401012017,0.225,0.6428571428571429,0.3333333333333333,0.29893046142578394
two_way,1.5,2.0,3.0,0.4,True,3,1,0.9,0.3,40,32,0.4626865671641791,0.5289757412398922,0.2336010210535827,0.225,0.6428571428571429,0.3333333333333333,0.4348755809253439
two_way,1.5,2.0,3.0,0.4,True,3,1,0.9,0.1,40,32,0.4626865671641791,0.5289757412398922,0.22276785714285713,0.225,0.6428571428571429,0.3333333333333333,0.43962714005308184
positive_rescue,1.5,2.0,3.0,0.4,True,3,2,0.7,0.3,40,23,0.44776119402985076,0.6246630727762803,0.5158534395865575,0.2653061224489796,0.9285714285714286,0.4126984126984127,0.2904505363419327
positive_rescue,1.5,2.0,3.0,0.4,True,3,2,0.9,0.3,40,23,0.44776119402985076,0.6246630727762803,0.23659136890462623,0.2653061224489796,0.9285714285714286,0.4126984126984127,0.42639565584149264
positive_rescue,1.5,2.0,3.0,0.4,True,3,2,0.9,0.1,40,23,0.44776119402985076,0.6246630727762803,0.23659136890462623,0.2653061224489796,0.9285714285714286,0.4126984126984127,0.42639565584149264
negative_veto,1.5,2.0,3.0,0.4,True,3,2,0.7,0.3,40,9,0.746268656716418,0.6556603773584906,0.4583293940699402,0.4117647058823529,0.5,0.45161290322580644,0.1783517691920756
negative_veto,1.5,2.0,3.0,0.4,True,3,2,0.9,0.3,40,9,0.746268656716418,0.6556603773584906,0.4583293940699402,0.4117647058823529,0.5,0.45161290322580644,0.1783517691920756
negative_veto,1.5,2.0,3.0,0.4,True,3,2,0.9,0.1,40,9,0.746268656716418,0.6556603773584906,0.4300249907655369,0.4117647058823529,0.5,0.45161290322580644,0.1831033283198135
two_way,1.5,2.0,3.0,0.4,True,3,2,0.7,0.3,40,32,0.4626865671641791,0.5289757412398922,0.4026486401012017,0.225,0.6428571428571429,0.3333333333333333,0.29893046142578394
two_way,1.5,2.0,3.0,0.4,True,3,2,0.9,0.3,40,32,0.4626865671641791,0.5289757412398922,0.2336010210535827,0.225,0.6428571428571429,0.3333333333333333,0.4348755809253439
two_way,1.5,2.0,3.0,0.4,True,3,2,0.9,0.1,40,32,0.4626865671641791,0.5289757412398922,0.22276785714285713,0.225,0.6428571428571429,0.3333333333333333,0.43962714005308184
positive_rescue,1.5,2.0,4.0,0.2,False,2,1,0.7,0.3,37,19,0.47761194029850745,0.6172506738544474,0.5095077541506112,0.26666666666666666,0.8571428571428571,0.4067796610169492,0.28772365219474005
positive_rescue,1.5,2.0,4.0,0.2,False,2,1,0.9,0.3,37,19,0.47761194029850745,0.6172506738544474,0.22853551735130684,0.26666666666666666,0.8571428571428571,0.4067796610169492,0.41531056273907613
positive_rescue,1.5,2.0,4.0,0.2,False,2,1,0.9,0.1,37,19,0.47761194029850745,0.6172506738544474,0.22853551735130684,0.26666666666666666,0.8571428571428571,0.4067796610169492,0.41531056273907613
negative_veto,1.5,2.0,4.0,0.2,False,2,1,0.7,0.3,37,8,0.7313432835820896,0.6462264150943396,0.45669540714183565,0.3888888888888889,0.5,0.4375,0.17883688385341354
negative_veto,1.5,2.0,4.0,0.2,False,2,1,0.9,0.3,37,8,0.7313432835820896,0.6462264150943396,0.45669540714183565,0.3888888888888889,0.5,0.4375,0.17883688385341354
negative_veto,1.5,2.0,4.0,0.2,False,2,1,0.9,0.1,37,8,0.7313432835820896,0.6462264150943396,0.42839100383743234,0.3888888888888889,0.5,0.4375,0.18296019578966732
two_way,1.5,2.0,4.0,0.2,False,2,1,0.7,0.3,37,27,0.47761194029850745,0.5121293800539084,0.3971656721656721,0.21621621621621623,0.5714285714285714,0.3137254901960784,0.29668869193992925
two_way,1.5,2.0,4.0,0.2,False,2,1,0.9,0.3,37,27,0.47761194029850745,0.5121293800539084,0.22560840060840062,0.21621621621621623,0.5714285714285714,0.3137254901960784,0.42427560248426543
two_way,1.5,2.0,4.0,0.2,False,2,1,0.9,0.1,37,27,0.47761194029850745,0.5121293800539084,0.21124828156078157,0.21621621621621623,0.5714285714285714,0.3137254901960784,0.4283989144205192
positive_rescue,1.5,2.0,4.0,0.2,False,2,2,0.7,0.3,37,19,0.47761194029850745,0.6172506738544474,0.5095077541506112,0.26666666666666666,0.8571428571428571,0.4067796610169492,0.28772365219474005
positive_rescue,1.5,2.0,4.0,0.2,False,2,2,0.9,0.3,37,19,0.47761194029850745,0.6172506738544474,0.22853551735130684,0.26666666666666666,0.8571428571428571,0.4067796610169492,0.41531056273907613
positive_rescue,1.5,2.0,4.0,0.2,False,2,2,0.9,0.1,37,19,0.47761194029850745,0.6172506738544474,0.22853551735130684,0.26666666666666666,0.8571428571428571,0.4067796610169492,0.41531056273907613
negative_veto,1.5,2.0,4.0,0.2,False,2,2,0.7,0.3,37,8,0.7313432835820896,0.6462264150943396,0.45669540714183565,0.3888888888888889,0.5,0.4375,0.17883688385341354
negative_veto,1.5,2.0,4.0,0.2,False,2,2,0.9,0.3,37,8,0.7313432835820896,0.6462264150943396,0.45669540714183565,0.3888888888888889,0.5,0.4375,0.17883688385341354
negative_veto,1.5,2.0,4.0,0.2,False,2,2,0.9,0.1,37,8,0.7313432835820896,0.6462264150943396,0.42839100383743234,0.3888888888888889,0.5,0.4375,0.18296019578966732
two_way,1.5,2.0,4.0,0.2,False,2,2,0.7,0.3,37,27,0.47761194029850745,0.5121293800539084,0.3971656721656721,0.21621621621621623,0.5714285714285714,0.3137254901960784,0.29668869193992925
two_way,1.5,2.0,4.0,0.2,False,2,2,0.9,0.3,37,27,0.47761194029850745,0.5121293800539084,0.22560840060840062,0.21621621621621623,0.5714285714285714,0.3137254901960784,0.42427560248426543
two_way,1.5,2.0,4.0,0.2,False,2,2,0.9,0.1,37,27,0.47761194029850745,0.5121293800539084,0.21124828156078157,0.21621621621621623,0.5714285714285714,0.3137254901960784,0.4283989144205192
positive_rescue,1.5,2.0,4.0,0.2,False,3,1,0.7,0.3,32,16,0.5223880597014925,0.6455525606469003,0.5258022307066061,0.2857142857142857,0.8571428571428571,0.42857142857142855,0.2584021951399119
positive_rescue,1.5,2.0,4.0,0.2,False,3,1,0.9,0.3,32,16,0.5223880597014925,0.6455525606469003,0.2586180843207792,0.2857142857142857,0.8571428571428571,0.42857142857142855,0.3621085086693226
positive_rescue,1.5,2.0,4.0,0.2,False,3,1,0.9,0.1,32,16,0.5223880597014925,0.6455525606469003,0.2586180843207792,0.2857142857142857,0.8571428571428571,0.42857142857142855,0.3621085086693226
negative_veto,1.5,2.0,4.0,0.2,False,3,1,0.7,0.3,32,10,0.7611940298507462,0.6650943396226415,0.463915667040667,0.4375,0.5,0.4666666666666667,0.17522813393435738
negative_veto,1.5,2.0,4.0,0.2,False,3,1,0.9,0.3,32,10,0.7611940298507462,0.6650943396226415,0.463915667040667,0.4375,0.5,0.4666666666666667,0.17522813393435738
negative_veto,1.5,2.0,4.0,0.2,False,3,1,0.9,0.1,32,10,0.7611940298507462,0.6650943396226415,0.4374427655677655,0.4375,0.5,0.4666666666666667,0.1763790907025465
two_way,1.5,2.0,4.0,0.2,False,3,1,0.7,0.3,32,26,0.5522388059701493,0.559299191374663,0.41234684855374504,0.25,0.5714285714285714,0.34782608695652173,0.2637584849660449
two_way,1.5,2.0,4.0,0.2,False,3,1,0.9,0.3,32,26,0.5522388059701493,0.559299191374663,0.2504420866489832,0.25,0.5714285714285714,0.34782608695652173,0.3674647984954556
two_way,1.5,2.0,4.0,0.2,False,3,1,0.9,0.1,32,26,0.5522388059701493,0.559299191374663,0.23312655086848635,0.25,0.5714285714285714,0.34782608695652173,0.36861575526364476
positive_rescue,1.5,2.0,4.0,0.2,False,3,2,0.7,0.3,32,16,0.5223880597014925,0.6455525606469003,0.5258022307066061,0.2857142857142857,0.8571428571428571,0.42857142857142855,0.2584021951399119
positive_rescue,1.5,2.0,4.0,0.2,False,3,2,0.9,0.3,32,16,0.5223880597014925,0.6455525606469003,0.2586180843207792,0.2857142857142857,0.8571428571428571,0.42857142857142855,0.3621085086693226
positive_rescue,1.5,2.0,4.0,0.2,False,3,2,0.9,0.1,32,16,0.5223880597014925,0.6455525606469003,0.2586180843207792,0.2857142857142857,0.8571428571428571,0.42857142857142855,0.3621085086693226
negative_veto,1.5,2.0,4.0,0.2,False,3,2,0.7,0.3,32,10,0.7611940298507462,0.6650943396226415,0.463915667040667,0.4375,0.5,0.4666666666666667,0.17522813393435738
negative_veto,1.5,2.0,4.0,0.2,False,3,2,0.9,0.3,32,10,0.7611940298507462,0.6650943396226415,0.463915667040667,0.4375,0.5,0.4666666666666667,0.17522813393435738
negative_veto,1.5,2.0,4.0,0.2,False,3,2,0.9,0.1,32,10,0.7611940298507462,0.6650943396226415,0.4374427655677655,0.4375,0.5,0.4666666666666667,0.1763790907025465
two_way,1.5,2.0,4.0,0.2,False,3,2,0.7,0.3,32,26,0.5522388059701493,0.559299191374663,0.41234684855374504,0.25,0.5714285714285714,0.34782608695652173,0.2637584849660449
two_way,1.5,2.0,4.0,0.2,False,3,2,0.9,0.3,32,26,0.5522388059701493,0.559299191374663,0.2504420866489832,0.25,0.5714285714285714,0.34782608695652173,0.3674647984954556
two_way,1.5,2.0,4.0,0.2,False,3,2,0.9,0.1,32,26,0.5522388059701493,0.559299191374663,0.23312655086848635,0.25,0.5714285714285714,0.34782608695652173,0.36861575526364476
positive_rescue,1.5,2.0,4.0,0.2,True,2,1,0.7,0.3,32,15,0.5074626865671642,0.6098382749326146,0.5142160577758954,0.2682926829268293,0.7857142857142857,0.4,0.2678682837502613
positive_rescue,1.5,2.0,4.0,0.2,True,2,1,0.9,0.3,32,15,0.5074626865671642,0.6098382749326146,0.23659535040203686,0.2682926829268293,0.7857142857142857,0.4,0.3775447465334033
positive_rescue,1.5,2.0,4.0,0.2,True,2,1,0.9,0.1,32,15,0.5074626865671642,0.6098382749326146,0.23659535040203686,0.2682926829268293,0.7857142857142857,0.4,0.3775447465334033
negative_veto,1.5,2.0,4.0,0.2,True,2,1,0.7,0.3,32,9,0.746268656716418,0.6556603773584906,0.4583293940699402,0.4117647058823529,0.5,0.45161290322580644,0.17778709727427763
negative_veto,1.5,2.0,4.0,0.2,True,2,1,0.9,0.3,32,9,0.746268656716418,0.6556603773584906,0.4583293940699402,0.4117647058823529,0.5,0.45161290322580644,0.17778709727427763
negative_veto,1.5,2.0,4.0,0.2,True,2,1,0.9,0.1,32,9,0.746268656716418,0.6556603773584906,0.42352315926370543,0.4117647058823529,0.5,0.45161290322580644,0.1848234498533911
two_way,1.5,2.0,4.0,0.2,True,2,1,0.7,0.3,32,24,0.5223880597014925,0.5141509433962264,0.402078991410888,0.21875,0.5,0.30434782608695654,0.2757835369163146
two_way,1.5,2.0,4.0,0.2,True,2,1,0.9,0.3,32,24,0.5223880597014925,0.5141509433962264,0.23124565807755462,0.21875,0.5,0.30434782608695654,0.38545999969945666
two_way,1.5,2.0,4.0,0.2,True,2,1,0.9,0.1,32,24,0.5223880597014925,0.5141509433962264,0.21462136653668912,0.21875,0.5,0.30434782608695654,0.3924963522785701
positive_rescue,1.5,2.0,4.0,0.2,True,2,2,0.7,0.3,32,15,0.5074626865671642,0.6098382749326146,0.5142160577758954,0.2682926829268293,0.7857142857142857,0.4,0.2678682837502613
positive_rescue,1.5,2.0,4.0,0.2,True,2,2,0.9,0.3,32,15,0.5074626865671642,0.6098382749326146,0.23659535040203686,0.2682926829268293,0.7857142857142857,0.4,0.3775447465334033
positive_rescue,1.5,2.0,4.0,0.2,True,2,2,0.9,0.1,32,15,0.5074626865671642,0.6098382749326146,0.23659535040203686,0.2682926829268293,0.7857142857142857,0.4,0.3775447465334033
negative_veto,1.5,2.0,4.0,0.2,True,2,2,0.7,0.3,32,9,0.746268656716418,0.6556603773584906,0.4583293940699402,0.4117647058823529,0.5,0.45161290322580644,0.17778709727427763
negative_veto,1.5,2.0,4.0,0.2,True,2,2,0.9,0.3,32,9,0.746268656716418,0.6556603773584906,0.4583293940699402,0.4117647058823529,0.5,0.45161290322580644,0.17778709727427763
negative_veto,1.5,2.0,4.0,0.2,True,2,2,0.9,0.1,32,9,0.746268656716418,0.6556603773584906,0.42352315926370543,0.4117647058823529,0.5,0.45161290322580644,0.1848234498533911
two_way,1.5,2.0,4.0,0.2,True,2,2,0.7,0.3,32,24,0.5223880597014925,0.5141509433962264,0.402078991410888,0.21875,0.5,0.30434782608695654,0.2757835369163146
two_way,1.5,2.0,4.0,0.2,True,2,2,0.9,0.3,32,24,0.5223880597014925,0.5141509433962264,0.23124565807755462,0.21875,0.5,0.30434782608695654,0.38545999969945666
two_way,1.5,2.0,4.0,0.2,True,2,2,0.9,0.1,32,24,0.5223880597014925,0.5141509433962264,0.21462136653668912,0.21875,0.5,0.30434782608695654,0.3924963522785701
positive_rescue,1.5,2.0,4.0,0.2,True,3,1,0.7,0.3,26,12,0.5522388059701493,0.6381401617250674,0.5204425842356877,0.2894736842105263,0.7857142857142857,0.4230769230769231,0.24988757588710994
positive_rescue,1.5,2.0,4.0,0.2,True,3,1,0.9,0.3,26,12,0.5522388059701493,0.6381401617250674,0.2523648992860816,0.2894736842105263,0.7857142857142857,0.4230769230769231,0.3370255280627359
positive_rescue,1.5,2.0,4.0,0.2,True,3,1,0.9,0.1,26,12,0.5522388059701493,0.6381401617250674,0.2523648992860816,0.2894736842105263,0.7857142857142857,0.4230769230769231,0.3370255280627359
negative_veto,1.5,2.0,4.0,0.2,True,3,1,0.7,0.3,26,12,0.7611940298507462,0.6388140161725068,0.4565318801925945,0.42857142857142855,0.42857142857142855,0.42857142857142855,0.17139428178099936
negative_veto,1.5,2.0,4.0,0.2,True,3,1,0.9,0.3,26,12,0.7611940298507462,0.6388140161725068,0.4565318801925945,0.42857142857142855,0.42857142857142855,0.42857142857142855,0.17139428178099936
negative_veto,1.5,2.0,4.0,0.2,True,3,1,0.9,0.1,26,12,0.7611940298507462,0.6388140161725068,0.41537643903715327,0.42857142857142855,0.42857142857142855,0.42857142857142855,0.1775814742942078
two_way,1.5,2.0,4.0,0.2,True,3,1,0.7,0.3,26,24,0.582089552238806,0.5256064690026954,0.4085374796280971,0.23076923076923078,0.42857142857142855,0.3,0.251410013559885
two_way,1.5,2.0,4.0,0.2,True,3,1,0.9,0.3,26,24,0.582089552238806,0.5256064690026954,0.2411382122288297,0.23076923076923078,0.42857142857142855,0.3,0.33854796573551094
two_way,1.5,2.0,4.0,0.2,True,3,1,0.9,0.1,26,24,0.582089552238806,0.5256064690026954,0.21912442396313364,0.23076923076923078,0.42857142857142855,0.3,0.3447351582487194
positive_rescue,1.5,2.0,4.0,0.2,True,3,2,0.7,0.3,26,12,0.5522388059701493,0.6381401617250674,0.5204425842356877,0.2894736842105263,0.7857142857142857,0.4230769230769231,0.24988757588710994
positive_rescue,1.5,2.0,4.0,0.2,True,3,2,0.9,0.3,26,12,0.5522388059701493,0.6381401617250674,0.2523648992860816,0.2894736842105263,0.7857142857142857,0.4230769230769231,0.3370255280627359
positive_rescue,1.5,2.0,4.0,0.2,True,3,2,0.9,0.1,26,12,0.5522388059701493,0.6381401617250674,0.2523648992860816,0.2894736842105263,0.7857142857142857,0.4230769230769231,0.3370255280627359
negative_veto,1.5,2.0,4.0,0.2,True,3,2,0.7,0.3,26,12,0.7611940298507462,0.6388140161725068,0.4565318801925945,0.42857142857142855,0.42857142857142855,0.42857142857142855,0.17139428178099936
negative_veto,1.5,2.0,4.0,0.2,True,3,2,0.9,0.3,26,12,0.7611940298507462,0.6388140161725068,0.4565318801925945,0.42857142857142855,0.42857142857142855,0.42857142857142855,0.17139428178099936
negative_veto,1.5,2.0,4.0,0.2,True,3,2,0.9,0.1,26,12,0.7611940298507462,0.6388140161725068,0.41537643903715327,0.42857142857142855,0.42857142857142855,0.42857142857142855,0.1775814742942078
two_way,1.5,2.0,4.0,0.2,True,3,2,0.7,0.3,26,24,0.582089552238806,0.5256064690026954,0.4085374796280971,0.23076923076923078,0.42857142857142855,0.3,0.251410013559885
two_way,1.5,2.0,4.0,0.2,True,3,2,0.9,0.3,26,24,0.582089552238806,0.5256064690026954,0.2411382122288297,0.23076923076923078,0.42857142857142855,0.3,0.33854796573551094
two_way,1.5,2.0,4.0,0.2,True,3,2,0.9,0.1,26,24,0.582089552238806,0.5256064690026954,0.21912442396313364,0.23076923076923078,0.42857142857142855,0.3,0.3447351582487194
positive_rescue,1.5,2.0,4.0,0.4,False,2,1,0.7,0.3,40,22,0.43283582089552236,0.5889487870619946,0.5014073144269605,0.25,0.8571428571428571,0.3870967741935484,0.3064652263630067
positive_rescue,1.5,2.0,4.0,0.4,False,2,1,0.9,0.3,40,22,0.43283582089552236,0.5889487870619946,0.2138554644186646,0.25,0.8571428571428571,0.3870967741935484,0.4483804951162981
positive_rescue,1.5,2.0,4.0,0.4,False,2,1,0.9,0.1,40,22,0.43283582089552236,0.5889487870619946,0.2138554644186646,0.25,0.8571428571428571,0.3870967741935484,0.4483804951162981
negative_veto,1.5,2.0,4.0,0.4,False,2,1,0.7,0.3,40,8,0.7313432835820896,0.6462264150943396,0.45669540714183565,0.3888888888888889,0.5,0.4375,0.1794015557712115
negative_veto,1.5,2.0,4.0,0.4,False,2,1,0.9,0.3,40,8,0.7313432835820896,0.6462264150943396,0.45669540714183565,0.3888888888888889,0.5,0.4375,0.1794015557712115
negative_veto,1.5,2.0,4.0,0.4,False,2,1,0.9,0.1,40,8,0.7313432835820896,0.6462264150943396,0.4275770030234315,0.3888888888888889,0.5,0.4375,0.18571115893483345
two_way,1.5,2.0,4.0,0.4,False,2,1,0.7,0.3,40,30,0.43283582089552236,0.4838274932614555,0.3894216166347313,0.2,0.5714285714285714,0.2962962962962963,0.31599493802599393
two_way,1.5,2.0,4.0,0.4,False,2,1,0.9,0.3,40,30,0.43283582089552236,0.4838274932614555,0.21323114044425517,0.2,0.5714285714285714,0.2962962962962963,0.4579102067792853
two_way,1.5,2.0,4.0,0.4,False,2,1,0.9,0.1,40,30,0.43283582089552236,0.4838274932614555,0.2019818722943723,0.2,0.5714285714285714,0.2962962962962963,0.46421980994290724
positive_rescue,1.5,2.0,4.0,0.4,False,2,2,0.7,0.3,40,22,0.43283582089552236,0.5889487870619946,0.5014073144269605,0.25,0.8571428571428571,0.3870967741935484,0.3064652263630067
positive_rescue,1.5,2.0,4.0,0.4,False,2,2,0.9,0.3,40,22,0.43283582089552236,0.5889487870619946,0.2138554644186646,0.25,0.8571428571428571,0.3870967741935484,0.4483804951162981
positive_rescue,1.5,2.0,4.0,0.4,False,2,2,0.9,0.1,40,22,0.43283582089552236,0.5889487870619946,0.2138554644186646,0.25,0.8571428571428571,0.3870967741935484,0.4483804951162981
negative_veto,1.5,2.0,4.0,0.4,False,2,2,0.7,0.3,40,8,0.7313432835820896,0.6462264150943396,0.45669540714183565,0.3888888888888889,0.5,0.4375,0.1794015557712115
negative_veto,1.5,2.0,4.0,0.4,False,2,2,0.9,0.3,40,8,0.7313432835820896,0.6462264150943396,0.45669540714183565,0.3888888888888889,0.5,0.4375,0.1794015557712115
negative_veto,1.5,2.0,4.0,0.4,False,2,2,0.9,0.1,40,8,0.7313432835820896,0.6462264150943396,0.4275770030234315,0.3888888888888889,0.5,0.4375,0.18571115893483345
two_way,1.5,2.0,4.0,0.4,False,2,2,0.7,0.3,40,30,0.43283582089552236,0.4838274932614555,0.3894216166347313,0.2,0.5714285714285714,0.2962962962962963,0.31599493802599393
two_way,1.5,2.0,4.0,0.4,False,2,2,0.9,0.3,40,30,0.43283582089552236,0.4838274932614555,0.21323114044425517,0.2,0.5714285714285714,0.2962962962962963,0.4579102067792853
two_way,1.5,2.0,4.0,0.4,False,2,2,0.9,0.1,40,30,0.43283582089552236,0.4838274932614555,0.2019818722943723,0.2,0.5714285714285714,0.2962962962962963,0.46421980994290724
positive_rescue,1.5,2.0,4.0,0.4,False,3,1,0.7,0.3,33,17,0.5074626865671642,0.6361185983827493,0.5219836860449865,0.27906976744186046,0.8571428571428571,0.42105263157894735,0.2654878405471621
positive_rescue,1.5,2.0,4.0,0.4,False,3,1,0.9,0.3,33,17,0.5074626865671642,0.6361185983827493,0.25169829916296094,0.27906976744186046,0.8571428571428571,0.42105263157894735,0.37397027347955786
positive_rescue,1.5,2.0,4.0,0.4,False,3,1,0.9,0.1,33,17,0.5074626865671642,0.6361185983827493,0.25169829916296094,0.27906976744186046,0.8571428571428571,0.42105263157894735,0.37397027347955786
negative_veto,1.5,2.0,4.0,0.4,False,3,1,0.7,0.3,33,10,0.7611940298507462,0.6650943396226415,0.463915667040667,0.4375,0.5,0.4666666666666667,0.17522813393435738
negative_veto,1.5,2.0,4.0,0.4,False,3,1,0.9,0.3,33,10,0.7611940298507462,0.6650943396226415,0.463915667040667,0.4375,0.5,0.4666666666666667,0.17522813393435738
negative_veto,1.5,2.0,4.0,0.4,False,3,1,0.9,0.1,33,10,0.7611940298507462,0.6650943396226415,0.4374427655677656,0.4375,0.5,0.4666666666666667,0.17645762439977392
two_way,1.5,2.0,4.0,0.4,False,3,1,0.7,0.3,33,27,0.5373134328358209,0.5498652291105122,0.4082546782620474,0.24242424242424243,0.5714285714285714,0.3404255319148936,0.2708441303732952
two_way,1.5,2.0,4.0,0.4,False,3,1,0.9,0.3,33,27,0.5373134328358209,0.5498652291105122,0.2441854141927834,0.24242424242424243,0.5714285714285714,0.3404255319148936,0.37932656330569087
two_way,1.5,2.0,4.0,0.4,False,3,1,0.9,0.1,33,27,0.5373134328358209,0.5498652291105122,0.22879754653948203,0.24242424242424243,0.5714285714285714,0.3404255319148936,0.38055605377110746
positive_rescue,1.5,2.0,4.0,0.4,False,3,2,0.7,0.3,33,17,0.5074626865671642,0.6361185983827493,0.5219836860449865,0.27906976744186046,0.8571428571428571,0.42105263157894735,0.2654878405471621
positive_rescue,1.5,2.0,4.0,0.4,False,3,2,0.9,0.3,33,17,0.5074626865671642,0.6361185983827493,0.25169829916296094,0.27906976744186046,0.8571428571428571,0.42105263157894735,0.37397027347955786
positive_rescue,1.5,2.0,4.0,0.4,False,3,2,0.9,0.1,33,17,0.5074626865671642,0.6361185983827493,0.25169829916296094,0.27906976744186046,0.8571428571428571,0.42105263157894735,0.37397027347955786
negative_veto,1.5,2.0,4.0,0.4,False,3,2,0.7,0.3,33,10,0.7611940298507462,0.6650943396226415,0.463915667040667,0.4375,0.5,0.4666666666666667,0.17522813393435738
negative_veto,1.5,2.0,4.0,0.4,False,3,2,0.9,0.3,33,10,0.7611940298507462,0.6650943396226415,0.463915667040667,0.4375,0.5,0.4666666666666667,0.17522813393435738
negative_veto,1.5,2.0,4.0,0.4,False,3,2,0.9,0.1,33,10,0.7611940298507462,0.6650943396226415,0.4374427655677656,0.4375,0.5,0.4666666666666667,0.17645762439977392
two_way,1.5,2.0,4.0,0.4,False,3,2,0.7,0.3,33,27,0.5373134328358209,0.5498652291105122,0.4082546782620474,0.24242424242424243,0.5714285714285714,0.3404255319148936,0.2708441303732952
two_way,1.5,2.0,4.0,0.4,False,3,2,0.9,0.3,33,27,0.5373134328358209,0.5498652291105122,0.2441854141927834,0.24242424242424243,0.5714285714285714,0.3404255319148936,0.37932656330569087
two_way,1.5,2.0,4.0,0.4,False,3,2,0.9,0.1,33,27,0.5373134328358209,0.5498652291105122,0.22879754653948203,0.24242424242424243,0.5714285714285714,0.3404255319148936,0.38055605377110746
positive_rescue,1.5,2.0,4.0,0.4,True,2,1,0.7,0.3,34,17,0.5074626865671642,0.6361185983827493,0.5193975901863682,0.27906976744186046,0.8571428571428571,0.42105263157894735,0.2672188583896563
positive_rescue,1.5,2.0,4.0,0.4,True,2,1,0.9,0.3,34,17,0.5074626865671642,0.6361185983827493,0.2461983104744835,0.27906976744186046,0.8571428571428571,0.42105263157894735,0.3804774107250371
positive_rescue,1.5,2.0,4.0,0.4,True,2,1,0.9,0.1,34,17,0.5074626865671642,0.6361185983827493,0.2461983104744835,0.27906976744186046,0.8571428571428571,0.42105263157894735,0.3804774107250371
negative_veto,1.5,2.0,4.0,0.4,True,2,1,0.7,0.3,34,9,0.746268656716418,0.6556603773584906,0.4583293940699402,0.4117647058823529,0.5,0.45161290322580644,0.1783517691920756
negative_veto,1.5,2.0,4.0,0.4,True,2,1,0.9,0.3,34,9,0.746268656716418,0.6556603773584906,0.4583293940699402,0.4117647058823529,0.5,0.45161290322580644,0.1783517691920756
negative_veto,1.5,2.0,4.0,0.4,True,2,1,0.9,0.1,34,9,0.746268656716418,0.6556603773584906,0.430024990765537,0.4117647058823529,0.5,0.45161290322580644,0.18189078566175731
two_way,1.5,2.0,4.0,0.4,True,2,1,0.7,0.3,34,26,0.5223880597014925,0.5404312668463611,0.40814516788147615,0.23529411764705882,0.5714285714285714,0.3333333333333333,0.2756987834735076
two_way,1.5,2.0,4.0,0.4,True,2,1,0.9,0.3,34,26,0.5223880597014925,0.5404312668463611,0.24203872530444537,0.23529411764705882,0.5714285714285714,0.3333333333333333,0.38895733580888847
two_way,1.5,2.0,4.0,0.4,True,2,1,0.9,0.1,34,26,0.5223880597014925,0.5404312668463611,0.22472318952394854,0.23529411764705882,0.5714285714285714,0.3333333333333333,0.3924963522785701
positive_rescue,1.5,2.0,4.0,0.4,True,2,2,0.7,0.3,34,17,0.5074626865671642,0.6361185983827493,0.5193975901863682,0.27906976744186046,0.8571428571428571,0.42105263157894735,0.2672188583896563
positive_rescue,1.5,2.0,4.0,0.4,True,2,2,0.9,0.3,34,17,0.5074626865671642,0.6361185983827493,0.2461983104744835,0.27906976744186046,0.8571428571428571,0.42105263157894735,0.3804774107250371
positive_rescue,1.5,2.0,4.0,0.4,True,2,2,0.9,0.1,34,17,0.5074626865671642,0.6361185983827493,0.2461983104744835,0.27906976744186046,0.8571428571428571,0.42105263157894735,0.3804774107250371
negative_veto,1.5,2.0,4.0,0.4,True,2,2,0.7,0.3,34,9,0.746268656716418,0.6556603773584906,0.4583293940699402,0.4117647058823529,0.5,0.45161290322580644,0.1783517691920756
negative_veto,1.5,2.0,4.0,0.4,True,2,2,0.9,0.3,34,9,0.746268656716418,0.6556603773584906,0.4583293940699402,0.4117647058823529,0.5,0.45161290322580644,0.1783517691920756
negative_veto,1.5,2.0,4.0,0.4,True,2,2,0.9,0.1,34,9,0.746268656716418,0.6556603773584906,0.430024990765537,0.4117647058823529,0.5,0.45161290322580644,0.18189078566175731
two_way,1.5,2.0,4.0,0.4,True,2,2,0.7,0.3,34,26,0.5223880597014925,0.5404312668463611,0.40814516788147615,0.23529411764705882,0.5714285714285714,0.3333333333333333,0.2756987834735076
two_way,1.5,2.0,4.0,0.4,True,2,2,0.9,0.3,34,26,0.5223880597014925,0.5404312668463611,0.24203872530444537,0.23529411764705882,0.5714285714285714,0.3333333333333333,0.38895733580888847
two_way,1.5,2.0,4.0,0.4,True,2,2,0.9,0.1,34,26,0.5223880597014925,0.5404312668463611,0.22472318952394854,0.23529411764705882,0.5714285714285714,0.3333333333333333,0.3924963522785701
positive_rescue,1.5,2.0,4.0,0.4,True,3,1,0.7,0.3,27,13,0.5373134328358209,0.6287061994609164,0.5172809420823086,0.28205128205128205,0.7857142857142857,0.41509433962264153,0.2555836616925379
positive_rescue,1.5,2.0,4.0,0.4,True,3,1,0.9,0.3,27,13,0.5373134328358209,0.6287061994609164,0.24548877694038984,0.28205128205128205,0.7857142857142857,0.41509433962264153,0.3474977332711489
positive_rescue,1.5,2.0,4.0,0.4,True,3,1,0.9,0.1,27,13,0.5373134328358209,0.6287061994609164,0.24548877694038984,0.28205128205128205,0.7857142857142857,0.41509433962264153,0.3474977332711489
negative_veto,1.5,2.0,4.0,0.4,True,3,1,0.7,0.3,27,12,0.7611940298507462,0.6388140161725068,0.4565318801925944,0.42857142857142855,0.42857142857142855,0.42857142857142855,0.17166834522930274
negative_veto,1.5,2.0,4.0,0.4,True,3,1,0.9,0.3,27,12,0.7611940298507462,0.6388140161725068,0.4565318801925944,0.42857142857142855,0.42857142857142855,0.42857142857142855,0.17166834522930274
negative_veto,1.5,2.0,4.0,0.4,True,3,1,0.9,0.1,27,12,0.7611940298507462,0.6388140161725068,0.41537643903715327,0.42857142857142855,0.42857142857142855,0.42857142857142855,0.1790495675932575
two_way,1.5,2.0,4.0,0.4,True,3,1,0.7,0.3,27,25,0.5671641791044776,0.5161725067385444,0.4073164784070959,0.2222222222222222,0.42857142857142855,0.2926829268292683,0.2573801628136163
two_way,1.5,2.0,4.0,0.4,True,3,1,0.9,0.3,27,25,0.5671641791044776,0.5161725067385444,0.23747520856582605,0.2222222222222222,0.42857142857142855,0.2926829268292683,0.34929423439222734
two_way,1.5,2.0,4.0,0.4,True,3,1,0.9,0.1,27,25,0.5671641791044776,0.5161725067385444,0.21546142030012996,0.2222222222222222,0.42857142857142855,0.2926829268292683,0.35667545675618206
positive_rescue,1.5,2.0,4.0,0.4,True,3,2,0.7,0.3,27,13,0.5373134328358209,0.6287061994609164,0.5172809420823086,0.28205128205128205,0.7857142857142857,0.41509433962264153,0.2555836616925379
positive_rescue,1.5,2.0,4.0,0.4,True,3,2,0.9,0.3,27,13,0.5373134328358209,0.6287061994609164,0.24548877694038984,0.28205128205128205,0.7857142857142857,0.41509433962264153,0.3474977332711489
positive_rescue,1.5,2.0,4.0,0.4,True,3,2,0.9,0.1,27,13,0.5373134328358209,0.6287061994609164,0.24548877694038984,0.28205128205128205,0.7857142857142857,0.41509433962264153,0.3474977332711489
negative_veto,1.5,2.0,4.0,0.4,True,3,2,0.7,0.3,27,12,0.7611940298507462,0.6388140161725068,0.4565318801925944,0.42857142857142855,0.42857142857142855,0.42857142857142855,0.17166834522930274
negative_veto,1.5,2.0,4.0,0.4,True,3,2,0.9,0.3,27,12,0.7611940298507462,0.6388140161725068,0.4565318801925944,0.42857142857142855,0.42857142857142855,0.42857142857142855,0.17166834522930274
negative_veto,1.5,2.0,4.0,0.4,True,3,2,0.9,0.1,27,12,0.7611940298507462,0.6388140161725068,0.41537643903715327,0.42857142857142855,0.42857142857142855,0.42857142857142855,0.1790495675932575
two_way,1.5,2.0,4.0,0.4,True,3,2,0.7,0.3,27,25,0.5671641791044776,0.5161725067385444,0.4073164784070959,0.2222222222222222,0.42857142857142855,0.2926829268292683,0.2573801628136163
two_way,1.5,2.0,4.0,0.4,True,3,2,0.9,0.3,27,25,0.5671641791044776,0.5161725067385444,0.23747520856582605,0.2222222222222222,0.42857142857142855,0.2926829268292683,0.34929423439222734
two_way,1.5,2.0,4.0,0.4,True,3,2,0.9,0.1,27,25,0.5671641791044776,0.5161725067385444,0.21546142030012996,0.2222222222222222,0.42857142857142855,0.2926829268292683,0.35667545675618206
positive_rescue,3.0,1.5,1.0,0.2,False,2,1,0.7,0.3,55,33,0.3283582089552239,0.5754716981132075,0.48968116730835176,0.23728813559322035,1.0,0.3835616438356164,0.35755521574432214
positive_rescue,3.0,1.5,1.0,0.2,False,2,1,0.9,0.3,55,33,0.3283582089552239,0.5754716981132075,0.1918973408591119,0.23728813559322035,1.0,0.3835616438356164,0.559171977034927
positive_rescue,3.0,1.5,1.0,0.2,False,2,1,0.9,0.1,55,33,0.3283582089552239,0.5754716981132075,0.1918973408591119,0.23728813559322035,1.0,0.3835616438356164,0.559171977034927
negative_veto,3.0,1.5,1.0,0.2,False,2,1,0.7,0.3,55,4,0.6716417910447762,0.6084905660377358,0.4429137780627719,0.3181818181818182,0.5,0.3888888888888889,0.19122363524146635
negative_veto,3.0,1.5,1.0,0.2,False,2,1,0.9,0.3,55,4,0.6716417910447762,0.6084905660377358,0.4429137780627719,0.3181818181818182,0.5,0.3888888888888889,0.19122363524146635
negative_veto,3.0,1.5,1.0,0.2,False,2,1,0.9,0.1,55,4,0.6716417910447762,0.6084905660377358,0.4098740563133727,0.3181818181818182,0.5,0.3888888888888889,0.20563113175078512
two_way,3.0,1.5,1.0,0.2,False,2,1,0.7,0.3,55,37,0.26865671641791045,0.4326145552560647,0.37682918174721447,0.18181818181818182,0.7142857142857143,0.2898550724637681,0.3789070068775641
two_way,3.0,1.5,1.0,0.2,False,2,1,0.9,0.3,55,37,0.26865671641791045,0.4326145552560647,0.19544390036193315,0.18181818181818182,0.7142857142857143,0.2898550724637681,0.5805237681681691
two_way,3.0,1.5,1.0,0.2,False,2,1,0.9,0.1,55,37,0.26865671641791045,0.4326145552560647,0.19140859140859143,0.18181818181818182,0.7142857142857143,0.2898550724637681,0.5949312646774878
positive_rescue,3.0,1.5,1.0,0.2,False,2,2,0.7,0.3,55,33,0.3283582089552239,0.5754716981132075,0.48968116730835176,0.23728813559322035,1.0,0.3835616438356164,0.35755521574432214
positive_rescue,3.0,1.5,1.0,0.2,False,2,2,0.9,0.3,55,33,0.3283582089552239,0.5754716981132075,0.1918973408591119,0.23728813559322035,1.0,0.3835616438356164,0.559171977034927
positive_rescue,3.0,1.5,1.0,0.2,False,2,2,0.9,0.1,55,33,0.3283582089552239,0.5754716981132075,0.1918973408591119,0.23728813559322035,1.0,0.3835616438356164,0.559171977034927
negative_veto,3.0,1.5,1.0,0.2,False,2,2,0.7,0.3,55,4,0.6716417910447762,0.6084905660377358,0.4429137780627719,0.3181818181818182,0.5,0.3888888888888889,0.19122363524146635
negative_veto,3.0,1.5,1.0,0.2,False,2,2,0.9,0.3,55,4,0.6716417910447762,0.6084905660377358,0.4429137780627719,0.3181818181818182,0.5,0.3888888888888889,0.19122363524146635
negative_veto,3.0,1.5,1.0,0.2,False,2,2,0.9,0.1,55,4,0.6716417910447762,0.6084905660377358,0.4098740563133727,0.3181818181818182,0.5,0.3888888888888889,0.20563113175078512
two_way,3.0,1.5,1.0,0.2,False,2,2,0.7,0.3,55,37,0.26865671641791045,0.4326145552560647,0.37682918174721447,0.18181818181818182,0.7142857142857143,0.2898550724637681,0.3789070068775641
two_way,3.0,1.5,1.0,0.2,False,2,2,0.9,0.3,55,37,0.26865671641791045,0.4326145552560647,0.19544390036193315,0.18181818181818182,0.7142857142857143,0.2898550724637681,0.5805237681681691
two_way,3.0,1.5,1.0,0.2,False,2,2,0.9,0.1,55,37,0.26865671641791045,0.4326145552560647,0.19140859140859143,0.18181818181818182,0.7142857142857143,0.2898550724637681,0.5949312646774878
positive_rescue,3.0,1.5,1.0,0.2,False,3,1,0.7,0.3,54,32,0.31343283582089554,0.5397574123989218,0.4833221060656566,0.22413793103448276,0.9285714285714286,0.3611111111111111,0.3655971842321133
positive_rescue,3.0,1.5,1.0,0.2,False,3,1,0.9,0.3,54,32,0.31343283582089554,0.5397574123989218,0.18083292857647926,0.22413793103448276,0.9285714285714286,0.3611111111111111,0.5684079753734645
positive_rescue,3.0,1.5,1.0,0.2,False,3,1,0.9,0.1,54,32,0.31343283582089554,0.5397574123989218,0.18083292857647926,0.22413793103448276,0.9285714285714286,0.3611111111111111,0.5684079753734645
negative_veto,3.0,1.5,1.0,0.2,False,3,1,0.7,0.3,54,4,0.6716417910447762,0.6084905660377358,0.4429137780627719,0.3181818181818182,0.5,0.3888888888888889,0.19122363524146635
negative_veto,3.0,1.5,1.0,0.2,False,3,1,0.9,0.3,54,4,0.6716417910447762,0.6084905660377358,0.4429137780627719,0.3181818181818182,0.5,0.3888888888888889,0.19122363524146635
negative_veto,3.0,1.5,1.0,0.2,False,3,1,0.9,0.1,54,4,0.6716417910447762,0.6084905660377358,0.4110645325038489,0.3181818181818182,0.5,0.3888888888888889,0.2083354319197103
two_way,3.0,1.5,1.0,0.2,False,3,1,0.7,0.3,54,36,0.2537313432835821,0.396900269541779,0.3703869047619047,0.16666666666666666,0.6428571428571429,0.2647058823529412,0.38694897536535533
two_way,3.0,1.5,1.0,0.2,False,3,1,0.9,0.3,54,36,0.2537313432835821,0.396900269541779,0.18467261904761906,0.16666666666666666,0.6428571428571429,0.2647058823529412,0.5897597665067065
two_way,3.0,1.5,1.0,0.2,False,3,1,0.9,0.1,54,36,0.2537313432835821,0.396900269541779,0.18406593406593408,0.16666666666666666,0.6428571428571429,0.2647058823529412,0.6068715631849505
positive_rescue,3.0,1.5,1.0,0.2,False,3,2,0.7,0.3,54,32,0.31343283582089554,0.5397574123989218,0.4833221060656566,0.22413793103448276,0.9285714285714286,0.3611111111111111,0.3655971842321133
positive_rescue,3.0,1.5,1.0,0.2,False,3,2,0.9,0.3,54,32,0.31343283582089554,0.5397574123989218,0.18083292857647926,0.22413793103448276,0.9285714285714286,0.3611111111111111,0.5684079753734645
positive_rescue,3.0,1.5,1.0,0.2,False,3,2,0.9,0.1,54,32,0.31343283582089554,0.5397574123989218,0.18083292857647926,0.22413793103448276,0.9285714285714286,0.3611111111111111,0.5684079753734645
negative_veto,3.0,1.5,1.0,0.2,False,3,2,0.7,0.3,54,4,0.6716417910447762,0.6084905660377358,0.4429137780627719,0.3181818181818182,0.5,0.3888888888888889,0.19122363524146635
negative_veto,3.0,1.5,1.0,0.2,False,3,2,0.9,0.3,54,4,0.6716417910447762,0.6084905660377358,0.4429137780627719,0.3181818181818182,0.5,0.3888888888888889,0.19122363524146635
negative_veto,3.0,1.5,1.0,0.2,False,3,2,0.9,0.1,54,4,0.6716417910447762,0.6084905660377358,0.4110645325038489,0.3181818181818182,0.5,0.3888888888888889,0.2083354319197103
two_way,3.0,1.5,1.0,0.2,False,3,2,0.7,0.3,54,36,0.2537313432835821,0.396900269541779,0.3703869047619047,0.16666666666666666,0.6428571428571429,0.2647058823529412,0.38694897536535533
two_way,3.0,1.5,1.0,0.2,False,3,2,0.9,0.3,54,36,0.2537313432835821,0.396900269541779,0.18467261904761906,0.16666666666666666,0.6428571428571429,0.2647058823529412,0.5897597665067065
two_way,3.0,1.5,1.0,0.2,False,3,2,0.9,0.1,54,36,0.2537313432835821,0.396900269541779,0.18406593406593408,0.16666666666666666,0.6428571428571429,0.2647058823529412,0.6068715631849505
positive_rescue,3.0,1.5,1.0,0.2,True,2,1,0.7,0.3,52,31,0.3283582089552239,0.5491913746630728,0.4870389696282552,0.22807017543859648,0.9285714285714286,0.36619718309859156,0.3543069207566549
positive_rescue,3.0,1.5,1.0,0.2,True,2,1,0.9,0.3,52,31,0.3283582089552239,0.5491913746630728,0.18708213800026469,0.22807017543859648,0.9285714285714286,0.36619718309859156,0.5475654730920358
positive_rescue,3.0,1.5,1.0,0.2,True,2,1,0.9,0.1,52,31,0.3283582089552239,0.5491913746630728,0.18708213800026469,0.22807017543859648,0.9285714285714286,0.36619718309859156,0.5475654730920358
negative_veto,3.0,1.5,1.0,0.2,True,2,1,0.7,0.3,52,5,0.6865671641791045,0.6179245283018868,0.4439960291450229,0.3333333333333333,0.5,0.4,0.19017384866233045
negative_veto,3.0,1.5,1.0,0.2,True,2,1,0.9,0.3,52,5,0.6865671641791045,0.6179245283018868,0.4439960291450229,0.3333333333333333,0.5,0.4,0.19017384866233045
negative_veto,3.0,1.5,1.0,0.2,True,2,1,0.9,0.1,52,5,0.6865671641791045,0.6179245283018868,0.41276122291021666,0.3333333333333333,0.5,0.4,0.20529733718621354
two_way,3.0,1.5,1.0,0.2,True,2,1,0.7,0.3,52,36,0.2835820895522388,0.4157681940700809,0.3737255153039051,0.17307692307692307,0.6428571428571429,0.2727272727272727,0.37460892531076095
two_way,3.0,1.5,1.0,0.2,True,2,1,0.9,0.3,52,36,0.2835820895522388,0.4157681940700809,0.18984273142112124,0.17307692307692307,0.6428571428571429,0.2727272727272727,0.5678674776461421
two_way,3.0,1.5,1.0,0.2,True,2,1,0.9,0.1,52,36,0.2835820895522388,0.4157681940700809,0.18818681318681318,0.17307692307692307,0.6428571428571429,0.2727272727272727,0.5829909661700252
positive_rescue,3.0,1.5,1.0,0.2,True,2,2,0.7,0.3,52,31,0.3283582089552239,0.5491913746630728,0.4870389696282552,0.22807017543859648,0.9285714285714286,0.36619718309859156,0.3543069207566549
positive_rescue,3.0,1.5,1.0,0.2,True,2,2,0.9,0.3,52,31,0.3283582089552239,0.5491913746630728,0.18708213800026469,0.22807017543859648,0.9285714285714286,0.36619718309859156,0.5475654730920358
positive_rescue,3.0,1.5,1.0,0.2,True,2,2,0.9,0.1,52,31,0.3283582089552239,0.5491913746630728,0.18708213800026469,0.22807017543859648,0.9285714285714286,0.36619718309859156,0.5475654730920358
negative_veto,3.0,1.5,1.0,0.2,True,2,2,0.7,0.3,52,5,0.6865671641791045,0.6179245283018868,0.4439960291450229,0.3333333333333333,0.5,0.4,0.19017384866233045
negative_veto,3.0,1.5,1.0,0.2,True,2,2,0.9,0.3,52,5,0.6865671641791045,0.6179245283018868,0.4439960291450229,0.3333333333333333,0.5,0.4,0.19017384866233045
negative_veto,3.0,1.5,1.0,0.2,True,2,2,0.9,0.1,52,5,0.6865671641791045,0.6179245283018868,0.41276122291021666,0.3333333333333333,0.5,0.4,0.20529733718621354
two_way,3.0,1.5,1.0,0.2,True,2,2,0.7,0.3,52,36,0.2835820895522388,0.4157681940700809,0.3737255153039051,0.17307692307692307,0.6428571428571429,0.2727272727272727,0.37460892531076095
two_way,3.0,1.5,1.0,0.2,True,2,2,0.9,0.3,52,36,0.2835820895522388,0.4157681940700809,0.18984273142112124,0.17307692307692307,0.6428571428571429,0.2727272727272727,0.5678674776461421
two_way,3.0,1.5,1.0,0.2,True,2,2,0.9,0.1,52,36,0.2835820895522388,0.4157681940700809,0.18818681318681318,0.17307692307692307,0.6428571428571429,0.2727272727272727,0.5829909661700252
positive_rescue,3.0,1.5,1.0,0.2,True,3,1,0.7,0.3,52,31,0.3283582089552239,0.5491913746630728,0.4870389696282552,0.22807017543859648,0.9285714285714286,0.36619718309859156,0.3543069207566549
positive_rescue,3.0,1.5,1.0,0.2,True,3,1,0.9,0.3,52,31,0.3283582089552239,0.5491913746630728,0.18708213800026469,0.22807017543859648,0.9285714285714286,0.36619718309859156,0.5475654730920358
positive_rescue,3.0,1.5,1.0,0.2,True,3,1,0.9,0.1,52,31,0.3283582089552239,0.5491913746630728,0.18708213800026469,0.22807017543859648,0.9285714285714286,0.36619718309859156,0.5475654730920358
negative_veto,3.0,1.5,1.0,0.2,True,3,1,0.7,0.3,52,5,0.6865671641791045,0.6179245283018868,0.4439960291450229,0.3333333333333333,0.5,0.4,0.19017384866233045
negative_veto,3.0,1.5,1.0,0.2,True,3,1,0.9,0.3,52,5,0.6865671641791045,0.6179245283018868,0.4439960291450229,0.3333333333333333,0.5,0.4,0.19017384866233045
negative_veto,3.0,1.5,1.0,0.2,True,3,1,0.9,0.1,52,5,0.6865671641791045,0.6179245283018868,0.41276122291021666,0.3333333333333333,0.5,0.4,0.20529733718621354
two_way,3.0,1.5,1.0,0.2,True,3,1,0.7,0.3,52,36,0.2835820895522388,0.4157681940700809,0.3737255153039051,0.17307692307692307,0.6428571428571429,0.2727272727272727,0.37460892531076095
two_way,3.0,1.5,1.0,0.2,True,3,1,0.9,0.3,52,36,0.2835820895522388,0.4157681940700809,0.18984273142112124,0.17307692307692307,0.6428571428571429,0.2727272727272727,0.5678674776461421
two_way,3.0,1.5,1.0,0.2,True,3,1,0.9,0.1,52,36,0.2835820895522388,0.4157681940700809,0.18818681318681318,0.17307692307692307,0.6428571428571429,0.2727272727272727,0.5829909661700252
positive_rescue,3.0,1.5,1.0,0.2,True,3,2,0.7,0.3,52,31,0.3283582089552239,0.5491913746630728,0.4870389696282552,0.22807017543859648,0.9285714285714286,0.36619718309859156,0.3543069207566549
positive_rescue,3.0,1.5,1.0,0.2,True,3,2,0.9,0.3,52,31,0.3283582089552239,0.5491913746630728,0.18708213800026469,0.22807017543859648,0.9285714285714286,0.36619718309859156,0.5475654730920358
positive_rescue,3.0,1.5,1.0,0.2,True,3,2,0.9,0.1,52,31,0.3283582089552239,0.5491913746630728,0.18708213800026469,0.22807017543859648,0.9285714285714286,0.36619718309859156,0.5475654730920358
negative_veto,3.0,1.5,1.0,0.2,True,3,2,0.7,0.3,52,5,0.6865671641791045,0.6179245283018868,0.4439960291450229,0.3333333333333333,0.5,0.4,0.19017384866233045
negative_veto,3.0,1.5,1.0,0.2,True,3,2,0.9,0.3,52,5,0.6865671641791045,0.6179245283018868,0.4439960291450229,0.3333333333333333,0.5,0.4,0.19017384866233045
negative_veto,3.0,1.5,1.0,0.2,True,3,2,0.9,0.1,52,5,0.6865671641791045,0.6179245283018868,0.41276122291021666,0.3333333333333333,0.5,0.4,0.20529733718621354
two_way,3.0,1.5,1.0,0.2,True,3,2,0.7,0.3,52,36,0.2835820895522388,0.4157681940700809,0.3737255153039051,0.17307692307692307,0.6428571428571429,0.2727272727272727,0.37460892531076095
two_way,3.0,1.5,1.0,0.2,True,3,2,0.9,0.3,52,36,0.2835820895522388,0.4157681940700809,0.18984273142112124,0.17307692307692307,0.6428571428571429,0.2727272727272727,0.5678674776461421
two_way,3.0,1.5,1.0,0.2,True,3,2,0.9,0.1,52,36,0.2835820895522388,0.4157681940700809,0.18818681318681318,0.17307692307692307,0.6428571428571429,0.2727272727272727,0.5829909661700252
positive_rescue,3.0,1.5,1.0,0.4,False,2,1,0.7,0.3,55,33,0.3283582089552239,0.5754716981132075,0.48968116730835176,0.23728813559322035,1.0,0.3835616438356164,0.35755521574432214
positive_rescue,3.0,1.5,1.0,0.4,False,2,1,0.9,0.3,55,33,0.3283582089552239,0.5754716981132075,0.1918973408591119,0.23728813559322035,1.0,0.3835616438356164,0.559171977034927
positive_rescue,3.0,1.5,1.0,0.4,False,2,1,0.9,0.1,55,33,0.3283582089552239,0.5754716981132075,0.1918973408591119,0.23728813559322035,1.0,0.3835616438356164,0.559171977034927
negative_veto,3.0,1.5,1.0,0.4,False,2,1,0.7,0.3,55,4,0.6716417910447762,0.6084905660377358,0.4429137780627719,0.3181818181818182,0.5,0.3888888888888889,0.19122363524146635
negative_veto,3.0,1.5,1.0,0.4,False,2,1,0.9,0.3,55,4,0.6716417910447762,0.6084905660377358,0.4429137780627719,0.3181818181818182,0.5,0.3888888888888889,0.19122363524146635
negative_veto,3.0,1.5,1.0,0.4,False,2,1,0.9,0.1,55,4,0.6716417910447762,0.6084905660377358,0.4098740563133727,0.3181818181818182,0.5,0.3888888888888889,0.20563113175078512
two_way,3.0,1.5,1.0,0.4,False,2,1,0.7,0.3,55,37,0.26865671641791045,0.4326145552560647,0.37682918174721447,0.18181818181818182,0.7142857142857143,0.2898550724637681,0.3789070068775641
two_way,3.0,1.5,1.0,0.4,False,2,1,0.9,0.3,55,37,0.26865671641791045,0.4326145552560647,0.19544390036193315,0.18181818181818182,0.7142857142857143,0.2898550724637681,0.5805237681681691
two_way,3.0,1.5,1.0,0.4,False,2,1,0.9,0.1,55,37,0.26865671641791045,0.4326145552560647,0.19140859140859143,0.18181818181818182,0.7142857142857143,0.2898550724637681,0.5949312646774878
positive_rescue,3.0,1.5,1.0,0.4,False,2,2,0.7,0.3,55,33,0.3283582089552239,0.5754716981132075,0.48968116730835176,0.23728813559322035,1.0,0.3835616438356164,0.35755521574432214
positive_rescue,3.0,1.5,1.0,0.4,False,2,2,0.9,0.3,55,33,0.3283582089552239,0.5754716981132075,0.1918973408591119,0.23728813559322035,1.0,0.3835616438356164,0.559171977034927
positive_rescue,3.0,1.5,1.0,0.4,False,2,2,0.9,0.1,55,33,0.3283582089552239,0.5754716981132075,0.1918973408591119,0.23728813559322035,1.0,0.3835616438356164,0.559171977034927
negative_veto,3.0,1.5,1.0,0.4,False,2,2,0.7,0.3,55,4,0.6716417910447762,0.6084905660377358,0.4429137780627719,0.3181818181818182,0.5,0.3888888888888889,0.19122363524146635
negative_veto,3.0,1.5,1.0,0.4,False,2,2,0.9,0.3,55,4,0.6716417910447762,0.6084905660377358,0.4429137780627719,0.3181818181818182,0.5,0.3888888888888889,0.19122363524146635
negative_veto,3.0,1.5,1.0,0.4,False,2,2,0.9,0.1,55,4,0.6716417910447762,0.6084905660377358,0.4098740563133727,0.3181818181818182,0.5,0.3888888888888889,0.20563113175078512
two_way,3.0,1.5,1.0,0.4,False,2,2,0.7,0.3,55,37,0.26865671641791045,0.4326145552560647,0.37682918174721447,0.18181818181818182,0.7142857142857143,0.2898550724637681,0.3789070068775641
two_way,3.0,1.5,1.0,0.4,False,2,2,0.9,0.3,55,37,0.26865671641791045,0.4326145552560647,0.19544390036193315,0.18181818181818182,0.7142857142857143,0.2898550724637681,0.5805237681681691
two_way,3.0,1.5,1.0,0.4,False,2,2,0.9,0.1,55,37,0.26865671641791045,0.4326145552560647,0.19140859140859143,0.18181818181818182,0.7142857142857143,0.2898550724637681,0.5949312646774878
positive_rescue,3.0,1.5,1.0,0.4,False,3,1,0.7,0.3,55,33,0.3283582089552239,0.5754716981132075,0.48968116730835176,0.23728813559322035,1.0,0.3835616438356164,0.35755521574432214
positive_rescue,3.0,1.5,1.0,0.4,False,3,1,0.9,0.3,55,33,0.3283582089552239,0.5754716981132075,0.1918973408591119,0.23728813559322035,1.0,0.3835616438356164,0.559171977034927
positive_rescue,3.0,1.5,1.0,0.4,False,3,1,0.9,0.1,55,33,0.3283582089552239,0.5754716981132075,0.1918973408591119,0.23728813559322035,1.0,0.3835616438356164,0.559171977034927
negative_veto,3.0,1.5,1.0,0.4,False,3,1,0.7,0.3,55,4,0.6716417910447762,0.6084905660377358,0.4429137780627719,0.3181818181818182,0.5,0.3888888888888889,0.19122363524146635
negative_veto,3.0,1.5,1.0,0.4,False,3,1,0.9,0.3,55,4,0.6716417910447762,0.6084905660377358,0.4429137780627719,0.3181818181818182,0.5,0.3888888888888889,0.19122363524146635
negative_veto,3.0,1.5,1.0,0.4,False,3,1,0.9,0.1,55,4,0.6716417910447762,0.6084905660377358,0.4098740563133727,0.3181818181818182,0.5,0.3888888888888889,0.20563113175078512
two_way,3.0,1.5,1.0,0.4,False,3,1,0.7,0.3,55,37,0.26865671641791045,0.4326145552560647,0.37682918174721447,0.18181818181818182,0.7142857142857143,0.2898550724637681,0.3789070068775641
two_way,3.0,1.5,1.0,0.4,False,3,1,0.9,0.3,55,37,0.26865671641791045,0.4326145552560647,0.19544390036193315,0.18181818181818182,0.7142857142857143,0.2898550724637681,0.5805237681681691
two_way,3.0,1.5,1.0,0.4,False,3,1,0.9,0.1,55,37,0.26865671641791045,0.4326145552560647,0.19140859140859143,0.18181818181818182,0.7142857142857143,0.2898550724637681,0.5949312646774878
positive_rescue,3.0,1.5,1.0,0.4,False,3,2,0.7,0.3,55,33,0.3283582089552239,0.5754716981132075,0.48968116730835176,0.23728813559322035,1.0,0.3835616438356164,0.35755521574432214
positive_rescue,3.0,1.5,1.0,0.4,False,3,2,0.9,0.3,55,33,0.3283582089552239,0.5754716981132075,0.1918973408591119,0.23728813559322035,1.0,0.3835616438356164,0.559171977034927
positive_rescue,3.0,1.5,1.0,0.4,False,3,2,0.9,0.1,55,33,0.3283582089552239,0.5754716981132075,0.1918973408591119,0.23728813559322035,1.0,0.3835616438356164,0.559171977034927
negative_veto,3.0,1.5,1.0,0.4,False,3,2,0.7,0.3,55,4,0.6716417910447762,0.6084905660377358,0.4429137780627719,0.3181818181818182,0.5,0.3888888888888889,0.19122363524146635
negative_veto,3.0,1.5,1.0,0.4,False,3,2,0.9,0.3,55,4,0.6716417910447762,0.6084905660377358,0.4429137780627719,0.3181818181818182,0.5,0.3888888888888889,0.19122363524146635
negative_veto,3.0,1.5,1.0,0.4,False,3,2,0.9,0.1,55,4,0.6716417910447762,0.6084905660377358,0.4098740563133727,0.3181818181818182,0.5,0.3888888888888889,0.20563113175078512
two_way,3.0,1.5,1.0,0.4,False,3,2,0.7,0.3,55,37,0.26865671641791045,0.4326145552560647,0.37682918174721447,0.18181818181818182,0.7142857142857143,0.2898550724637681,0.3789070068775641
two_way,3.0,1.5,1.0,0.4,False,3,2,0.9,0.3,55,37,0.26865671641791045,0.4326145552560647,0.19544390036193315,0.18181818181818182,0.7142857142857143,0.2898550724637681,0.5805237681681691
two_way,3.0,1.5,1.0,0.4,False,3,2,0.9,0.1,55,37,0.26865671641791045,0.4326145552560647,0.19140859140859143,0.18181818181818182,0.7142857142857143,0.2898550724637681,0.5949312646774878
positive_rescue,3.0,1.5,1.0,0.4,True,2,1,0.7,0.3,53,32,0.34328358208955223,0.5849056603773585,0.49412858444813323,0.2413793103448276,1.0,0.3888888888888889,0.34626495226886367
positive_rescue,3.0,1.5,1.0,0.4,True,2,1,0.9,0.3,53,32,0.34328358208955223,0.5849056603773585,0.1990310619247348,0.2413793103448276,1.0,0.3888888888888889,0.5383294747534983
positive_rescue,3.0,1.5,1.0,0.4,True,2,1,0.9,0.1,53,32,0.34328358208955223,0.5849056603773585,0.1990310619247348,0.2413793103448276,1.0,0.3888888888888889,0.5383294747534983
negative_veto,3.0,1.5,1.0,0.4,True,2,1,0.7,0.3,53,5,0.6865671641791045,0.6179245283018868,0.4439960291450229,0.3333333333333333,0.5,0.4,0.19017384866233045
negative_veto,3.0,1.5,1.0,0.4,True,2,1,0.9,0.3,53,5,0.6865671641791045,0.6179245283018868,0.4439960291450229,0.3333333333333333,0.5,0.4,0.19017384866233045
negative_veto,3.0,1.5,1.0,0.4,True,2,1,0.9,0.1,53,5,0.6865671641791045,0.6179245283018868,0.41223519854698304,0.3333333333333333,0.5,0.4,0.20259303701728837
two_way,3.0,1.5,1.0,0.4,True,2,1,0.7,0.3,53,37,0.29850746268656714,0.4514824797843666,0.3808625336927224,0.18867924528301888,0.7142857142857143,0.29850746268656714,0.36656695682296975
two_way,3.0,1.5,1.0,0.4,True,2,1,0.9,0.3,53,37,0.29850746268656714,0.4514824797843666,0.2014375561545373,0.18867924528301888,0.7142857142857143,0.29850746268656714,0.5586314793076045
two_way,3.0,1.5,1.0,0.4,True,2,1,0.9,0.1,53,37,0.29850746268656714,0.4514824797843666,0.19630935102633218,0.18867924528301888,0.7142857142857143,0.29850746268656714,0.5710506676625625
positive_rescue,3.0,1.5,1.0,0.4,True,2,2,0.7,0.3,53,32,0.34328358208955223,0.5849056603773585,0.49412858444813323,0.2413793103448276,1.0,0.3888888888888889,0.34626495226886367
positive_rescue,3.0,1.5,1.0,0.4,True,2,2,0.9,0.3,53,32,0.34328358208955223,0.5849056603773585,0.1990310619247348,0.2413793103448276,1.0,0.3888888888888889,0.5383294747534983
positive_rescue,3.0,1.5,1.0,0.4,True,2,2,0.9,0.1,53,32,0.34328358208955223,0.5849056603773585,0.1990310619247348,0.2413793103448276,1.0,0.3888888888888889,0.5383294747534983
negative_veto,3.0,1.5,1.0,0.4,True,2,2,0.7,0.3,53,5,0.6865671641791045,0.6179245283018868,0.4439960291450229,0.3333333333333333,0.5,0.4,0.19017384866233045
negative_veto,3.0,1.5,1.0,0.4,True,2,2,0.9,0.3,53,5,0.6865671641791045,0.6179245283018868,0.4439960291450229,0.3333333333333333,0.5,0.4,0.19017384866233045
negative_veto,3.0,1.5,1.0,0.4,True,2,2,0.9,0.1,53,5,0.6865671641791045,0.6179245283018868,0.41223519854698304,0.3333333333333333,0.5,0.4,0.20259303701728837
two_way,3.0,1.5,1.0,0.4,True,2,2,0.7,0.3,53,37,0.29850746268656714,0.4514824797843666,0.3808625336927224,0.18867924528301888,0.7142857142857143,0.29850746268656714,0.36656695682296975
two_way,3.0,1.5,1.0,0.4,True,2,2,0.9,0.3,53,37,0.29850746268656714,0.4514824797843666,0.2014375561545373,0.18867924528301888,0.7142857142857143,0.29850746268656714,0.5586314793076045
two_way,3.0,1.5,1.0,0.4,True,2,2,0.9,0.1,53,37,0.29850746268656714,0.4514824797843666,0.19630935102633218,0.18867924528301888,0.7142857142857143,0.29850746268656714,0.5710506676625625
positive_rescue,3.0,1.5,1.0,0.4,True,3,1,0.7,0.3,52,31,0.3283582089552239,0.5491913746630728,0.4870389696282552,0.22807017543859648,0.9285714285714286,0.36619718309859156,0.3543069207566549
positive_rescue,3.0,1.5,1.0,0.4,True,3,1,0.9,0.3,52,31,0.3283582089552239,0.5491913746630728,0.18708213800026469,0.22807017543859648,0.9285714285714286,0.36619718309859156,0.5475654730920358
positive_rescue,3.0,1.5,1.0,0.4,True,3,1,0.9,0.1,52,31,0.3283582089552239,0.5491913746630728,0.18708213800026469,0.22807017543859648,0.9285714285714286,0.36619718309859156,0.5475654730920358
negative_veto,3.0,1.5,1.0,0.4,True,3,1,0.7,0.3,52,5,0.6865671641791045,0.6179245283018868,0.4439960291450229,0.3333333333333333,0.5,0.4,0.19017384866233045
negative_veto,3.0,1.5,1.0,0.4,True,3,1,0.9,0.3,52,5,0.6865671641791045,0.6179245283018868,0.4439960291450229,0.3333333333333333,0.5,0.4,0.19017384866233045
negative_veto,3.0,1.5,1.0,0.4,True,3,1,0.9,0.1,52,5,0.6865671641791045,0.6179245283018868,0.41276122291021666,0.3333333333333333,0.5,0.4,0.20529733718621354
two_way,3.0,1.5,1.0,0.4,True,3,1,0.7,0.3,52,36,0.2835820895522388,0.4157681940700809,0.3737255153039051,0.17307692307692307,0.6428571428571429,0.2727272727272727,0.37460892531076095
two_way,3.0,1.5,1.0,0.4,True,3,1,0.9,0.3,52,36,0.2835820895522388,0.4157681940700809,0.18984273142112124,0.17307692307692307,0.6428571428571429,0.2727272727272727,0.5678674776461421
two_way,3.0,1.5,1.0,0.4,True,3,1,0.9,0.1,52,36,0.2835820895522388,0.4157681940700809,0.18818681318681318,0.17307692307692307,0.6428571428571429,0.2727272727272727,0.5829909661700252
positive_rescue,3.0,1.5,1.0,0.4,True,3,2,0.7,0.3,52,31,0.3283582089552239,0.5491913746630728,0.4870389696282552,0.22807017543859648,0.9285714285714286,0.36619718309859156,0.3543069207566549
positive_rescue,3.0,1.5,1.0,0.4,True,3,2,0.9,0.3,52,31,0.3283582089552239,0.5491913746630728,0.18708213800026469,0.22807017543859648,0.9285714285714286,0.36619718309859156,0.5475654730920358
positive_rescue,3.0,1.5,1.0,0.4,True,3,2,0.9,0.1,52,31,0.3283582089552239,0.5491913746630728,0.18708213800026469,0.22807017543859648,0.9285714285714286,0.36619718309859156,0.5475654730920358
negative_veto,3.0,1.5,1.0,0.4,True,3,2,0.7,0.3,52,5,0.6865671641791045,0.6179245283018868,0.4439960291450229,0.3333333333333333,0.5,0.4,0.19017384866233045
negative_veto,3.0,1.5,1.0,0.4,True,3,2,0.9,0.3,52,5,0.6865671641791045,0.6179245283018868,0.4439960291450229,0.3333333333333333,0.5,0.4,0.19017384866233045
negative_veto,3.0,1.5,1.0,0.4,True,3,2,0.9,0.1,52,5,0.6865671641791045,0.6179245283018868,0.41276122291021666,0.3333333333333333,0.5,0.4,0.20529733718621354
two_way,3.0,1.5,1.0,0.4,True,3,2,0.7,0.3,52,36,0.2835820895522388,0.4157681940700809,0.3737255153039051,0.17307692307692307,0.6428571428571429,0.2727272727272727,0.37460892531076095
two_way,3.0,1.5,1.0,0.4,True,3,2,0.9,0.3,52,36,0.2835820895522388,0.4157681940700809,0.18984273142112124,0.17307692307692307,0.6428571428571429,0.2727272727272727,0.5678674776461421
two_way,3.0,1.5,1.0,0.4,True,3,2,0.9,0.1,52,36,0.2835820895522388,0.4157681940700809,0.18818681318681318,0.17307692307692307,0.6428571428571429,0.2727272727272727,0.5829909661700252
positive_rescue,3.0,1.5,2.0,0.2,False,2,1,0.7,0.3,54,32,0.31343283582089554,0.5397574123989218,0.4833221060656566,0.22413793103448276,0.9285714285714286,0.3611111111111111,0.3655971842321133
positive_rescue,3.0,1.5,2.0,0.2,False,2,1,0.9,0.3,54,32,0.31343283582089554,0.5397574123989218,0.18083292857647926,0.22413793103448276,0.9285714285714286,0.3611111111111111,0.5684079753734645
positive_rescue,3.0,1.5,2.0,0.2,False,2,1,0.9,0.1,54,32,0.31343283582089554,0.5397574123989218,0.18083292857647926,0.22413793103448276,0.9285714285714286,0.3611111111111111,0.5684079753734645
negative_veto,3.0,1.5,2.0,0.2,False,2,1,0.7,0.3,54,4,0.6716417910447762,0.6084905660377358,0.4429137780627719,0.3181818181818182,0.5,0.3888888888888889,0.19122363524146635
negative_veto,3.0,1.5,2.0,0.2,False,2,1,0.9,0.3,54,4,0.6716417910447762,0.6084905660377358,0.4429137780627719,0.3181818181818182,0.5,0.3888888888888889,0.19122363524146635
negative_veto,3.0,1.5,2.0,0.2,False,2,1,0.9,0.1,54,4,0.6716417910447762,0.6084905660377358,0.4110645325038489,0.3181818181818182,0.5,0.3888888888888889,0.2083354319197103
two_way,3.0,1.5,2.0,0.2,False,2,1,0.7,0.3,54,36,0.2537313432835821,0.396900269541779,0.3703869047619047,0.16666666666666666,0.6428571428571429,0.2647058823529412,0.38694897536535533
two_way,3.0,1.5,2.0,0.2,False,2,1,0.9,0.3,54,36,0.2537313432835821,0.396900269541779,0.18467261904761906,0.16666666666666666,0.6428571428571429,0.2647058823529412,0.5897597665067065
two_way,3.0,1.5,2.0,0.2,False,2,1,0.9,0.1,54,36,0.2537313432835821,0.396900269541779,0.18406593406593408,0.16666666666666666,0.6428571428571429,0.2647058823529412,0.6068715631849505
positive_rescue,3.0,1.5,2.0,0.2,False,2,2,0.7,0.3,54,32,0.31343283582089554,0.5397574123989218,0.4833221060656566,0.22413793103448276,0.9285714285714286,0.3611111111111111,0.3655971842321133
positive_rescue,3.0,1.5,2.0,0.2,False,2,2,0.9,0.3,54,32,0.31343283582089554,0.5397574123989218,0.18083292857647926,0.22413793103448276,0.9285714285714286,0.3611111111111111,0.5684079753734645
positive_rescue,3.0,1.5,2.0,0.2,False,2,2,0.9,0.1,54,32,0.31343283582089554,0.5397574123989218,0.18083292857647926,0.22413793103448276,0.9285714285714286,0.3611111111111111,0.5684079753734645
negative_veto,3.0,1.5,2.0,0.2,False,2,2,0.7,0.3,54,4,0.6716417910447762,0.6084905660377358,0.4429137780627719,0.3181818181818182,0.5,0.3888888888888889,0.19122363524146635
negative_veto,3.0,1.5,2.0,0.2,False,2,2,0.9,0.3,54,4,0.6716417910447762,0.6084905660377358,0.4429137780627719,0.3181818181818182,0.5,0.3888888888888889,0.19122363524146635
negative_veto,3.0,1.5,2.0,0.2,False,2,2,0.9,0.1,54,4,0.6716417910447762,0.6084905660377358,0.4110645325038489,0.3181818181818182,0.5,0.3888888888888889,0.2083354319197103
two_way,3.0,1.5,2.0,0.2,False,2,2,0.7,0.3,54,36,0.2537313432835821,0.396900269541779,0.3703869047619047,0.16666666666666666,0.6428571428571429,0.2647058823529412,0.38694897536535533
two_way,3.0,1.5,2.0,0.2,False,2,2,0.9,0.3,54,36,0.2537313432835821,0.396900269541779,0.18467261904761906,0.16666666666666666,0.6428571428571429,0.2647058823529412,0.5897597665067065
two_way,3.0,1.5,2.0,0.2,False,2,2,0.9,0.1,54,36,0.2537313432835821,0.396900269541779,0.18406593406593408,0.16666666666666666,0.6428571428571429,0.2647058823529412,0.6068715631849505
positive_rescue,3.0,1.5,2.0,0.2,False,3,1,0.7,0.3,52,31,0.3283582089552239,0.5491913746630728,0.4870389696282552,0.22807017543859648,0.9285714285714286,0.36619718309859156,0.3543069207566549
positive_rescue,3.0,1.5,2.0,0.2,False,3,1,0.9,0.3,52,31,0.3283582089552239,0.5491913746630728,0.18708213800026469,0.22807017543859648,0.9285714285714286,0.36619718309859156,0.5475654730920358
positive_rescue,3.0,1.5,2.0,0.2,False,3,1,0.9,0.1,52,31,0.3283582089552239,0.5491913746630728,0.18708213800026469,0.22807017543859648,0.9285714285714286,0.36619718309859156,0.5475654730920358
negative_veto,3.0,1.5,2.0,0.2,False,3,1,0.7,0.3,52,5,0.6865671641791045,0.6179245283018868,0.4439960291450229,0.3333333333333333,0.5,0.4,0.19017384866233045
negative_veto,3.0,1.5,2.0,0.2,False,3,1,0.9,0.3,52,5,0.6865671641791045,0.6179245283018868,0.4439960291450229,0.3333333333333333,0.5,0.4,0.19017384866233045
negative_veto,3.0,1.5,2.0,0.2,False,3,1,0.9,0.1,52,5,0.6865671641791045,0.6179245283018868,0.41276122291021666,0.3333333333333333,0.5,0.4,0.20529733718621354
two_way,3.0,1.5,2.0,0.2,False,3,1,0.7,0.3,52,36,0.2835820895522388,0.4157681940700809,0.3737255153039051,0.17307692307692307,0.6428571428571429,0.2727272727272727,0.37460892531076095
two_way,3.0,1.5,2.0,0.2,False,3,1,0.9,0.3,52,36,0.2835820895522388,0.4157681940700809,0.18984273142112124,0.17307692307692307,0.6428571428571429,0.2727272727272727,0.5678674776461421
two_way,3.0,1.5,2.0,0.2,False,3,1,0.9,0.1,52,36,0.2835820895522388,0.4157681940700809,0.18818681318681318,0.17307692307692307,0.6428571428571429,0.2727272727272727,0.5829909661700252
positive_rescue,3.0,1.5,2.0,0.2,False,3,2,0.7,0.3,52,31,0.3283582089552239,0.5491913746630728,0.4870389696282552,0.22807017543859648,0.9285714285714286,0.36619718309859156,0.3543069207566549
positive_rescue,3.0,1.5,2.0,0.2,False,3,2,0.9,0.3,52,31,0.3283582089552239,0.5491913746630728,0.18708213800026469,0.22807017543859648,0.9285714285714286,0.36619718309859156,0.5475654730920358
positive_rescue,3.0,1.5,2.0,0.2,False,3,2,0.9,0.1,52,31,0.3283582089552239,0.5491913746630728,0.18708213800026469,0.22807017543859648,0.9285714285714286,0.36619718309859156,0.5475654730920358
negative_veto,3.0,1.5,2.0,0.2,False,3,2,0.7,0.3,52,5,0.6865671641791045,0.6179245283018868,0.4439960291450229,0.3333333333333333,0.5,0.4,0.19017384866233045
negative_veto,3.0,1.5,2.0,0.2,False,3,2,0.9,0.3,52,5,0.6865671641791045,0.6179245283018868,0.4439960291450229,0.3333333333333333,0.5,0.4,0.19017384866233045
negative_veto,3.0,1.5,2.0,0.2,False,3,2,0.9,0.1,52,5,0.6865671641791045,0.6179245283018868,0.41276122291021666,0.3333333333333333,0.5,0.4,0.20529733718621354
two_way,3.0,1.5,2.0,0.2,False,3,2,0.7,0.3,52,36,0.2835820895522388,0.4157681940700809,0.3737255153039051,0.17307692307692307,0.6428571428571429,0.2727272727272727,0.37460892531076095
two_way,3.0,1.5,2.0,0.2,False,3,2,0.9,0.3,52,36,0.2835820895522388,0.4157681940700809,0.18984273142112124,0.17307692307692307,0.6428571428571429,0.2727272727272727,0.5678674776461421
two_way,3.0,1.5,2.0,0.2,False,3,2,0.9,0.1,52,36,0.2835820895522388,0.4157681940700809,0.18818681318681318,0.17307692307692307,0.6428571428571429,0.2727272727272727,0.5829909661700252
positive_rescue,3.0,1.5,2.0,0.2,True,2,1,0.7,0.3,50,29,0.3582089552238806,0.5680592991913747,0.49154335538128247,0.23636363636363636,0.9285714285714286,0.37681159420289856,0.3401384840648223
positive_rescue,3.0,1.5,2.0,0.2,True,2,1,0.9,0.3,50,29,0.3582089552238806,0.5680592991913747,0.19432708425744838,0.23636363636363636,0.9285714285714286,0.37681159420289856,0.5238447975942331
positive_rescue,3.0,1.5,2.0,0.2,True,2,1,0.9,0.1,50,29,0.3582089552238806,0.5680592991913747,0.19432708425744838,0.23636363636363636,0.9285714285714286,0.37681159420289856,0.5238447975942331
negative_veto,3.0,1.5,2.0,0.2,True,2,1,0.7,0.3,50,5,0.6865671641791045,0.6179245283018868,0.4439960291450229,0.3333333333333333,0.5,0.4,0.19017384866233045
negative_veto,3.0,1.5,2.0,0.2,True,2,1,0.9,0.3,50,5,0.6865671641791045,0.6179245283018868,0.4439960291450229,0.3333333333333333,0.5,0.4,0.19017384866233045
negative_veto,3.0,1.5,2.0,0.2,True,2,1,0.9,0.1,50,5,0.6865671641791045,0.6179245283018868,0.41276122291021666,0.3333333333333333,0.5,0.4,0.20513741566909097
two_way,3.0,1.5,2.0,0.2,True,2,1,0.7,0.3,50,34,0.31343283582089554,0.4346361185983828,0.3789109871452825,0.18,0.6428571428571429,0.28125,0.3604404886189284
two_way,3.0,1.5,2.0,0.2,True,2,1,0.9,0.3,50,34,0.31343283582089554,0.4346361185983828,0.19700622524052064,0.18,0.6428571428571429,0.28125,0.5441468021483392
two_way,3.0,1.5,2.0,0.2,True,2,1,0.9,0.1,50,34,0.31343283582089554,0.4346361185983828,0.19263736263736264,0.18,0.6428571428571429,0.28125,0.5591103691550997
positive_rescue,3.0,1.5,2.0,0.2,True,2,2,0.7,0.3,49,28,0.373134328358209,0.5774932614555256,0.4936601753393899,0.24074074074074073,0.9285714285714286,0.38235294117647056,0.33360575618927124
positive_rescue,3.0,1.5,2.0,0.2,True,2,2,0.9,0.3,49,28,0.373134328358209,0.5774932614555256,0.1979004428749756,0.24074074074074073,0.9285714285714286,0.38235294117647056,0.512535950315697
positive_rescue,3.0,1.5,2.0,0.2,True,2,2,0.9,0.1,49,28,0.373134328358209,0.5774932614555256,0.1979004428749756,0.24074074074074073,0.9285714285714286,0.38235294117647056,0.512535950315697
negative_veto,3.0,1.5,2.0,0.2,True,2,2,0.7,0.3,49,5,0.6865671641791045,0.6179245283018868,0.4439960291450229,0.3333333333333333,0.5,0.4,0.19017384866233045
negative_veto,3.0,1.5,2.0,0.2,True,2,2,0.9,0.3,49,5,0.6865671641791045,0.6179245283018868,0.4439960291450229,0.3333333333333333,0.5,0.4,0.19017384866233045
negative_veto,3.0,1.5,2.0,0.2,True,2,2,0.9,0.1,49,5,0.6865671641791045,0.6179245283018868,0.41276122291021666,0.3333333333333333,0.5,0.4,0.20450596444016433
two_way,3.0,1.5,2.0,0.2,True,2,2,0.7,0.3,49,33,0.3283582089552239,0.44407008086253374,0.38138656384212666,0.1836734693877551,0.6428571428571429,0.2857142857142857,0.3539077607433774
two_way,3.0,1.5,2.0,0.2,True,2,2,0.9,0.3,49,33,0.3283582089552239,0.44407008086253374,0.20053136461958057,0.1836734693877551,0.6428571428571429,0.2857142857142857,0.5328379548698031
two_way,3.0,1.5,2.0,0.2,True,2,2,0.9,0.1,49,33,0.3283582089552239,0.44407008086253374,0.19499887867234805,0.1836734693877551,0.6428571428571429,0.2857142857142857,0.5471700706476371
positive_rescue,3.0,1.5,2.0,0.2,True,3,1,0.7,0.3,43,26,0.40298507462686567,0.5963611859838275,0.507132187143207,0.25,0.9285714285714286,0.3939393939393939,0.30919224800856576
positive_rescue,3.0,1.5,2.0,0.2,True,3,1,0.9,0.3,43,26,0.40298507462686567,0.5963611859838275,0.2215795799128589,0.25,0.9285714285714286,0.3939393939393939,0.45946572571708094
positive_rescue,3.0,1.5,2.0,0.2,True,3,1,0.9,0.1,43,26,0.40298507462686567,0.5963611859838275,0.2215795799128589,0.25,0.9285714285714286,0.3939393939393939,0.45946572571708094
negative_veto,3.0,1.5,2.0,0.2,True,3,1,0.7,0.3,43,9,0.746268656716418,0.6556603773584906,0.4583293940699402,0.4117647058823529,0.5,0.45161290322580644,0.1783517691920756
negative_veto,3.0,1.5,2.0,0.2,True,3,1,0.9,0.3,43,9,0.746268656716418,0.6556603773584906,0.4583293940699402,0.4117647058823529,0.5,0.45161290322580644,0.1783517691920756
negative_veto,3.0,1.5,2.0,0.2,True,3,1,0.9,0.1,43,9,0.746268656716418,0.6556603773584906,0.4300249907655369,0.4117647058823529,0.5,0.45161290322580644,0.1859343979940042
two_way,3.0,1.5,2.0,0.2,True,3,1,0.7,0.3,43,35,0.417910447761194,0.5006738544474394,0.39299626493925066,0.20930232558139536,0.6428571428571429,0.3157894736842105,0.317672173092417
two_way,3.0,1.5,2.0,0.2,True,3,1,0.9,0.3,43,35,0.417910447761194,0.5006738544474394,0.2194635960577446,0.20930232558139536,0.6428571428571429,0.3157894736842105,0.46794565080093226
two_way,3.0,1.5,2.0,0.2,True,3,1,0.9,0.1,43,35,0.417910447761194,0.5006738544474394,0.21147457193968822,0.20930232558139536,0.6428571428571429,0.3157894736842105,0.4755282796028608
positive_rescue,3.0,1.5,2.0,0.2,True,3,2,0.7,0.3,43,26,0.40298507462686567,0.5963611859838275,0.507132187143207,0.25,0.9285714285714286,0.3939393939393939,0.30919224800856576
positive_rescue,3.0,1.5,2.0,0.2,True,3,2,0.9,0.3,43,26,0.40298507462686567,0.5963611859838275,0.2215795799128589,0.25,0.9285714285714286,0.3939393939393939,0.45946572571708094
positive_rescue,3.0,1.5,2.0,0.2,True,3,2,0.9,0.1,43,26,0.40298507462686567,0.5963611859838275,0.2215795799128589,0.25,0.9285714285714286,0.3939393939393939,0.45946572571708094
negative_veto,3.0,1.5,2.0,0.2,True,3,2,0.7,0.3,43,9,0.746268656716418,0.6556603773584906,0.4583293940699402,0.4117647058823529,0.5,0.45161290322580644,0.1783517691920756
negative_veto,3.0,1.5,2.0,0.2,True,3,2,0.9,0.3,43,9,0.746268656716418,0.6556603773584906,0.4583293940699402,0.4117647058823529,0.5,0.45161290322580644,0.1783517691920756
negative_veto,3.0,1.5,2.0,0.2,True,3,2,0.9,0.1,43,9,0.746268656716418,0.6556603773584906,0.4300249907655369,0.4117647058823529,0.5,0.45161290322580644,0.1859343979940042
two_way,3.0,1.5,2.0,0.2,True,3,2,0.7,0.3,43,35,0.417910447761194,0.5006738544474394,0.39299626493925066,0.20930232558139536,0.6428571428571429,0.3157894736842105,0.317672173092417
two_way,3.0,1.5,2.0,0.2,True,3,2,0.9,0.3,43,35,0.417910447761194,0.5006738544474394,0.2194635960577446,0.20930232558139536,0.6428571428571429,0.3157894736842105,0.46794565080093226
two_way,3.0,1.5,2.0,0.2,True,3,2,0.9,0.1,43,35,0.417910447761194,0.5006738544474394,0.21147457193968822,0.20930232558139536,0.6428571428571429,0.3157894736842105,0.4755282796028608
positive_rescue,3.0,1.5,2.0,0.4,False,2,1,0.7,0.3,55,33,0.3283582089552239,0.5754716981132075,0.48968116730835176,0.23728813559322035,1.0,0.3835616438356164,0.35755521574432214
positive_rescue,3.0,1.5,2.0,0.4,False,2,1,0.9,0.3,55,33,0.3283582089552239,0.5754716981132075,0.1918973408591119,0.23728813559322035,1.0,0.3835616438356164,0.559171977034927
positive_rescue,3.0,1.5,2.0,0.4,False,2,1,0.9,0.1,55,33,0.3283582089552239,0.5754716981132075,0.1918973408591119,0.23728813559322035,1.0,0.3835616438356164,0.559171977034927
negative_veto,3.0,1.5,2.0,0.4,False,2,1,0.7,0.3,55,4,0.6716417910447762,0.6084905660377358,0.4429137780627719,0.3181818181818182,0.5,0.3888888888888889,0.19122363524146635
negative_veto,3.0,1.5,2.0,0.4,False,2,1,0.9,0.3,55,4,0.6716417910447762,0.6084905660377358,0.4429137780627719,0.3181818181818182,0.5,0.3888888888888889,0.19122363524146635
negative_veto,3.0,1.5,2.0,0.4,False,2,1,0.9,0.1,55,4,0.6716417910447762,0.6084905660377358,0.4098740563133727,0.3181818181818182,0.5,0.3888888888888889,0.20563113175078512
two_way,3.0,1.5,2.0,0.4,False,2,1,0.7,0.3,55,37,0.26865671641791045,0.4326145552560647,0.37682918174721447,0.18181818181818182,0.7142857142857143,0.2898550724637681,0.3789070068775641
two_way,3.0,1.5,2.0,0.4,False,2,1,0.9,0.3,55,37,0.26865671641791045,0.4326145552560647,0.19544390036193315,0.18181818181818182,0.7142857142857143,0.2898550724637681,0.5805237681681691
two_way,3.0,1.5,2.0,0.4,False,2,1,0.9,0.1,55,37,0.26865671641791045,0.4326145552560647,0.19140859140859143,0.18181818181818182,0.7142857142857143,0.2898550724637681,0.5949312646774878
positive_rescue,3.0,1.5,2.0,0.4,False,2,2,0.7,0.3,55,33,0.3283582089552239,0.5754716981132075,0.48968116730835176,0.23728813559322035,1.0,0.3835616438356164,0.35755521574432214
positive_rescue,3.0,1.5,2.0,0.4,False,2,2,0.9,0.3,55,33,0.3283582089552239,0.5754716981132075,0.1918973408591119,0.23728813559322035,1.0,0.3835616438356164,0.559171977034927
positive_rescue,3.0,1.5,2.0,0.4,False,2,2,0.9,0.1,55,33,0.3283582089552239,0.5754716981132075,0.1918973408591119,0.23728813559322035,1.0,0.3835616438356164,0.559171977034927
negative_veto,3.0,1.5,2.0,0.4,False,2,2,0.7,0.3,55,4,0.6716417910447762,0.6084905660377358,0.4429137780627719,0.3181818181818182,0.5,0.3888888888888889,0.19122363524146635
negative_veto,3.0,1.5,2.0,0.4,False,2,2,0.9,0.3,55,4,0.6716417910447762,0.6084905660377358,0.4429137780627719,0.3181818181818182,0.5,0.3888888888888889,0.19122363524146635
negative_veto,3.0,1.5,2.0,0.4,False,2,2,0.9,0.1,55,4,0.6716417910447762,0.6084905660377358,0.4098740563133727,0.3181818181818182,0.5,0.3888888888888889,0.20563113175078512
two_way,3.0,1.5,2.0,0.4,False,2,2,0.7,0.3,55,37,0.26865671641791045,0.4326145552560647,0.37682918174721447,0.18181818181818182,0.7142857142857143,0.2898550724637681,0.3789070068775641
two_way,3.0,1.5,2.0,0.4,False,2,2,0.9,0.3,55,37,0.26865671641791045,0.4326145552560647,0.19544390036193315,0.18181818181818182,0.7142857142857143,0.2898550724637681,0.5805237681681691
two_way,3.0,1.5,2.0,0.4,False,2,2,0.9,0.1,55,37,0.26865671641791045,0.4326145552560647,0.19140859140859143,0.18181818181818182,0.7142857142857143,0.2898550724637681,0.5949312646774878
positive_rescue,3.0,1.5,2.0,0.4,False,3,1,0.7,0.3,52,31,0.3283582089552239,0.5491913746630728,0.4870389696282552,0.22807017543859648,0.9285714285714286,0.36619718309859156,0.3543069207566549
positive_rescue,3.0,1.5,2.0,0.4,False,3,1,0.9,0.3,52,31,0.3283582089552239,0.5491913746630728,0.18708213800026469,0.22807017543859648,0.9285714285714286,0.36619718309859156,0.5475654730920358
positive_rescue,3.0,1.5,2.0,0.4,False,3,1,0.9,0.1,52,31,0.3283582089552239,0.5491913746630728,0.18708213800026469,0.22807017543859648,0.9285714285714286,0.36619718309859156,0.5475654730920358
negative_veto,3.0,1.5,2.0,0.4,False,3,1,0.7,0.3,52,5,0.6865671641791045,0.6179245283018868,0.4439960291450229,0.3333333333333333,0.5,0.4,0.19017384866233045
negative_veto,3.0,1.5,2.0,0.4,False,3,1,0.9,0.3,52,5,0.6865671641791045,0.6179245283018868,0.4439960291450229,0.3333333333333333,0.5,0.4,0.19017384866233045
negative_veto,3.0,1.5,2.0,0.4,False,3,1,0.9,0.1,52,5,0.6865671641791045,0.6179245283018868,0.41276122291021666,0.3333333333333333,0.5,0.4,0.20529733718621354
two_way,3.0,1.5,2.0,0.4,False,3,1,0.7,0.3,52,36,0.2835820895522388,0.4157681940700809,0.3737255153039051,0.17307692307692307,0.6428571428571429,0.2727272727272727,0.37460892531076095
two_way,3.0,1.5,2.0,0.4,False,3,1,0.9,0.3,52,36,0.2835820895522388,0.4157681940700809,0.18984273142112124,0.17307692307692307,0.6428571428571429,0.2727272727272727,0.5678674776461421
two_way,3.0,1.5,2.0,0.4,False,3,1,0.9,0.1,52,36,0.2835820895522388,0.4157681940700809,0.18818681318681318,0.17307692307692307,0.6428571428571429,0.2727272727272727,0.5829909661700252
positive_rescue,3.0,1.5,2.0,0.4,False,3,2,0.7,0.3,52,31,0.3283582089552239,0.5491913746630728,0.4870389696282552,0.22807017543859648,0.9285714285714286,0.36619718309859156,0.3543069207566549
positive_rescue,3.0,1.5,2.0,0.4,False,3,2,0.9,0.3,52,31,0.3283582089552239,0.5491913746630728,0.18708213800026469,0.22807017543859648,0.9285714285714286,0.36619718309859156,0.5475654730920358
positive_rescue,3.0,1.5,2.0,0.4,False,3,2,0.9,0.1,52,31,0.3283582089552239,0.5491913746630728,0.18708213800026469,0.22807017543859648,0.9285714285714286,0.36619718309859156,0.5475654730920358
negative_veto,3.0,1.5,2.0,0.4,False,3,2,0.7,0.3,52,5,0.6865671641791045,0.6179245283018868,0.4439960291450229,0.3333333333333333,0.5,0.4,0.19017384866233045
negative_veto,3.0,1.5,2.0,0.4,False,3,2,0.9,0.3,52,5,0.6865671641791045,0.6179245283018868,0.4439960291450229,0.3333333333333333,0.5,0.4,0.19017384866233045
negative_veto,3.0,1.5,2.0,0.4,False,3,2,0.9,0.1,52,5,0.6865671641791045,0.6179245283018868,0.41276122291021666,0.3333333333333333,0.5,0.4,0.20529733718621354
two_way,3.0,1.5,2.0,0.4,False,3,2,0.7,0.3,52,36,0.2835820895522388,0.4157681940700809,0.3737255153039051,0.17307692307692307,0.6428571428571429,0.2727272727272727,0.37460892531076095
two_way,3.0,1.5,2.0,0.4,False,3,2,0.9,0.3,52,36,0.2835820895522388,0.4157681940700809,0.18984273142112124,0.17307692307692307,0.6428571428571429,0.2727272727272727,0.5678674776461421
two_way,3.0,1.5,2.0,0.4,False,3,2,0.9,0.1,52,36,0.2835820895522388,0.4157681940700809,0.18818681318681318,0.17307692307692307,0.6428571428571429,0.2727272727272727,0.5829909661700252
positive_rescue,3.0,1.5,2.0,0.4,True,2,1,0.7,0.3,51,30,0.373134328358209,0.6037735849056604,0.498909224448308,0.25,1.0,0.4,0.33209651557703107
positive_rescue,3.0,1.5,2.0,0.4,True,2,1,0.9,0.3,51,30,0.373134328358209,0.6037735849056604,0.20671600463498355,0.25,1.0,0.4,0.5146087992556957
positive_rescue,3.0,1.5,2.0,0.4,True,2,1,0.9,0.1,51,30,0.373134328358209,0.6037735849056604,0.20671600463498355,0.25,1.0,0.4,0.5146087992556957
negative_veto,3.0,1.5,2.0,0.4,True,2,1,0.7,0.3,51,5,0.6865671641791045,0.6179245283018868,0.4439960291450229,0.3333333333333333,0.5,0.4,0.19017384866233045
negative_veto,3.0,1.5,2.0,0.4,True,2,1,0.9,0.3,51,5,0.6865671641791045,0.6179245283018868,0.4439960291450229,0.3333333333333333,0.5,0.4,0.19017384866233045
negative_veto,3.0,1.5,2.0,0.4,True,2,1,0.9,0.1,51,5,0.6865671641791045,0.6179245283018868,0.412235198546983,0.3333333333333333,0.5,0.4,0.20243311550016577
two_way,3.0,1.5,2.0,0.4,True,2,1,0.7,0.3,51,35,0.3283582089552239,0.4703504043126685,0.3863324640200908,0.19607843137254902,0.7142857142857143,0.3076923076923077,0.3523985201311372
two_way,3.0,1.5,2.0,0.4,True,2,1,0.9,0.3,51,35,0.3283582089552239,0.4703504043126685,0.2090215396503429,0.19607843137254902,0.7142857142857143,0.3076923076923077,0.5349108038098017
two_way,3.0,1.5,2.0,0.4,True,2,1,0.9,0.1,51,35,0.3283582089552239,0.4703504043126685,0.20159448394742513,0.19607843137254902,0.7142857142857143,0.3076923076923077,0.5471700706476371
positive_rescue,3.0,1.5,2.0,0.4,True,2,2,0.7,0.3,51,30,0.373134328358209,0.6037735849056604,0.498909224448308,0.25,1.0,0.4,0.33209651557703107
positive_rescue,3.0,1.5,2.0,0.4,True,2,2,0.9,0.3,51,30,0.373134328358209,0.6037735849056604,0.20671600463498355,0.25,1.0,0.4,0.5146087992556957
positive_rescue,3.0,1.5,2.0,0.4,True,2,2,0.9,0.1,51,30,0.373134328358209,0.6037735849056604,0.20671600463498355,0.25,1.0,0.4,0.5146087992556957
negative_veto,3.0,1.5,2.0,0.4,True,2,2,0.7,0.3,51,5,0.6865671641791045,0.6179245283018868,0.4439960291450229,0.3333333333333333,0.5,0.4,0.19017384866233045
negative_veto,3.0,1.5,2.0,0.4,True,2,2,0.9,0.3,51,5,0.6865671641791045,0.6179245283018868,0.4439960291450229,0.3333333333333333,0.5,0.4,0.19017384866233045
negative_veto,3.0,1.5,2.0,0.4,True,2,2,0.9,0.1,51,5,0.6865671641791045,0.6179245283018868,0.412235198546983,0.3333333333333333,0.5,0.4,0.20243311550016577
two_way,3.0,1.5,2.0,0.4,True,2,2,0.7,0.3,51,35,0.3283582089552239,0.4703504043126685,0.3863324640200908,0.19607843137254902,0.7142857142857143,0.3076923076923077,0.3523985201311372
two_way,3.0,1.5,2.0,0.4,True,2,2,0.9,0.3,51,35,0.3283582089552239,0.4703504043126685,0.2090215396503429,0.19607843137254902,0.7142857142857143,0.3076923076923077,0.5349108038098017
two_way,3.0,1.5,2.0,0.4,True,2,2,0.9,0.1,51,35,0.3283582089552239,0.4703504043126685,0.20159448394742513,0.19607843137254902,0.7142857142857143,0.3076923076923077,0.5471700706476371
positive_rescue,3.0,1.5,2.0,0.4,True,3,1,0.7,0.3,45,27,0.3880597014925373,0.5869272237196765,0.5022766828076459,0.24528301886792453,0.9285714285714286,0.3880597014925373,0.318694578958621
positive_rescue,3.0,1.5,2.0,0.4,True,3,1,0.9,0.3,45,27,0.3880597014925373,0.5869272237196765,0.21301016213832374,0.24528301886792453,0.9285714285714286,0.3880597014925373,0.4785202954731063
positive_rescue,3.0,1.5,2.0,0.4,True,3,1,0.9,0.1,45,27,0.3880597014925373,0.5869272237196765,0.21301016213832374,0.24528301886792453,0.9285714285714286,0.3880597014925373,0.4785202954731063
negative_veto,3.0,1.5,2.0,0.4,True,3,1,0.7,0.3,45,8,0.7313432835820896,0.6462264150943396,0.453419096617626,0.3888888888888889,0.5,0.4375,0.18135231537130267
negative_veto,3.0,1.5,2.0,0.4,True,3,1,0.9,0.3,45,8,0.7313432835820896,0.6462264150943396,0.453419096617626,0.3888888888888889,0.5,0.4375,0.18135231537130267
negative_veto,3.0,1.5,2.0,0.4,True,3,1,0.9,0.1,45,8,0.7313432835820896,0.6462264150943396,0.4243006924992219,0.3888888888888889,0.5,0.4375,0.19076042525290415
two_way,3.0,1.5,2.0,0.4,True,3,1,0.7,0.3,45,35,0.3880597014925373,0.4818059299191375,0.38842340455243674,0.2,0.6428571428571429,0.3050847457627119,0.33017505022169935
two_way,3.0,1.5,2.0,0.4,True,3,1,0.9,0.3,45,35,0.3880597014925373,0.4818059299191375,0.21223292836196062,0.2,0.6428571428571429,0.3050847457627119,0.49000076673618476
two_way,3.0,1.5,2.0,0.4,True,3,1,0.9,0.1,45,35,0.3880597014925373,0.4818059299191375,0.20549450549450549,0.2,0.6428571428571429,0.3050847457627119,0.49940887661778627
positive_rescue,3.0,1.5,2.0,0.4,True,3,2,0.7,0.3,45,27,0.3880597014925373,0.5869272237196765,0.5022766828076459,0.24528301886792453,0.9285714285714286,0.3880597014925373,0.318694578958621
positive_rescue,3.0,1.5,2.0,0.4,True,3,2,0.9,0.3,45,27,0.3880597014925373,0.5869272237196765,0.21301016213832374,0.24528301886792453,0.9285714285714286,0.3880597014925373,0.4785202954731063
positive_rescue,3.0,1.5,2.0,0.4,True,3,2,0.9,0.1,45,27,0.3880597014925373,0.5869272237196765,0.21301016213832374,0.24528301886792453,0.9285714285714286,0.3880597014925373,0.4785202954731063
negative_veto,3.0,1.5,2.0,0.4,True,3,2,0.7,0.3,45,8,0.7313432835820896,0.6462264150943396,0.453419096617626,0.3888888888888889,0.5,0.4375,0.18135231537130267
negative_veto,3.0,1.5,2.0,0.4,True,3,2,0.9,0.3,45,8,0.7313432835820896,0.6462264150943396,0.453419096617626,0.3888888888888889,0.5,0.4375,0.18135231537130267
negative_veto,3.0,1.5,2.0,0.4,True,3,2,0.9,0.1,45,8,0.7313432835820896,0.6462264150943396,0.4243006924992219,0.3888888888888889,0.5,0.4375,0.19076042525290415
two_way,3.0,1.5,2.0,0.4,True,3,2,0.7,0.3,45,35,0.3880597014925373,0.4818059299191375,0.38842340455243674,0.2,0.6428571428571429,0.3050847457627119,0.33017505022169935
two_way,3.0,1.5,2.0,0.4,True,3,2,0.9,0.3,45,35,0.3880597014925373,0.4818059299191375,0.21223292836196062,0.2,0.6428571428571429,0.3050847457627119,0.49000076673618476
two_way,3.0,1.5,2.0,0.4,True,3,2,0.9,0.1,45,35,0.3880597014925373,0.4818059299191375,0.20549450549450549,0.2,0.6428571428571429,0.3050847457627119,0.49940887661778627
positive_rescue,3.0,1.5,3.0,0.2,False,2,1,0.7,0.3,45,26,0.373134328358209,0.5512129380053908,0.49140587477780406,0.23076923076923078,0.8571428571428571,0.36363636363636365,0.3312752479143793
positive_rescue,3.0,1.5,3.0,0.2,False,2,1,0.9,0.3,45,26,0.373134328358209,0.5512129380053908,0.19487902783797978,0.23076923076923078,0.8571428571428571,0.36363636363636365,0.49707111368259604
positive_rescue,3.0,1.5,3.0,0.2,False,2,1,0.9,0.1,45,26,0.373134328358209,0.5512129380053908,0.19487902783797978,0.23076923076923078,0.8571428571428571,0.36363636363636365,0.49707111368259604
negative_veto,3.0,1.5,3.0,0.2,False,2,1,0.7,0.3,45,7,0.7164179104477612,0.6367924528301887,0.44906845285134755,0.3684210526315789,0.5,0.42424242424242425,0.18526309107552455
negative_veto,3.0,1.5,3.0,0.2,False,2,1,0.9,0.3,45,7,0.7164179104477612,0.6367924528301887,0.44906845285134755,0.3684210526315789,0.5,0.42424242424242425,0.18526309107552455
negative_veto,3.0,1.5,3.0,0.2,False,2,1,0.9,0.1,45,7,0.7164179104477612,0.6367924528301887,0.4191941908342284,0.3684210526315789,0.5,0.42424242424242425,0.19664178887845804
two_way,3.0,1.5,3.0,0.2,False,2,1,0.7,0.3,45,33,0.3582089552238806,0.43665768194070076,0.37822614543926014,0.17777777777777778,0.5714285714285714,0.2711864406779661,0.34666649488167955
two_way,3.0,1.5,3.0,0.2,False,2,1,0.9,0.3,45,33,0.3582089552238806,0.43665768194070076,0.19568646289957767,0.17777777777777778,0.5714285714285714,0.2711864406779661,0.5124623606498964
two_way,3.0,1.5,3.0,0.2,False,2,1,0.9,0.1,45,33,0.3582089552238806,0.43665768194070076,0.19066806209663353,0.17777777777777778,0.5714285714285714,0.2711864406779661,0.5238410584528298
positive_rescue,3.0,1.5,3.0,0.2,False,2,2,0.7,0.3,44,25,0.3880597014925373,0.5606469002695418,0.49342553430013025,0.23529411764705882,0.8571428571428571,0.36923076923076925,0.3258697705784459
positive_rescue,3.0,1.5,3.0,0.2,False,2,2,0.9,0.3,44,25,0.3880597014925373,0.5606469002695418,0.19852690291081568,0.23529411764705882,0.8571428571428571,0.36923076923076925,0.4868895169436775
positive_rescue,3.0,1.5,3.0,0.2,False,2,2,0.9,0.1,44,25,0.3880597014925373,0.5606469002695418,0.19852690291081568,0.23529411764705882,0.8571428571428571,0.36923076923076925,0.4868895169436775
negative_veto,3.0,1.5,3.0,0.2,False,2,2,0.7,0.3,44,7,0.7164179104477612,0.6367924528301887,0.44906845285134755,0.3684210526315789,0.5,0.42424242424242425,0.1846984191577266
negative_veto,3.0,1.5,3.0,0.2,False,2,2,0.9,0.3,44,7,0.7164179104477612,0.6367924528301887,0.44906845285134755,0.3684210526315789,0.5,0.42424242424242425,0.1846984191577266
negative_veto,3.0,1.5,3.0,0.2,False,2,2,0.9,0.1,44,7,0.7164179104477612,0.6367924528301887,0.4199500487329434,0.3684210526315789,0.5,0.42424242424242425,0.1948830871099138
two_way,3.0,1.5,3.0,0.2,False,2,2,0.7,0.3,44,32,0.373134328358209,0.4460916442048517,0.37938054659366127,0.18181818181818182,0.5714285714285714,0.27586206896551724,0.3406963456279482
two_way,3.0,1.5,3.0,0.2,False,2,2,0.9,0.3,44,32,0.373134328358209,0.4460916442048517,0.19799526520837996,0.18181818181818182,0.5714285714285714,0.27586206896551724,0.5017160919931799
two_way,3.0,1.5,3.0,0.2,False,2,2,0.9,0.1,44,32,0.373134328358209,0.4460916442048517,0.19297686440543582,0.18181818181818182,0.5714285714285714,0.27586206896551724,0.5119007599453671
positive_rescue,3.0,1.5,3.0,0.2,False,3,1,0.7,0.3,38,20,0.4626865671641791,0.6078167115902965,0.5074302584755546,0.2608695652173913,0.8571428571428571,0.4,0.2923031390377056
positive_rescue,3.0,1.5,3.0,0.2,False,3,1,0.9,0.3,38,20,0.4626865671641791,0.6078167115902965,0.22414649962788602,0.2608695652173913,0.8571428571428571,0.4,0.4246661689850268
positive_rescue,3.0,1.5,3.0,0.2,False,3,1,0.9,0.1,38,20,0.4626865671641791,0.6078167115902965,0.22414649962788602,0.2608695652173913,0.8571428571428571,0.4,0.4246661689850268
negative_veto,3.0,1.5,3.0,0.2,False,3,1,0.7,0.3,38,8,0.7313432835820896,0.6462264150943396,0.453419096617626,0.3888888888888889,0.5,0.4375,0.18062744689278437
negative_veto,3.0,1.5,3.0,0.2,False,3,1,0.9,0.3,38,8,0.7313432835820896,0.6462264150943396,0.453419096617626,0.3888888888888889,0.5,0.4375,0.18062744689278437
negative_veto,3.0,1.5,3.0,0.2,False,3,1,0.9,0.1,38,8,0.7313432835820896,0.6462264150943396,0.4259938141923435,0.3888888888888889,0.5,0.4375,0.18546464402378843
two_way,3.0,1.5,3.0,0.2,False,3,1,0.7,0.3,38,28,0.4626865671641791,0.5026954177897573,0.3929159437054174,0.21052631578947367,0.5714285714285714,0.3076923076923077,0.30305874182226566
two_way,3.0,1.5,3.0,0.2,False,3,1,0.9,0.3,38,28,0.4626865671641791,0.5026954177897573,0.21973298631193366,0.21052631578947367,0.5714285714285714,0.3076923076923077,0.43542177176958685
two_way,3.0,1.5,3.0,0.2,False,3,1,0.9,0.1,38,28,0.4626865671641791,0.5026954177897573,0.2093815123890312,0.21052631578947367,0.5714285714285714,0.3076923076923077,0.44025896890059096
positive_rescue,3.0,1.5,3.0,0.2,False,3,2,0.7,0.3,38,20,0.4626865671641791,0.6078167115902965,0.5074302584755546,0.2608695652173913,0.8571428571428571,0.4,0.2923031390377056
positive_rescue,3.0,1.5,3.0,0.2,False,3,2,0.9,0.3,38,20,0.4626865671641791,0.6078167115902965,0.22414649962788602,0.2608695652173913,0.8571428571428571,0.4,0.4246661689850268
positive_rescue,3.0,1.5,3.0,0.2,False,3,2,0.9,0.1,38,20,0.4626865671641791,0.6078167115902965,0.22414649962788602,0.2608695652173913,0.8571428571428571,0.4,0.4246661689850268
negative_veto,3.0,1.5,3.0,0.2,False,3,2,0.7,0.3,38,8,0.7313432835820896,0.6462264150943396,0.453419096617626,0.3888888888888889,0.5,0.4375,0.18062744689278437
negative_veto,3.0,1.5,3.0,0.2,False,3,2,0.9,0.3,38,8,0.7313432835820896,0.6462264150943396,0.453419096617626,0.3888888888888889,0.5,0.4375,0.18062744689278437
negative_veto,3.0,1.5,3.0,0.2,False,3,2,0.9,0.1,38,8,0.7313432835820896,0.6462264150943396,0.4259938141923435,0.3888888888888889,0.5,0.4375,0.18546464402378843
two_way,3.0,1.5,3.0,0.2,False,3,2,0.7,0.3,38,28,0.4626865671641791,0.5026954177897573,0.3929159437054174,0.21052631578947367,0.5714285714285714,0.3076923076923077,0.30305874182226566
two_way,3.0,1.5,3.0,0.2,False,3,2,0.9,0.3,38,28,0.4626865671641791,0.5026954177897573,0.21973298631193366,0.21052631578947367,0.5714285714285714,0.3076923076923077,0.43542177176958685
two_way,3.0,1.5,3.0,0.2,False,3,2,0.9,0.1,38,28,0.4626865671641791,0.5026954177897573,0.2093815123890312,0.21052631578947367,0.5714285714285714,0.3076923076923077,0.44025896890059096
positive_rescue,3.0,1.5,3.0,0.2,True,2,1,0.7,0.3,35,18,0.4925373134328358,0.6266846361185984,0.5159246450281241,0.2727272727272727,0.8571428571428571,0.41379310344827586,0.27599743913086805
positive_rescue,3.0,1.5,3.0,0.2,True,2,1,0.9,0.3,35,18,0.4925373134328358,0.6266846361185984,0.23998237622871238,0.2727272727272727,0.8571428571428571,0.41379310344827586,0.39403211086923395
positive_rescue,3.0,1.5,3.0,0.2,True,2,1,0.9,0.1,35,18,0.4925373134328358,0.6266846361185984,0.23998237622871238,0.2727272727272727,0.8571428571428571,0.41379310344827586,0.39403211086923395
negative_veto,3.0,1.5,3.0,0.2,True,2,1,0.7,0.3,35,9,0.746268656716418,0.6556603773584906,0.45832939406994033,0.4117647058823529,0.5,0.45161290322580644,0.17762690071355727
negative_veto,3.0,1.5,3.0,0.2,True,2,1,0.9,0.3,35,9,0.746268656716418,0.6556603773584906,0.45832939406994033,0.4117647058823529,0.5,0.45161290322580644,0.17762690071355727
negative_veto,3.0,1.5,3.0,0.2,True,2,1,0.9,0.1,35,9,0.746268656716418,0.6556603773584906,0.43185649259703884,0.4117647058823529,0.5,0.45161290322580644,0.1802778066171932
two_way,3.0,1.5,3.0,0.2,True,2,1,0.7,0.3,35,27,0.5074626865671642,0.5309973045822103,0.4011911413848459,0.22857142857142856,0.5714285714285714,0.32653061224489793,0.28375249573620104
two_way,3.0,1.5,3.0,0.2,True,2,1,0.9,0.3,35,27,0.5074626865671642,0.5309973045822103,0.23316393050049222,0.22857142857142856,0.5714285714285714,0.32653061224489793,0.40178716747456694
two_way,3.0,1.5,3.0,0.2,True,2,1,0.9,0.1,35,27,0.5074626865671642,0.5309973045822103,0.21969300540729111,0.22857142857142856,0.5714285714285714,0.32653061224489793,0.4044380733782028
positive_rescue,3.0,1.5,3.0,0.2,True,2,2,0.7,0.3,33,16,0.4925373134328358,0.6004043126684636,0.5107143161081427,0.2619047619047619,0.7857142857142857,0.39285714285714285,0.27488674013075876
positive_rescue,3.0,1.5,3.0,0.2,True,2,2,0.9,0.3,33,16,0.4925373134328358,0.6004043126684636,0.23035035234081763,0.2619047619047619,0.7857142857142857,0.39285714285714285,0.38933932231688584
positive_rescue,3.0,1.5,3.0,0.2,True,2,2,0.9,0.1,33,16,0.4925373134328358,0.6004043126684636,0.23035035234081763,0.2619047619047619,0.7857142857142857,0.39285714285714285,0.38933932231688584
negative_veto,3.0,1.5,3.0,0.2,True,2,2,0.7,0.3,33,9,0.746268656716418,0.6556603773584906,0.45832939406994033,0.4117647058823529,0.5,0.45161290322580644,0.17762690071355727
negative_veto,3.0,1.5,3.0,0.2,True,2,2,0.9,0.3,33,9,0.746268656716418,0.6556603773584906,0.45832939406994033,0.4117647058823529,0.5,0.45161290322580644,0.17762690071355727
negative_veto,3.0,1.5,3.0,0.2,True,2,2,0.9,0.1,33,9,0.746268656716418,0.6556603773584906,0.42352315926370543,0.4117647058823529,0.5,0.45161290322580644,0.1849691725773713
two_way,3.0,1.5,3.0,0.2,True,2,2,0.7,0.3,33,25,0.5074626865671642,0.5047169811320755,0.3967424098225718,0.21212121212121213,0.5,0.2978723404255319,0.28264179673609174
two_way,3.0,1.5,3.0,0.2,True,2,2,0.9,0.3,33,25,0.5074626865671642,0.5047169811320755,0.22401513709529913,0.21212121212121213,0.5,0.2978723404255319,0.3970943789222188
two_way,3.0,1.5,3.0,0.2,True,2,2,0.9,0.1,33,25,0.5074626865671642,0.5047169811320755,0.2113069725972952,0.21212121212121213,0.5,0.2978723404255319,0.4044366507860328
positive_rescue,3.0,1.5,3.0,0.2,True,3,1,0.7,0.3,34,17,0.5074626865671642,0.6361185983827493,0.5193975901863682,0.27906976744186046,0.8571428571428571,0.42105263157894735,0.2688318374342204
positive_rescue,3.0,1.5,3.0,0.2,True,3,1,0.9,0.3,34,17,0.5074626865671642,0.6361185983827493,0.2461983104744835,0.27906976744186046,0.8571428571428571,0.42105263157894735,0.38209038976960125
positive_rescue,3.0,1.5,3.0,0.2,True,3,1,0.9,0.1,34,17,0.5074626865671642,0.6361185983827493,0.2461983104744835,0.27906976744186046,0.8571428571428571,0.42105263157894735,0.38209038976960125
negative_veto,3.0,1.5,3.0,0.2,True,3,1,0.7,0.3,34,9,0.746268656716418,0.6556603773584906,0.45832939406994033,0.4117647058823529,0.5,0.45161290322580644,0.17762690071355727
negative_veto,3.0,1.5,3.0,0.2,True,3,1,0.9,0.3,34,9,0.746268656716418,0.6556603773584906,0.45832939406994033,0.4117647058823529,0.5,0.45161290322580644,0.17762690071355727
negative_veto,3.0,1.5,3.0,0.2,True,3,1,0.9,0.1,34,9,0.746268656716418,0.6556603773584906,0.43185649259703884,0.4117647058823529,0.5,0.45161290322580644,0.1802778066171932
two_way,3.0,1.5,3.0,0.2,True,3,1,0.7,0.3,34,26,0.5223880597014925,0.5404312668463611,0.4049030199584772,0.23529411764705882,0.5714285714285714,0.3333333333333333,0.2765868940395534
two_way,3.0,1.5,3.0,0.2,True,3,1,0.9,0.3,34,26,0.5223880597014925,0.5404312668463611,0.23879657738144638,0.23529411764705882,0.5714285714285714,0.3333333333333333,0.3898454463749342
two_way,3.0,1.5,3.0,0.2,True,3,1,0.9,0.1,34,26,0.5223880597014925,0.5404312668463611,0.22472318952394854,0.23529411764705882,0.5714285714285714,0.3333333333333333,0.3924963522785701
positive_rescue,3.0,1.5,3.0,0.2,True,3,2,0.7,0.3,33,16,0.4925373134328358,0.6004043126684636,0.5107143161081427,0.2619047619047619,0.7857142857142857,0.39285714285714285,0.27488674013075876
positive_rescue,3.0,1.5,3.0,0.2,True,3,2,0.9,0.3,33,16,0.4925373134328358,0.6004043126684636,0.23035035234081763,0.2619047619047619,0.7857142857142857,0.39285714285714285,0.38933932231688584
positive_rescue,3.0,1.5,3.0,0.2,True,3,2,0.9,0.1,33,16,0.4925373134328358,0.6004043126684636,0.23035035234081763,0.2619047619047619,0.7857142857142857,0.39285714285714285,0.38933932231688584
negative_veto,3.0,1.5,3.0,0.2,True,3,2,0.7,0.3,33,9,0.746268656716418,0.6556603773584906,0.45832939406994033,0.4117647058823529,0.5,0.45161290322580644,0.17762690071355727
negative_veto,3.0,1.5,3.0,0.2,True,3,2,0.9,0.3,33,9,0.746268656716418,0.6556603773584906,0.45832939406994033,0.4117647058823529,0.5,0.45161290322580644,0.17762690071355727
negative_veto,3.0,1.5,3.0,0.2,True,3,2,0.9,0.1,33,9,0.746268656716418,0.6556603773584906,0.42352315926370543,0.4117647058823529,0.5,0.45161290322580644,0.1849691725773713
two_way,3.0,1.5,3.0,0.2,True,3,2,0.7,0.3,33,25,0.5074626865671642,0.5047169811320755,0.3967424098225718,0.21212121212121213,0.5,0.2978723404255319,0.28264179673609174
two_way,3.0,1.5,3.0,0.2,True,3,2,0.9,0.3,33,25,0.5074626865671642,0.5047169811320755,0.22401513709529913,0.21212121212121213,0.5,0.2978723404255319,0.3970943789222188
two_way,3.0,1.5,3.0,0.2,True,3,2,0.9,0.1,33,25,0.5074626865671642,0.5047169811320755,0.2113069725972952,0.21212121212121213,0.5,0.2978723404255319,0.4044366507860328
positive_rescue,3.0,1.5,3.0,0.4,False,2,1,0.7,0.3,45,26,0.373134328358209,0.5512129380053908,0.49140587477780406,0.23076923076923078,0.8571428571428571,0.36363636363636365,0.3312752479143793
positive_rescue,3.0,1.5,3.0,0.4,False,2,1,0.9,0.3,45,26,0.373134328358209,0.5512129380053908,0.19487902783797978,0.23076923076923078,0.8571428571428571,0.36363636363636365,0.49707111368259604
positive_rescue,3.0,1.5,3.0,0.4,False,2,1,0.9,0.1,45,26,0.373134328358209,0.5512129380053908,0.19487902783797978,0.23076923076923078,0.8571428571428571,0.36363636363636365,0.49707111368259604
negative_veto,3.0,1.5,3.0,0.4,False,2,1,0.7,0.3,45,7,0.7164179104477612,0.6367924528301887,0.44906845285134755,0.3684210526315789,0.5,0.42424242424242425,0.18526309107552455
negative_veto,3.0,1.5,3.0,0.4,False,2,1,0.9,0.3,45,7,0.7164179104477612,0.6367924528301887,0.44906845285134755,0.3684210526315789,0.5,0.42424242424242425,0.18526309107552455
negative_veto,3.0,1.5,3.0,0.4,False,2,1,0.9,0.1,45,7,0.7164179104477612,0.6367924528301887,0.4191941908342284,0.3684210526315789,0.5,0.42424242424242425,0.19664178887845804
two_way,3.0,1.5,3.0,0.4,False,2,1,0.7,0.3,45,33,0.3582089552238806,0.43665768194070076,0.37822614543926014,0.17777777777777778,0.5714285714285714,0.2711864406779661,0.34666649488167955
two_way,3.0,1.5,3.0,0.4,False,2,1,0.9,0.3,45,33,0.3582089552238806,0.43665768194070076,0.19568646289957767,0.17777777777777778,0.5714285714285714,0.2711864406779661,0.5124623606498964
two_way,3.0,1.5,3.0,0.4,False,2,1,0.9,0.1,45,33,0.3582089552238806,0.43665768194070076,0.19066806209663353,0.17777777777777778,0.5714285714285714,0.2711864406779661,0.5238410584528298
positive_rescue,3.0,1.5,3.0,0.4,False,2,2,0.7,0.3,45,26,0.373134328358209,0.5512129380053908,0.49140587477780406,0.23076923076923078,0.8571428571428571,0.36363636363636365,0.3312752479143793
positive_rescue,3.0,1.5,3.0,0.4,False,2,2,0.9,0.3,45,26,0.373134328358209,0.5512129380053908,0.19487902783797978,0.23076923076923078,0.8571428571428571,0.36363636363636365,0.49707111368259604
positive_rescue,3.0,1.5,3.0,0.4,False,2,2,0.9,0.1,45,26,0.373134328358209,0.5512129380053908,0.19487902783797978,0.23076923076923078,0.8571428571428571,0.36363636363636365,0.49707111368259604
negative_veto,3.0,1.5,3.0,0.4,False,2,2,0.7,0.3,45,7,0.7164179104477612,0.6367924528301887,0.44906845285134755,0.3684210526315789,0.5,0.42424242424242425,0.18526309107552455
negative_veto,3.0,1.5,3.0,0.4,False,2,2,0.9,0.3,45,7,0.7164179104477612,0.6367924528301887,0.44906845285134755,0.3684210526315789,0.5,0.42424242424242425,0.18526309107552455
negative_veto,3.0,1.5,3.0,0.4,False,2,2,0.9,0.1,45,7,0.7164179104477612,0.6367924528301887,0.4191941908342284,0.3684210526315789,0.5,0.42424242424242425,0.19664178887845804
two_way,3.0,1.5,3.0,0.4,False,2,2,0.7,0.3,45,33,0.3582089552238806,0.43665768194070076,0.37822614543926014,0.17777777777777778,0.5714285714285714,0.2711864406779661,0.34666649488167955
two_way,3.0,1.5,3.0,0.4,False,2,2,0.9,0.3,45,33,0.3582089552238806,0.43665768194070076,0.19568646289957767,0.17777777777777778,0.5714285714285714,0.2711864406779661,0.5124623606498964
two_way,3.0,1.5,3.0,0.4,False,2,2,0.9,0.1,45,33,0.3582089552238806,0.43665768194070076,0.19066806209663353,0.17777777777777778,0.5714285714285714,0.2711864406779661,0.5238410584528298
positive_rescue,3.0,1.5,3.0,0.4,False,3,1,0.7,0.3,39,21,0.44776119402985076,0.5983827493261455,0.5047989176909037,0.2553191489361702,0.8571428571428571,0.39344262295081966,0.297708616373639
positive_rescue,3.0,1.5,3.0,0.4,False,3,1,0.9,0.3,39,21,0.44776119402985076,0.5983827493261455,0.21932505647662442,0.2553191489361702,0.8571428571428571,0.39344262295081966,0.43484776572394523
positive_rescue,3.0,1.5,3.0,0.4,False,3,1,0.9,0.1,39,21,0.44776119402985076,0.5983827493261455,0.21932505647662442,0.2553191489361702,0.8571428571428571,0.39344262295081966,0.43484776572394523
negative_veto,3.0,1.5,3.0,0.4,False,3,1,0.7,0.3,39,8,0.7313432835820896,0.6462264150943396,0.453419096617626,0.3888888888888889,0.5,0.4375,0.18119211881058234
negative_veto,3.0,1.5,3.0,0.4,False,3,1,0.9,0.3,39,8,0.7313432835820896,0.6462264150943396,0.453419096617626,0.3888888888888889,0.5,0.4375,0.18119211881058234
negative_veto,3.0,1.5,3.0,0.4,False,3,1,0.9,0.1,39,8,0.7313432835820896,0.6462264150943396,0.4251146933132227,0.3888888888888889,0.5,0.4375,0.18722334579233268
two_way,3.0,1.5,3.0,0.4,False,3,1,0.7,0.3,39,29,0.44776119402985076,0.49326145552560646,0.39137362637362627,0.20512820512820512,0.5714285714285714,0.3018867924528302,0.309028891075997
two_way,3.0,1.5,3.0,0.4,False,3,1,0.9,0.3,39,29,0.44776119402985076,0.49326145552560646,0.21664835164835164,0.20512820512820512,0.5714285714285714,0.3018867924528302,0.44616804042630326
two_way,3.0,1.5,3.0,0.4,False,3,1,0.9,0.1,39,29,0.44776119402985076,0.49326145552560646,0.20629687772544913,0.20512820512820512,0.5714285714285714,0.3018867924528302,0.4521992674080536
positive_rescue,3.0,1.5,3.0,0.4,False,3,2,0.7,0.3,39,21,0.44776119402985076,0.5983827493261455,0.5047989176909037,0.2553191489361702,0.8571428571428571,0.39344262295081966,0.297708616373639
positive_rescue,3.0,1.5,3.0,0.4,False,3,2,0.9,0.3,39,21,0.44776119402985076,0.5983827493261455,0.21932505647662442,0.2553191489361702,0.8571428571428571,0.39344262295081966,0.43484776572394523
positive_rescue,3.0,1.5,3.0,0.4,False,3,2,0.9,0.1,39,21,0.44776119402985076,0.5983827493261455,0.21932505647662442,0.2553191489361702,0.8571428571428571,0.39344262295081966,0.43484776572394523
negative_veto,3.0,1.5,3.0,0.4,False,3,2,0.7,0.3,39,8,0.7313432835820896,0.6462264150943396,0.453419096617626,0.3888888888888889,0.5,0.4375,0.18119211881058234
negative_veto,3.0,1.5,3.0,0.4,False,3,2,0.9,0.3,39,8,0.7313432835820896,0.6462264150943396,0.453419096617626,0.3888888888888889,0.5,0.4375,0.18119211881058234
negative_veto,3.0,1.5,3.0,0.4,False,3,2,0.9,0.1,39,8,0.7313432835820896,0.6462264150943396,0.4251146933132227,0.3888888888888889,0.5,0.4375,0.18722334579233268
two_way,3.0,1.5,3.0,0.4,False,3,2,0.7,0.3,39,29,0.44776119402985076,0.49326145552560646,0.39137362637362627,0.20512820512820512,0.5714285714285714,0.3018867924528302,0.309028891075997
two_way,3.0,1.5,3.0,0.4,False,3,2,0.9,0.3,39,29,0.44776119402985076,0.49326145552560646,0.21664835164835164,0.20512820512820512,0.5714285714285714,0.3018867924528302,0.44616804042630326
two_way,3.0,1.5,3.0,0.4,False,3,2,0.9,0.1,39,29,0.44776119402985076,0.49326145552560646,0.20629687772544913,0.20512820512820512,0.5714285714285714,0.3018867924528302,0.4521992674080536
positive_rescue,3.0,1.5,3.0,0.4,True,2,1,0.7,0.3,35,18,0.4925373134328358,0.6266846361185984,0.5159246450281241,0.2727272727272727,0.8571428571428571,0.41379310344827586,0.27599743913086805
positive_rescue,3.0,1.5,3.0,0.4,True,2,1,0.9,0.3,35,18,0.4925373134328358,0.6266846361185984,0.23998237622871238,0.2727272727272727,0.8571428571428571,0.41379310344827586,0.39403211086923395
positive_rescue,3.0,1.5,3.0,0.4,True,2,1,0.9,0.1,35,18,0.4925373134328358,0.6266846361185984,0.23998237622871238,0.2727272727272727,0.8571428571428571,0.41379310344827586,0.39403211086923395
negative_veto,3.0,1.5,3.0,0.4,True,2,1,0.7,0.3,35,9,0.746268656716418,0.6556603773584906,0.45832939406994033,0.4117647058823529,0.5,0.45161290322580644,0.17762690071355727
negative_veto,3.0,1.5,3.0,0.4,True,2,1,0.9,0.3,35,9,0.746268656716418,0.6556603773584906,0.45832939406994033,0.4117647058823529,0.5,0.45161290322580644,0.17762690071355727
negative_veto,3.0,1.5,3.0,0.4,True,2,1,0.9,0.1,35,9,0.746268656716418,0.6556603773584906,0.43185649259703884,0.4117647058823529,0.5,0.45161290322580644,0.1802778066171932
two_way,3.0,1.5,3.0,0.4,True,2,1,0.7,0.3,35,27,0.5074626865671642,0.5309973045822103,0.4011911413848459,0.22857142857142856,0.5714285714285714,0.32653061224489793,0.28375249573620104
two_way,3.0,1.5,3.0,0.4,True,2,1,0.9,0.3,35,27,0.5074626865671642,0.5309973045822103,0.23316393050049222,0.22857142857142856,0.5714285714285714,0.32653061224489793,0.40178716747456694
two_way,3.0,1.5,3.0,0.4,True,2,1,0.9,0.1,35,27,0.5074626865671642,0.5309973045822103,0.21969300540729111,0.22857142857142856,0.5714285714285714,0.32653061224489793,0.4044380733782028
positive_rescue,3.0,1.5,3.0,0.4,True,2,2,0.7,0.3,33,16,0.4925373134328358,0.6004043126684636,0.5107143161081427,0.2619047619047619,0.7857142857142857,0.39285714285714285,0.27488674013075876
positive_rescue,3.0,1.5,3.0,0.4,True,2,2,0.9,0.3,33,16,0.4925373134328358,0.6004043126684636,0.23035035234081763,0.2619047619047619,0.7857142857142857,0.39285714285714285,0.38933932231688584
positive_rescue,3.0,1.5,3.0,0.4,True,2,2,0.9,0.1,33,16,0.4925373134328358,0.6004043126684636,0.23035035234081763,0.2619047619047619,0.7857142857142857,0.39285714285714285,0.38933932231688584
negative_veto,3.0,1.5,3.0,0.4,True,2,2,0.7,0.3,33,9,0.746268656716418,0.6556603773584906,0.45832939406994033,0.4117647058823529,0.5,0.45161290322580644,0.17762690071355727
negative_veto,3.0,1.5,3.0,0.4,True,2,2,0.9,0.3,33,9,0.746268656716418,0.6556603773584906,0.45832939406994033,0.4117647058823529,0.5,0.45161290322580644,0.17762690071355727
negative_veto,3.0,1.5,3.0,0.4,True,2,2,0.9,0.1,33,9,0.746268656716418,0.6556603773584906,0.42352315926370543,0.4117647058823529,0.5,0.45161290322580644,0.1849691725773713
two_way,3.0,1.5,3.0,0.4,True,2,2,0.7,0.3,33,25,0.5074626865671642,0.5047169811320755,0.3967424098225718,0.21212121212121213,0.5,0.2978723404255319,0.28264179673609174
two_way,3.0,1.5,3.0,0.4,True,2,2,0.9,0.3,33,25,0.5074626865671642,0.5047169811320755,0.22401513709529913,0.21212121212121213,0.5,0.2978723404255319,0.3970943789222188
two_way,3.0,1.5,3.0,0.4,True,2,2,0.9,0.1,33,25,0.5074626865671642,0.5047169811320755,0.2113069725972952,0.21212121212121213,0.5,0.2978723404255319,0.4044366507860328
positive_rescue,3.0,1.5,3.0,0.4,True,3,1,0.7,0.3,34,17,0.5074626865671642,0.6361185983827493,0.5193975901863682,0.27906976744186046,0.8571428571428571,0.42105263157894735,0.2688318374342204
positive_rescue,3.0,1.5,3.0,0.4,True,3,1,0.9,0.3,34,17,0.5074626865671642,0.6361185983827493,0.2461983104744835,0.27906976744186046,0.8571428571428571,0.42105263157894735,0.38209038976960125
positive_rescue,3.0,1.5,3.0,0.4,True,3,1,0.9,0.1,34,17,0.5074626865671642,0.6361185983827493,0.2461983104744835,0.27906976744186046,0.8571428571428571,0.42105263157894735,0.38209038976960125
negative_veto,3.0,1.5,3.0,0.4,True,3,1,0.7,0.3,34,9,0.746268656716418,0.6556603773584906,0.45832939406994033,0.4117647058823529,0.5,0.45161290322580644,0.17762690071355727
negative_veto,3.0,1.5,3.0,0.4,True,3,1,0.9,0.3,34,9,0.746268656716418,0.6556603773584906,0.45832939406994033,0.4117647058823529,0.5,0.45161290322580644,0.17762690071355727
negative_veto,3.0,1.5,3.0,0.4,True,3,1,0.9,0.1,34,9,0.746268656716418,0.6556603773584906,0.43185649259703884,0.4117647058823529,0.5,0.45161290322580644,0.1802778066171932
two_way,3.0,1.5,3.0,0.4,True,3,1,0.7,0.3,34,26,0.5223880597014925,0.5404312668463611,0.4049030199584772,0.23529411764705882,0.5714285714285714,0.3333333333333333,0.2765868940395534
two_way,3.0,1.5,3.0,0.4,True,3,1,0.9,0.3,34,26,0.5223880597014925,0.5404312668463611,0.23879657738144638,0.23529411764705882,0.5714285714285714,0.3333333333333333,0.3898454463749342
two_way,3.0,1.5,3.0,0.4,True,3,1,0.9,0.1,34,26,0.5223880597014925,0.5404312668463611,0.22472318952394854,0.23529411764705882,0.5714285714285714,0.3333333333333333,0.3924963522785701
positive_rescue,3.0,1.5,3.0,0.4,True,3,2,0.7,0.3,33,16,0.4925373134328358,0.6004043126684636,0.5107143161081427,0.2619047619047619,0.7857142857142857,0.39285714285714285,0.27488674013075876
positive_rescue,3.0,1.5,3.0,0.4,True,3,2,0.9,0.3,33,16,0.4925373134328358,0.6004043126684636,0.23035035234081763,0.2619047619047619,0.7857142857142857,0.39285714285714285,0.38933932231688584
positive_rescue,3.0,1.5,3.0,0.4,True,3,2,0.9,0.1,33,16,0.4925373134328358,0.6004043126684636,0.23035035234081763,0.2619047619047619,0.7857142857142857,0.39285714285714285,0.38933932231688584
negative_veto,3.0,1.5,3.0,0.4,True,3,2,0.7,0.3,33,9,0.746268656716418,0.6556603773584906,0.45832939406994033,0.4117647058823529,0.5,0.45161290322580644,0.17762690071355727
negative_veto,3.0,1.5,3.0,0.4,True,3,2,0.9,0.3,33,9,0.746268656716418,0.6556603773584906,0.45832939406994033,0.4117647058823529,0.5,0.45161290322580644,0.17762690071355727
negative_veto,3.0,1.5,3.0,0.4,True,3,2,0.9,0.1,33,9,0.746268656716418,0.6556603773584906,0.42352315926370543,0.4117647058823529,0.5,0.45161290322580644,0.1849691725773713
two_way,3.0,1.5,3.0,0.4,True,3,2,0.7,0.3,33,25,0.5074626865671642,0.5047169811320755,0.3967424098225718,0.21212121212121213,0.5,0.2978723404255319,0.28264179673609174
two_way,3.0,1.5,3.0,0.4,True,3,2,0.9,0.3,33,25,0.5074626865671642,0.5047169811320755,0.22401513709529913,0.21212121212121213,0.5,0.2978723404255319,0.3970943789222188
two_way,3.0,1.5,3.0,0.4,True,3,2,0.9,0.1,33,25,0.5074626865671642,0.5047169811320755,0.2113069725972952,0.21212121212121213,0.5,0.2978723404255319,0.4044366507860328
positive_rescue,3.0,1.5,4.0,0.2,False,2,1,0.7,0.3,33,16,0.5223880597014925,0.6455525606469003,0.5225063341286101,0.2857142857142857,0.8571428571428571,0.42857142857142855,0.2633351000580479
positive_rescue,3.0,1.5,4.0,0.2,False,2,1,0.9,0.3,33,16,0.5223880597014925,0.6455525606469003,0.2522209472465846,0.2857142857142857,0.8571428571428571,0.42857142857142855,0.3718175329904437
positive_rescue,3.0,1.5,4.0,0.2,False,2,1,0.9,0.1,33,16,0.5223880597014925,0.6455525606469003,0.2522209472465846,0.2857142857142857,0.8571428571428571,0.42857142857142855,0.3718175329904437
negative_veto,3.0,1.5,4.0,0.2,False,2,1,0.7,0.3,33,9,0.746268656716418,0.6556603773584906,0.45832939406994033,0.4117647058823529,0.5,0.45161290322580644,0.17762690071355727
negative_veto,3.0,1.5,4.0,0.2,False,2,1,0.9,0.3,33,9,0.746268656716418,0.6556603773584906,0.45832939406994033,0.4117647058823529,0.5,0.45161290322580644,0.17762690071355727
negative_veto,3.0,1.5,4.0,0.2,False,2,1,0.9,0.1,33,9,0.746268656716418,0.6556603773584906,0.43185649259703873,0.4117647058823529,0.5,0.45161290322580644,0.1786117874810581
two_way,3.0,1.5,4.0,0.2,False,2,1,0.7,0.3,33,25,0.5373134328358209,0.5498652291105122,0.4082546782620474,0.24242424242424243,0.5714285714285714,0.3404255319148936,0.2710901566633808
two_way,3.0,1.5,4.0,0.2,False,2,1,0.9,0.3,33,25,0.5373134328358209,0.5498652291105122,0.2441854141927834,0.24242424242424243,0.5714285714285714,0.3404255319148936,0.37957258959577667
two_way,3.0,1.5,4.0,0.2,False,2,1,0.9,0.1,33,25,0.5373134328358209,0.5498652291105122,0.22760889903747047,0.24242424242424243,0.5714285714285714,0.3404255319148936,0.38055747636327747
positive_rescue,3.0,1.5,4.0,0.2,False,2,2,0.7,0.3,33,16,0.5223880597014925,0.6455525606469003,0.5225063341286101,0.2857142857142857,0.8571428571428571,0.42857142857142855,0.2633351000580479
positive_rescue,3.0,1.5,4.0,0.2,False,2,2,0.9,0.3,33,16,0.5223880597014925,0.6455525606469003,0.2522209472465846,0.2857142857142857,0.8571428571428571,0.42857142857142855,0.3718175329904437
positive_rescue,3.0,1.5,4.0,0.2,False,2,2,0.9,0.1,33,16,0.5223880597014925,0.6455525606469003,0.2522209472465846,0.2857142857142857,0.8571428571428571,0.42857142857142855,0.3718175329904437
negative_veto,3.0,1.5,4.0,0.2,False,2,2,0.7,0.3,33,9,0.746268656716418,0.6556603773584906,0.45832939406994033,0.4117647058823529,0.5,0.45161290322580644,0.17762690071355727
negative_veto,3.0,1.5,4.0,0.2,False,2,2,0.9,0.3,33,9,0.746268656716418,0.6556603773584906,0.45832939406994033,0.4117647058823529,0.5,0.45161290322580644,0.17762690071355727
negative_veto,3.0,1.5,4.0,0.2,False,2,2,0.9,0.1,33,9,0.746268656716418,0.6556603773584906,0.43185649259703873,0.4117647058823529,0.5,0.45161290322580644,0.1786117874810581
two_way,3.0,1.5,4.0,0.2,False,2,2,0.7,0.3,33,25,0.5373134328358209,0.5498652291105122,0.4082546782620474,0.24242424242424243,0.5714285714285714,0.3404255319148936,0.2710901566633808
two_way,3.0,1.5,4.0,0.2,False,2,2,0.9,0.3,33,25,0.5373134328358209,0.5498652291105122,0.2441854141927834,0.24242424242424243,0.5714285714285714,0.3404255319148936,0.37957258959577667
two_way,3.0,1.5,4.0,0.2,False,2,2,0.9,0.1,33,25,0.5373134328358209,0.5498652291105122,0.22760889903747047,0.24242424242424243,0.5714285714285714,0.3404255319148936,0.38055747636327747
positive_rescue,3.0,1.5,4.0,0.2,False,3,1,0.7,0.3,31,14,0.5522388059701493,0.6644204851752021,0.5304176620961228,0.3,0.8571428571428571,0.4444444444444444,0.24908385295415006
positive_rescue,3.0,1.5,4.0,0.2,False,3,1,0.9,0.3,31,14,0.5522388059701493,0.6644204851752021,0.2665407220239064,0.3,0.8571428571428571,0.4444444444444444,0.34801404708057565
positive_rescue,3.0,1.5,4.0,0.2,False,3,1,0.9,0.1,31,14,0.5522388059701493,0.6644204851752021,0.2665407220239064,0.3,0.8571428571428571,0.4444444444444444,0.34801404708057565
negative_veto,3.0,1.5,4.0,0.2,False,3,1,0.7,0.3,31,9,0.746268656716418,0.6556603773584906,0.45832939406994033,0.4117647058823529,0.5,0.45161290322580644,0.17762690071355727
negative_veto,3.0,1.5,4.0,0.2,False,3,1,0.9,0.3,31,9,0.746268656716418,0.6556603773584906,0.45832939406994033,0.4117647058823529,0.5,0.45161290322580644,0.17762690071355727
negative_veto,3.0,1.5,4.0,0.2,False,3,1,0.9,0.1,31,9,0.746268656716418,0.6556603773584906,0.43185649259703884,0.4117647058823529,0.5,0.45161290322580644,0.17853325378383073
two_way,3.0,1.5,4.0,0.2,False,3,1,0.7,0.3,31,23,0.5671641791044776,0.568733153638814,0.4166634723510785,0.25806451612903225,0.5714285714285714,0.35555555555555557,0.2568389095594831
two_way,3.0,1.5,4.0,0.2,False,3,1,0.9,0.3,31,23,0.5671641791044776,0.568733153638814,0.2570628579117543,0.25806451612903225,0.5714285714285714,0.35555555555555557,0.3557691036859087
two_way,3.0,1.5,4.0,0.2,False,3,1,0.9,0.1,31,23,0.5671641791044776,0.568733153638814,0.23773484579936194,0.25806451612903225,0.5714285714285714,0.35555555555555557,0.35667545675618206
positive_rescue,3.0,1.5,4.0,0.2,False,3,2,0.7,0.3,31,14,0.5522388059701493,0.6644204851752021,0.5304176620961228,0.3,0.8571428571428571,0.4444444444444444,0.24908385295415006
positive_rescue,3.0,1.5,4.0,0.2,False,3,2,0.9,0.3,31,14,0.5522388059701493,0.6644204851752021,0.2665407220239064,0.3,0.8571428571428571,0.4444444444444444,0.34801404708057565
positive_rescue,3.0,1.5,4.0,0.2,False,3,2,0.9,0.1,31,14,0.5522388059701493,0.6644204851752021,0.2665407220239064,0.3,0.8571428571428571,0.4444444444444444,0.34801404708057565
negative_veto,3.0,1.5,4.0,0.2,False,3,2,0.7,0.3,31,9,0.746268656716418,0.6556603773584906,0.45832939406994033,0.4117647058823529,0.5,0.45161290322580644,0.17762690071355727
negative_veto,3.0,1.5,4.0,0.2,False,3,2,0.9,0.3,31,9,0.746268656716418,0.6556603773584906,0.45832939406994033,0.4117647058823529,0.5,0.45161290322580644,0.17762690071355727
negative_veto,3.0,1.5,4.0,0.2,False,3,2,0.9,0.1,31,9,0.746268656716418,0.6556603773584906,0.43185649259703884,0.4117647058823529,0.5,0.45161290322580644,0.17853325378383073
two_way,3.0,1.5,4.0,0.2,False,3,2,0.7,0.3,31,23,0.5671641791044776,0.568733153638814,0.4166634723510785,0.25806451612903225,0.5714285714285714,0.35555555555555557,0.2568389095594831
two_way,3.0,1.5,4.0,0.2,False,3,2,0.9,0.3,31,23,0.5671641791044776,0.568733153638814,0.2570628579117543,0.25806451612903225,0.5714285714285714,0.35555555555555557,0.3557691036859087
two_way,3.0,1.5,4.0,0.2,False,3,2,0.9,0.1,31,23,0.5671641791044776,0.568733153638814,0.23773484579936194,0.25806451612903225,0.5714285714285714,0.35555555555555557,0.35667545675618206
positive_rescue,3.0,1.5,4.0,0.2,True,2,1,0.7,0.3,26,10,0.582089552238806,0.6570080862533693,0.5266090895002804,0.3055555555555556,0.7857142857142857,0.44,0.24002776155716443
positive_rescue,3.0,1.5,4.0,0.2,True,2,1,0.9,0.3,26,10,0.582089552238806,0.6570080862533693,0.25712394501513597,0.3055555555555556,0.7857142857142857,0.44,0.3270176571761274
positive_rescue,3.0,1.5,4.0,0.2,True,2,1,0.9,0.1,26,10,0.582089552238806,0.6570080862533693,0.25712394501513597,0.3055555555555556,0.7857142857142857,0.44,0.3270176571761274
negative_veto,3.0,1.5,4.0,0.2,True,2,1,0.7,0.3,26,10,0.7313432835820896,0.6199460916442049,0.4507430261894547,0.375,0.42857142857142855,0.4,0.17934454849536802
negative_veto,3.0,1.5,4.0,0.2,True,2,1,0.9,0.3,26,10,0.7313432835820896,0.6199460916442049,0.4507430261894547,0.375,0.42857142857142855,0.4,0.17934454849536802
negative_veto,3.0,1.5,4.0,0.2,True,2,1,0.9,0.1,26,10,0.7313432835820896,0.6199460916442049,0.4095875850340136,0.375,0.42857142857142855,0.4,0.18755518424370404
two_way,3.0,1.5,4.0,0.2,True,2,1,0.7,0.3,26,20,0.582089552238806,0.5256064690026954,0.4144935929343594,0.23076923076923078,0.42857142857142855,0.3,0.24950046594430814
two_way,3.0,1.5,4.0,0.2,True,2,1,0.9,0.3,26,20,0.582089552238806,0.5256064690026954,0.24709432553509209,0.23076923076923078,0.42857142857142855,0.3,0.33649036156327106
two_way,3.0,1.5,4.0,0.2,True,2,1,0.9,0.1,26,20,0.582089552238806,0.5256064690026954,0.2208430913348946,0.23076923076923078,0.42857142857142855,0.3,0.3447009973116071
positive_rescue,3.0,1.5,4.0,0.2,True,2,2,0.7,0.3,24,9,0.5970149253731343,0.6664420485175202,0.5335667743986559,0.3142857142857143,0.7857142857142857,0.4489795918367347,0.23211689483445586
positive_rescue,3.0,1.5,4.0,0.2,True,2,2,0.9,0.3,24,9,0.5970149253731343,0.6664420485175202,0.27223501092403535,0.3142857142857143,0.7857142857142857,0.4489795918367347,0.30955455164744866
positive_rescue,3.0,1.5,4.0,0.2,True,2,2,0.9,0.1,24,9,0.5970149253731343,0.6664420485175202,0.27223501092403535,0.3142857142857143,0.7857142857142857,0.4489795918367347,0.30955455164744866
negative_veto,3.0,1.5,4.0,0.2,True,2,2,0.7,0.3,24,11,0.746268656716418,0.6293800539083558,0.45449106386606386,0.4,0.42857142857142855,0.41379310344827586,0.1744790724135209
negative_veto,3.0,1.5,4.0,0.2,True,2,2,0.9,0.3,24,11,0.746268656716418,0.6293800539083558,0.45449106386606386,0.4,0.42857142857142855,0.41379310344827586,0.1744790724135209
negative_veto,3.0,1.5,4.0,0.2,True,2,2,0.9,0.1,24,11,0.746268656716418,0.6293800539083558,0.41333562271062263,0.4,0.42857142857142855,0.41379310344827586,0.1811376927574574
two_way,3.0,1.5,4.0,0.2,True,2,2,0.7,0.3,24,20,0.6119402985074627,0.5444743935309972,0.42043556037458474,0.25,0.42857142857142855,0.3157894736842105,0.23672412313975244
two_way,3.0,1.5,4.0,0.2,True,2,2,0.9,0.3,24,20,0.6119402985074627,0.5444743935309972,0.25853079846982285,0.25,0.42857142857142855,0.3157894736842105,0.3141617799527452
two_way,3.0,1.5,4.0,0.2,True,2,2,0.9,0.1,24,20,0.6119402985074627,0.5444743935309972,0.22908484957665284,0.25,0.42857142857142855,0.3157894736842105,0.32082040029668174
positive_rescue,3.0,1.5,4.0,0.2,True,3,1,0.7,0.3,21,9,0.5970149253731343,0.6664420485175202,0.5285165558000502,0.3142857142857143,0.7857142857142857,0.4489795918367347,0.23486745189098468
positive_rescue,3.0,1.5,4.0,0.2,True,3,1,0.9,0.3,21,9,0.5970149253731343,0.6664420485175202,0.2521423658078478,0.3142857142857143,0.7857142857142857,0.4489795918367347,0.3092746031731913
positive_rescue,3.0,1.5,4.0,0.2,True,3,1,0.9,0.1,21,9,0.5970149253731343,0.6664420485175202,0.2521423658078478,0.3142857142857143,0.7857142857142857,0.4489795918367347,0.3092746031731913
negative_veto,3.0,1.5,4.0,0.2,True,3,1,0.7,0.3,21,14,0.7313432835820896,0.5673854447439353,0.382574091949092,0.3333333333333333,0.2857142857142857,0.3076923076923077,0.17834111044001705
negative_veto,3.0,1.5,4.0,0.2,True,3,1,0.9,0.3,21,14,0.7313432835820896,0.5673854447439353,0.382574091949092,0.3333333333333333,0.2857142857142857,0.3076923076923077,0.17834111044001705
negative_veto,3.0,1.5,4.0,0.2,True,3,1,0.9,0.1,21,14,0.7313432835820896,0.5673854447439353,0.3287202380952381,0.3333333333333333,0.2857142857142857,0.3076923076923077,0.19335793973917745
two_way,3.0,1.5,4.0,0.2,True,3,1,0.7,0.3,21,23,0.5970149253731343,0.4824797843665768,0.3542790977895508,0.19047619047619047,0.2857142857142857,0.22857142857142856,0.24333671822277747
two_way,3.0,1.5,4.0,0.2,True,3,1,0.9,0.3,21,23,0.5970149253731343,0.4824797843665768,0.245095424320163,0.19047619047619047,0.2857142857142857,0.22857142857142856,0.31774386950498407
two_way,3.0,1.5,4.0,0.2,True,3,1,0.9,0.1,21,23,0.5970149253731343,0.4824797843665768,0.20680872601247308,0.19047619047619047,0.2857142857142857,0.22857142857142856,0.33276069880414444
positive_rescue,3.0,1.5,4.0,0.2,True,3,2,0.7,0.3,21,9,0.5970149253731343,0.6664420485175202,0.5285165558000502,0.3142857142857143,0.7857142857142857,0.4489795918367347,0.23486745189098468
positive_rescue,3.0,1.5,4.0,0.2,True,3,2,0.9,0.3,21,9,0.5970149253731343,0.6664420485175202,0.2521423658078478,0.3142857142857143,0.7857142857142857,0.4489795918367347,0.3092746031731913
positive_rescue,3.0,1.5,4.0,0.2,True,3,2,0.9,0.1,21,9,0.5970149253731343,0.6664420485175202,0.2521423658078478,0.3142857142857143,0.7857142857142857,0.4489795918367347,0.3092746031731913
negative_veto,3.0,1.5,4.0,0.2,True,3,2,0.7,0.3,21,14,0.7313432835820896,0.5673854447439353,0.382574091949092,0.3333333333333333,0.2857142857142857,0.3076923076923077,0.17834111044001705
negative_veto,3.0,1.5,4.0,0.2,True,3,2,0.9,0.3,21,14,0.7313432835820896,0.5673854447439353,0.382574091949092,0.3333333333333333,0.2857142857142857,0.3076923076923077,0.17834111044001705
negative_veto,3.0,1.5,4.0,0.2,True,3,2,0.9,0.1,21,14,0.7313432835820896,0.5673854447439353,0.3287202380952381,0.3333333333333333,0.2857142857142857,0.3076923076923077,0.19335793973917745
two_way,3.0,1.5,4.0,0.2,True,3,2,0.7,0.3,21,23,0.5970149253731343,0.4824797843665768,0.3542790977895508,0.19047619047619047,0.2857142857142857,0.22857142857142856,0.24333671822277747
two_way,3.0,1.5,4.0,0.2,True,3,2,0.9,0.3,21,23,0.5970149253731343,0.4824797843665768,0.245095424320163,0.19047619047619047,0.2857142857142857,0.22857142857142856,0.31774386950498407
two_way,3.0,1.5,4.0,0.2,True,3,2,0.9,0.1,21,23,0.5970149253731343,0.4824797843665768,0.20680872601247308,0.19047619047619047,0.2857142857142857,0.22857142857142856,0.33276069880414444
positive_rescue,3.0,1.5,4.0,0.4,False,2,1,0.7,0.3,34,16,0.5223880597014925,0.6455525606469003,0.5196488848425894,0.2857142857142857,0.8571428571428571,0.42857142857142855,0.26630470313255217
positive_rescue,3.0,1.5,4.0,0.4,False,2,1,0.9,0.3,34,16,0.5223880597014925,0.6455525606469003,0.24644960513070469,0.2857142857142857,0.8571428571428571,0.42857142857142855,0.379563255467933
positive_rescue,3.0,1.5,4.0,0.4,False,2,1,0.9,0.1,34,16,0.5223880597014925,0.6455525606469003,0.24644960513070469,0.2857142857142857,0.8571428571428571,0.42857142857142855,0.379563255467933
negative_veto,3.0,1.5,4.0,0.4,False,2,1,0.7,0.3,34,8,0.7313432835820896,0.6462264150943396,0.453419096617626,0.3888888888888889,0.5,0.4375,0.18062744689278437
negative_veto,3.0,1.5,4.0,0.4,False,2,1,0.9,0.3,34,8,0.7313432835820896,0.6462264150943396,0.453419096617626,0.3888888888888889,0.5,0.4375,0.18062744689278437
negative_veto,3.0,1.5,4.0,0.4,False,2,1,0.9,0.1,34,8,0.7313432835820896,0.6462264150943396,0.4259938141923436,0.3888888888888889,0.5,0.4375,0.1828063635110314
two_way,3.0,1.5,4.0,0.4,False,2,1,0.7,0.3,34,24,0.5223880597014925,0.5404312668463611,0.4062174997542807,0.23529411764705882,0.5714285714285714,0.3333333333333333,0.2770603059171122
two_way,3.0,1.5,4.0,0.4,False,2,1,0.9,0.3,34,24,0.5223880597014925,0.5404312668463611,0.2401110571772499,0.23529411764705882,0.5714285714285714,0.3333333333333333,0.3903188582524931
two_way,3.0,1.5,4.0,0.4,False,2,1,0.9,0.1,34,24,0.5223880597014925,0.5404312668463611,0.22353454202193698,0.23529411764705882,0.5714285714285714,0.3333333333333333,0.39249777487074017
positive_rescue,3.0,1.5,4.0,0.4,False,2,2,0.7,0.3,34,16,0.5223880597014925,0.6455525606469003,0.5196488848425894,0.2857142857142857,0.8571428571428571,0.42857142857142855,0.26630470313255217
positive_rescue,3.0,1.5,4.0,0.4,False,2,2,0.9,0.3,34,16,0.5223880597014925,0.6455525606469003,0.24644960513070469,0.2857142857142857,0.8571428571428571,0.42857142857142855,0.379563255467933
positive_rescue,3.0,1.5,4.0,0.4,False,2,2,0.9,0.1,34,16,0.5223880597014925,0.6455525606469003,0.24644960513070469,0.2857142857142857,0.8571428571428571,0.42857142857142855,0.379563255467933
negative_veto,3.0,1.5,4.0,0.4,False,2,2,0.7,0.3,34,8,0.7313432835820896,0.6462264150943396,0.453419096617626,0.3888888888888889,0.5,0.4375,0.18062744689278437
negative_veto,3.0,1.5,4.0,0.4,False,2,2,0.9,0.3,34,8,0.7313432835820896,0.6462264150943396,0.453419096617626,0.3888888888888889,0.5,0.4375,0.18062744689278437
negative_veto,3.0,1.5,4.0,0.4,False,2,2,0.9,0.1,34,8,0.7313432835820896,0.6462264150943396,0.4259938141923436,0.3888888888888889,0.5,0.4375,0.1828063635110314
two_way,3.0,1.5,4.0,0.4,False,2,2,0.7,0.3,34,24,0.5223880597014925,0.5404312668463611,0.4062174997542807,0.23529411764705882,0.5714285714285714,0.3333333333333333,0.2770603059171122
two_way,3.0,1.5,4.0,0.4,False,2,2,0.9,0.3,34,24,0.5223880597014925,0.5404312668463611,0.2401110571772499,0.23529411764705882,0.5714285714285714,0.3333333333333333,0.3903188582524931
two_way,3.0,1.5,4.0,0.4,False,2,2,0.9,0.1,34,24,0.5223880597014925,0.5404312668463611,0.22353454202193698,0.23529411764705882,0.5714285714285714,0.3333333333333333,0.39249777487074017
positive_rescue,3.0,1.5,4.0,0.4,False,3,1,0.7,0.3,32,15,0.5373134328358209,0.6549865229110512,0.5263516812560567,0.2926829268292683,0.8571428571428571,0.43636363636363634,0.25616949836140024
positive_rescue,3.0,1.5,4.0,0.4,False,3,1,0.9,0.3,32,15,0.5373134328358209,0.6549865229110512,0.25916753487022975,0.2926829268292683,0.8571428571428571,0.43636363636363634,0.35987581189081097
positive_rescue,3.0,1.5,4.0,0.4,False,3,1,0.9,0.1,32,15,0.5373134328358209,0.6549865229110512,0.25916753487022975,0.2926829268292683,0.8571428571428571,0.43636363636363634,0.35987581189081097
negative_veto,3.0,1.5,4.0,0.4,False,3,1,0.7,0.3,32,9,0.746268656716418,0.6556603773584906,0.45832939406994033,0.4117647058823529,0.5,0.45161290322580644,0.17762690071355727
negative_veto,3.0,1.5,4.0,0.4,False,3,1,0.9,0.3,32,9,0.746268656716418,0.6556603773584906,0.45832939406994033,0.4117647058823529,0.5,0.45161290322580644,0.17762690071355727
negative_veto,3.0,1.5,4.0,0.4,False,3,1,0.9,0.1,32,9,0.746268656716418,0.6556603773584906,0.43185649259703873,0.4117647058823529,0.5,0.45161290322580644,0.1786117874810581
two_way,3.0,1.5,4.0,0.4,False,3,1,0.7,0.3,32,24,0.5522388059701493,0.559299191374663,0.41234684855374504,0.25,0.5714285714285714,0.34782608695652173,0.2639245549667332
two_way,3.0,1.5,4.0,0.4,False,3,1,0.9,0.3,32,24,0.5522388059701493,0.559299191374663,0.2504420866489832,0.25,0.5714285714285714,0.34782608695652173,0.36763086849614396
two_way,3.0,1.5,4.0,0.4,False,3,1,0.9,0.1,32,24,0.5522388059701493,0.559299191374663,0.23312655086848635,0.25,0.5714285714285714,0.34782608695652173,0.36861575526364476
positive_rescue,3.0,1.5,4.0,0.4,False,3,2,0.7,0.3,32,15,0.5373134328358209,0.6549865229110512,0.5263516812560567,0.2926829268292683,0.8571428571428571,0.43636363636363634,0.25616949836140024
positive_rescue,3.0,1.5,4.0,0.4,False,3,2,0.9,0.3,32,15,0.5373134328358209,0.6549865229110512,0.25916753487022975,0.2926829268292683,0.8571428571428571,0.43636363636363634,0.35987581189081097
positive_rescue,3.0,1.5,4.0,0.4,False,3,2,0.9,0.1,32,15,0.5373134328358209,0.6549865229110512,0.25916753487022975,0.2926829268292683,0.8571428571428571,0.43636363636363634,0.35987581189081097
negative_veto,3.0,1.5,4.0,0.4,False,3,2,0.7,0.3,32,9,0.746268656716418,0.6556603773584906,0.45832939406994033,0.4117647058823529,0.5,0.45161290322580644,0.17762690071355727
negative_veto,3.0,1.5,4.0,0.4,False,3,2,0.9,0.3,32,9,0.746268656716418,0.6556603773584906,0.45832939406994033,0.4117647058823529,0.5,0.45161290322580644,0.17762690071355727
negative_veto,3.0,1.5,4.0,0.4,False,3,2,0.9,0.1,32,9,0.746268656716418,0.6556603773584906,0.43185649259703873,0.4117647058823529,0.5,0.45161290322580644,0.1786117874810581
two_way,3.0,1.5,4.0,0.4,False,3,2,0.7,0.3,32,24,0.5522388059701493,0.559299191374663,0.41234684855374504,0.25,0.5714285714285714,0.34782608695652173,0.2639245549667332
two_way,3.0,1.5,4.0,0.4,False,3,2,0.9,0.3,32,24,0.5522388059701493,0.559299191374663,0.2504420866489832,0.25,0.5714285714285714,0.34782608695652173,0.36763086849614396
two_way,3.0,1.5,4.0,0.4,False,3,2,0.9,0.1,32,24,0.5522388059701493,0.559299191374663,0.23312655086848635,0.25,0.5714285714285714,0.34782608695652173,0.36861575526364476
positive_rescue,3.0,1.5,4.0,0.4,True,2,1,0.7,0.3,26,10,0.582089552238806,0.6570080862533693,0.5266090895002804,0.3055555555555556,0.7857142857142857,0.44,0.24002776155716443
positive_rescue,3.0,1.5,4.0,0.4,True,2,1,0.9,0.3,26,10,0.582089552238806,0.6570080862533693,0.25712394501513597,0.3055555555555556,0.7857142857142857,0.44,0.3270176571761274
positive_rescue,3.0,1.5,4.0,0.4,True,2,1,0.9,0.1,26,10,0.582089552238806,0.6570080862533693,0.25712394501513597,0.3055555555555556,0.7857142857142857,0.44,0.3270176571761274
negative_veto,3.0,1.5,4.0,0.4,True,2,1,0.7,0.3,26,10,0.7313432835820896,0.6199460916442049,0.4507430261894547,0.375,0.42857142857142855,0.4,0.17934454849536802
negative_veto,3.0,1.5,4.0,0.4,True,2,1,0.9,0.3,26,10,0.7313432835820896,0.6199460916442049,0.4507430261894547,0.375,0.42857142857142855,0.4,0.17934454849536802
negative_veto,3.0,1.5,4.0,0.4,True,2,1,0.9,0.1,26,10,0.7313432835820896,0.6199460916442049,0.4095875850340136,0.375,0.42857142857142855,0.4,0.18755518424370404
two_way,3.0,1.5,4.0,0.4,True,2,1,0.7,0.3,26,20,0.582089552238806,0.5256064690026954,0.4144935929343594,0.23076923076923078,0.42857142857142855,0.3,0.24950046594430814
two_way,3.0,1.5,4.0,0.4,True,2,1,0.9,0.3,26,20,0.582089552238806,0.5256064690026954,0.24709432553509209,0.23076923076923078,0.42857142857142855,0.3,0.33649036156327106
two_way,3.0,1.5,4.0,0.4,True,2,1,0.9,0.1,26,20,0.582089552238806,0.5256064690026954,0.2208430913348946,0.23076923076923078,0.42857142857142855,0.3,0.3447009973116071
positive_rescue,3.0,1.5,4.0,0.4,True,2,2,0.7,0.3,25,9,0.5970149253731343,0.6664420485175202,0.5310884326345998,0.3142857142857143,0.7857142857142857,0.4489795918367347,0.23322156800634009
positive_rescue,3.0,1.5,4.0,0.4,True,2,2,0.9,0.3,25,9,0.5970149253731343,0.6664420485175202,0.265515724919035,0.3142857142857143,0.7857142857142857,0.4489795918367347,0.31543534422231795
positive_rescue,3.0,1.5,4.0,0.4,True,2,2,0.9,0.1,25,9,0.5970149253731343,0.6664420485175202,0.265515724919035,0.3142857142857143,0.7857142857142857,0.4489795918367347,0.31543534422231795
negative_veto,3.0,1.5,4.0,0.4,True,2,2,0.7,0.3,25,10,0.7313432835820896,0.6199460916442049,0.4507430261894547,0.375,0.42857142857142855,0.4,0.17934454849536802
negative_veto,3.0,1.5,4.0,0.4,True,2,2,0.9,0.3,25,10,0.7313432835820896,0.6199460916442049,0.4507430261894547,0.375,0.42857142857142855,0.4,0.17934454849536802
negative_veto,3.0,1.5,4.0,0.4,True,2,2,0.9,0.1,25,10,0.7313432835820896,0.6199460916442049,0.4095875850340136,0.375,0.42857142857142855,0.4,0.18719719869005078
two_way,3.0,1.5,4.0,0.4,True,2,2,0.7,0.3,25,19,0.5970149253731343,0.5350404312668463,0.4190069889460133,0.24,0.42857142857142855,0.3076923076923077,0.24269427239348376
two_way,3.0,1.5,4.0,0.4,True,2,2,0.9,0.3,25,19,0.5970149253731343,0.5350404312668463,0.25424508418410857,0.24,0.42857142857142855,0.3076923076923077,0.32490804860946165
two_way,3.0,1.5,4.0,0.4,True,2,2,0.9,0.1,25,19,0.5970149253731343,0.5350404312668463,0.22479913529093853,0.24,0.42857142857142855,0.3076923076923077,0.33276069880414444
positive_rescue,3.0,1.5,4.0,0.4,True,3,1,0.7,0.3,22,9,0.5970149253731343,0.6664420485175202,0.5269333242168185,0.3142857142857143,0.7857142857142857,0.4489795918367347,0.2359721250628689
positive_rescue,3.0,1.5,4.0,0.4,True,3,1,0.9,0.3,22,9,0.5970149253731343,0.6664420485175202,0.24653910146234745,0.3142857142857143,0.7857142857142857,0.4489795918367347,0.3151553957480606
positive_rescue,3.0,1.5,4.0,0.4,True,3,1,0.9,0.1,22,9,0.5970149253731343,0.6664420485175202,0.24653910146234745,0.3142857142857143,0.7857142857142857,0.4489795918367347,0.3151553957480606
negative_veto,3.0,1.5,4.0,0.4,True,3,1,0.7,0.3,22,13,0.7164179104477612,0.5579514824797844,0.38074259011759015,0.3076923076923077,0.2857142857142857,0.2962962962962963,0.18320658652186417
negative_veto,3.0,1.5,4.0,0.4,True,3,1,0.9,0.3,22,13,0.7164179104477612,0.5579514824797844,0.38074259011759015,0.3076923076923077,0.2857142857142857,0.2962962962962963,0.18320658652186417
negative_veto,3.0,1.5,4.0,0.4,True,3,1,0.9,0.1,22,13,0.7164179104477612,0.5579514824797844,0.32688873626373627,0.3076923076923077,0.2857142857142857,0.2962962962962963,0.1994174456717708
two_way,3.0,1.5,4.0,0.4,True,3,1,0.7,0.3,22,22,0.582089552238806,0.47304582210242585,0.35366066859969303,0.18181818181818182,0.2857142857142857,0.2222222222222222,0.2493068674765088
two_way,3.0,1.5,4.0,0.4,True,3,1,0.9,0.3,22,22,0.582089552238806,0.47304582210242585,0.24262170756073195,0.18181818181818182,0.2857142857142857,0.2222222222222222,0.3284901381617005
two_way,3.0,1.5,4.0,0.4,True,3,1,0.9,0.1,22,22,0.582089552238806,0.47304582210242585,0.20433500925304204,0.18181818181818182,0.2857142857142857,0.2222222222222222,0.3447009973116071
positive_rescue,3.0,1.5,4.0,0.4,True,3,2,0.7,0.3,22,9,0.5970149253731343,0.6664420485175202,0.5269333242168185,0.3142857142857143,0.7857142857142857,0.4489795918367347,0.2359721250628689
positive_rescue,3.0,1.5,4.0,0.4,True,3,2,0.9,0.3,22,9,0.5970149253731343,0.6664420485175202,0.24653910146234745,0.3142857142857143,0.7857142857142857,0.4489795918367347,0.3151553957480606
positive_rescue,3.0,1.5,4.0,0.4,True,3,2,0.9,0.1,22,9,0.5970149253731343,0.6664420485175202,0.24653910146234745,0.3142857142857143,0.7857142857142857,0.4489795918367347,0.3151553957480606
negative_veto,3.0,1.5,4.0,0.4,True,3,2,0.7,0.3,22,13,0.7164179104477612,0.5579514824797844,0.38074259011759015,0.3076923076923077,0.2857142857142857,0.2962962962962963,0.18320658652186417
negative_veto,3.0,1.5,4.0,0.4,True,3,2,0.9,0.3,22,13,0.7164179104477612,0.5579514824797844,0.38074259011759015,0.3076923076923077,0.2857142857142857,0.2962962962962963,0.18320658652186417
negative_veto,3.0,1.5,4.0,0.4,True,3,2,0.9,0.1,22,13,0.7164179104477612,0.5579514824797844,0.32688873626373627,0.3076923076923077,0.2857142857142857,0.2962962962962963,0.1994174456717708
two_way,3.0,1.5,4.0,0.4,True,3,2,0.7,0.3,22,22,0.582089552238806,0.47304582210242585,0.35366066859969303,0.18181818181818182,0.2857142857142857,0.2222222222222222,0.2493068674765088
two_way,3.0,1.5,4.0,0.4,True,3,2,0.9,0.3,22,22,0.582089552238806,0.47304582210242585,0.24262170756073195,0.18181818181818182,0.2857142857142857,0.2222222222222222,0.3284901381617005
two_way,3.0,1.5,4.0,0.4,True,3,2,0.9,0.1,22,22,0.582089552238806,0.47304582210242585,0.20433500925304204,0.18181818181818182,0.2857142857142857,0.2222222222222222,0.3447009973116071
positive_rescue,3.0,2.0,1.0,0.2,False,2,1,0.7,0.3,55,33,0.3283582089552239,0.5754716981132075,0.48968116730835176,0.23728813559322035,1.0,0.3835616438356164,0.35755521574432214
positive_rescue,3.0,2.0,1.0,0.2,False,2,1,0.9,0.3,55,33,0.3283582089552239,0.5754716981132075,0.1918973408591119,0.23728813559322035,1.0,0.3835616438356164,0.559171977034927
positive_rescue,3.0,2.0,1.0,0.2,False,2,1,0.9,0.1,55,33,0.3283582089552239,0.5754716981132075,0.1918973408591119,0.23728813559322035,1.0,0.3835616438356164,0.559171977034927
negative_veto,3.0,2.0,1.0,0.2,False,2,1,0.7,0.3,55,4,0.6716417910447762,0.6084905660377358,0.4429137780627719,0.3181818181818182,0.5,0.3888888888888889,0.19122363524146635
negative_veto,3.0,2.0,1.0,0.2,False,2,1,0.9,0.3,55,4,0.6716417910447762,0.6084905660377358,0.4429137780627719,0.3181818181818182,0.5,0.3888888888888889,0.19122363524146635
negative_veto,3.0,2.0,1.0,0.2,False,2,1,0.9,0.1,55,4,0.6716417910447762,0.6084905660377358,0.4098740563133727,0.3181818181818182,0.5,0.3888888888888889,0.20563113175078512
two_way,3.0,2.0,1.0,0.2,False,2,1,0.7,0.3,55,37,0.26865671641791045,0.4326145552560647,0.37682918174721447,0.18181818181818182,0.7142857142857143,0.2898550724637681,0.3789070068775641
two_way,3.0,2.0,1.0,0.2,False,2,1,0.9,0.3,55,37,0.26865671641791045,0.4326145552560647,0.19544390036193315,0.18181818181818182,0.7142857142857143,0.2898550724637681,0.5805237681681691
two_way,3.0,2.0,1.0,0.2,False,2,1,0.9,0.1,55,37,0.26865671641791045,0.4326145552560647,0.19140859140859143,0.18181818181818182,0.7142857142857143,0.2898550724637681,0.5949312646774878
positive_rescue,3.0,2.0,1.0,0.2,False,2,2,0.7,0.3,55,33,0.3283582089552239,0.5754716981132075,0.48968116730835176,0.23728813559322035,1.0,0.3835616438356164,0.35755521574432214
positive_rescue,3.0,2.0,1.0,0.2,False,2,2,0.9,0.3,55,33,0.3283582089552239,0.5754716981132075,0.1918973408591119,0.23728813559322035,1.0,0.3835616438356164,0.559171977034927
positive_rescue,3.0,2.0,1.0,0.2,False,2,2,0.9,0.1,55,33,0.3283582089552239,0.5754716981132075,0.1918973408591119,0.23728813559322035,1.0,0.3835616438356164,0.559171977034927
negative_veto,3.0,2.0,1.0,0.2,False,2,2,0.7,0.3,55,4,0.6716417910447762,0.6084905660377358,0.4429137780627719,0.3181818181818182,0.5,0.3888888888888889,0.19122363524146635
negative_veto,3.0,2.0,1.0,0.2,False,2,2,0.9,0.3,55,4,0.6716417910447762,0.6084905660377358,0.4429137780627719,0.3181818181818182,0.5,0.3888888888888889,0.19122363524146635
negative_veto,3.0,2.0,1.0,0.2,False,2,2,0.9,0.1,55,4,0.6716417910447762,0.6084905660377358,0.4098740563133727,0.3181818181818182,0.5,0.3888888888888889,0.20563113175078512
two_way,3.0,2.0,1.0,0.2,False,2,2,0.7,0.3,55,37,0.26865671641791045,0.4326145552560647,0.37682918174721447,0.18181818181818182,0.7142857142857143,0.2898550724637681,0.3789070068775641
two_way,3.0,2.0,1.0,0.2,False,2,2,0.9,0.3,55,37,0.26865671641791045,0.4326145552560647,0.19544390036193315,0.18181818181818182,0.7142857142857143,0.2898550724637681,0.5805237681681691
two_way,3.0,2.0,1.0,0.2,False,2,2,0.9,0.1,55,37,0.26865671641791045,0.4326145552560647,0.19140859140859143,0.18181818181818182,0.7142857142857143,0.2898550724637681,0.5949312646774878
positive_rescue,3.0,2.0,1.0,0.2,False,3,1,0.7,0.3,54,32,0.31343283582089554,0.5397574123989218,0.4833221060656566,0.22413793103448276,0.9285714285714286,0.3611111111111111,0.3655971842321133
positive_rescue,3.0,2.0,1.0,0.2,False,3,1,0.9,0.3,54,32,0.31343283582089554,0.5397574123989218,0.18083292857647926,0.22413793103448276,0.9285714285714286,0.3611111111111111,0.5684079753734645
positive_rescue,3.0,2.0,1.0,0.2,False,3,1,0.9,0.1,54,32,0.31343283582089554,0.5397574123989218,0.18083292857647926,0.22413793103448276,0.9285714285714286,0.3611111111111111,0.5684079753734645
negative_veto,3.0,2.0,1.0,0.2,False,3,1,0.7,0.3,54,4,0.6716417910447762,0.6084905660377358,0.4429137780627719,0.3181818181818182,0.5,0.3888888888888889,0.19122363524146635
negative_veto,3.0,2.0,1.0,0.2,False,3,1,0.9,0.3,54,4,0.6716417910447762,0.6084905660377358,0.4429137780627719,0.3181818181818182,0.5,0.3888888888888889,0.19122363524146635
negative_veto,3.0,2.0,1.0,0.2,False,3,1,0.9,0.1,54,4,0.6716417910447762,0.6084905660377358,0.4110645325038489,0.3181818181818182,0.5,0.3888888888888889,0.2083354319197103
two_way,3.0,2.0,1.0,0.2,False,3,1,0.7,0.3,54,36,0.2537313432835821,0.396900269541779,0.3703869047619047,0.16666666666666666,0.6428571428571429,0.2647058823529412,0.38694897536535533
two_way,3.0,2.0,1.0,0.2,False,3,1,0.9,0.3,54,36,0.2537313432835821,0.396900269541779,0.18467261904761906,0.16666666666666666,0.6428571428571429,0.2647058823529412,0.5897597665067065
two_way,3.0,2.0,1.0,0.2,False,3,1,0.9,0.1,54,36,0.2537313432835821,0.396900269541779,0.18406593406593408,0.16666666666666666,0.6428571428571429,0.2647058823529412,0.6068715631849505
positive_rescue,3.0,2.0,1.0,0.2,False,3,2,0.7,0.3,54,32,0.31343283582089554,0.5397574123989218,0.4833221060656566,0.22413793103448276,0.9285714285714286,0.3611111111111111,0.3655971842321133
positive_rescue,3.0,2.0,1.0,0.2,False,3,2,0.9,0.3,54,32,0.31343283582089554,0.5397574123989218,0.18083292857647926,0.22413793103448276,0.9285714285714286,0.3611111111111111,0.5684079753734645
positive_rescue,3.0,2.0,1.0,0.2,False,3,2,0.9,0.1,54,32,0.31343283582089554,0.5397574123989218,0.18083292857647926,0.22413793103448276,0.9285714285714286,0.3611111111111111,0.5684079753734645
negative_veto,3.0,2.0,1.0,0.2,False,3,2,0.7,0.3,54,4,0.6716417910447762,0.6084905660377358,0.4429137780627719,0.3181818181818182,0.5,0.3888888888888889,0.19122363524146635
negative_veto,3.0,2.0,1.0,0.2,False,3,2,0.9,0.3,54,4,0.6716417910447762,0.6084905660377358,0.4429137780627719,0.3181818181818182,0.5,0.3888888888888889,0.19122363524146635
negative_veto,3.0,2.0,1.0,0.2,False,3,2,0.9,0.1,54,4,0.6716417910447762,0.6084905660377358,0.4110645325038489,0.3181818181818182,0.5,0.3888888888888889,0.2083354319197103
two_way,3.0,2.0,1.0,0.2,False,3,2,0.7,0.3,54,36,0.2537313432835821,0.396900269541779,0.3703869047619047,0.16666666666666666,0.6428571428571429,0.2647058823529412,0.38694897536535533
two_way,3.0,2.0,1.0,0.2,False,3,2,0.9,0.3,54,36,0.2537313432835821,0.396900269541779,0.18467261904761906,0.16666666666666666,0.6428571428571429,0.2647058823529412,0.5897597665067065
two_way,3.0,2.0,1.0,0.2,False,3,2,0.9,0.1,54,36,0.2537313432835821,0.396900269541779,0.18406593406593408,0.16666666666666666,0.6428571428571429,0.2647058823529412,0.6068715631849505
positive_rescue,3.0,2.0,1.0,0.2,True,2,1,0.7,0.3,52,31,0.3283582089552239,0.5491913746630728,0.4870389696282552,0.22807017543859648,0.9285714285714286,0.36619718309859156,0.3543069207566549
positive_rescue,3.0,2.0,1.0,0.2,True,2,1,0.9,0.3,52,31,0.3283582089552239,0.5491913746630728,0.18708213800026469,0.22807017543859648,0.9285714285714286,0.36619718309859156,0.5475654730920358
positive_rescue,3.0,2.0,1.0,0.2,True,2,1,0.9,0.1,52,31,0.3283582089552239,0.5491913746630728,0.18708213800026469,0.22807017543859648,0.9285714285714286,0.36619718309859156,0.5475654730920358
negative_veto,3.0,2.0,1.0,0.2,True,2,1,0.7,0.3,52,5,0.6865671641791045,0.6179245283018868,0.4439960291450229,0.3333333333333333,0.5,0.4,0.19017384866233045
negative_veto,3.0,2.0,1.0,0.2,True,2,1,0.9,0.3,52,5,0.6865671641791045,0.6179245283018868,0.4439960291450229,0.3333333333333333,0.5,0.4,0.19017384866233045
negative_veto,3.0,2.0,1.0,0.2,True,2,1,0.9,0.1,52,5,0.6865671641791045,0.6179245283018868,0.41276122291021666,0.3333333333333333,0.5,0.4,0.20529733718621354
two_way,3.0,2.0,1.0,0.2,True,2,1,0.7,0.3,52,36,0.2835820895522388,0.4157681940700809,0.3737255153039051,0.17307692307692307,0.6428571428571429,0.2727272727272727,0.37460892531076095
two_way,3.0,2.0,1.0,0.2,True,2,1,0.9,0.3,52,36,0.2835820895522388,0.4157681940700809,0.18984273142112124,0.17307692307692307,0.6428571428571429,0.2727272727272727,0.5678674776461421
two_way,3.0,2.0,1.0,0.2,True,2,1,0.9,0.1,52,36,0.2835820895522388,0.4157681940700809,0.18818681318681318,0.17307692307692307,0.6428571428571429,0.2727272727272727,0.5829909661700252
positive_rescue,3.0,2.0,1.0,0.2,True,2,2,0.7,0.3,52,31,0.3283582089552239,0.5491913746630728,0.4870389696282552,0.22807017543859648,0.9285714285714286,0.36619718309859156,0.3543069207566549
positive_rescue,3.0,2.0,1.0,0.2,True,2,2,0.9,0.3,52,31,0.3283582089552239,0.5491913746630728,0.18708213800026469,0.22807017543859648,0.9285714285714286,0.36619718309859156,0.5475654730920358
positive_rescue,3.0,2.0,1.0,0.2,True,2,2,0.9,0.1,52,31,0.3283582089552239,0.5491913746630728,0.18708213800026469,0.22807017543859648,0.9285714285714286,0.36619718309859156,0.5475654730920358
negative_veto,3.0,2.0,1.0,0.2,True,2,2,0.7,0.3,52,5,0.6865671641791045,0.6179245283018868,0.4439960291450229,0.3333333333333333,0.5,0.4,0.19017384866233045
negative_veto,3.0,2.0,1.0,0.2,True,2,2,0.9,0.3,52,5,0.6865671641791045,0.6179245283018868,0.4439960291450229,0.3333333333333333,0.5,0.4,0.19017384866233045
negative_veto,3.0,2.0,1.0,0.2,True,2,2,0.9,0.1,52,5,0.6865671641791045,0.6179245283018868,0.41276122291021666,0.3333333333333333,0.5,0.4,0.20529733718621354
two_way,3.0,2.0,1.0,0.2,True,2,2,0.7,0.3,52,36,0.2835820895522388,0.4157681940700809,0.3737255153039051,0.17307692307692307,0.6428571428571429,0.2727272727272727,0.37460892531076095
two_way,3.0,2.0,1.0,0.2,True,2,2,0.9,0.3,52,36,0.2835820895522388,0.4157681940700809,0.18984273142112124,0.17307692307692307,0.6428571428571429,0.2727272727272727,0.5678674776461421
two_way,3.0,2.0,1.0,0.2,True,2,2,0.9,0.1,52,36,0.2835820895522388,0.4157681940700809,0.18818681318681318,0.17307692307692307,0.6428571428571429,0.2727272727272727,0.5829909661700252
positive_rescue,3.0,2.0,1.0,0.2,True,3,1,0.7,0.3,51,30,0.34328358208955223,0.5586253369272237,0.48900172061391733,0.23214285714285715,0.9285714285714286,0.37142857142857144,0.34811191448653156
positive_rescue,3.0,2.0,1.0,0.2,True,3,1,0.9,0.3,51,30,0.34328358208955223,0.5586253369272237,0.19038757248732277,0.23214285714285715,0.9285714285714286,0.37142857142857144,0.5365943474189275
positive_rescue,3.0,2.0,1.0,0.2,True,3,1,0.9,0.1,51,30,0.34328358208955223,0.5586253369272237,0.19038757248732277,0.23214285714285715,0.9285714285714286,0.37142857142857144,0.5365943474189275
negative_veto,3.0,2.0,1.0,0.2,True,3,1,0.7,0.3,51,5,0.6865671641791045,0.6179245283018868,0.4439960291450229,0.3333333333333333,0.5,0.4,0.19017384866233045
negative_veto,3.0,2.0,1.0,0.2,True,3,1,0.9,0.3,51,5,0.6865671641791045,0.6179245283018868,0.4439960291450229,0.3333333333333333,0.5,0.4,0.19017384866233045
negative_veto,3.0,2.0,1.0,0.2,True,3,1,0.9,0.1,51,5,0.6865671641791045,0.6179245283018868,0.41276122291021666,0.3333333333333333,0.5,0.4,0.2043281643518593
two_way,3.0,2.0,1.0,0.2,True,3,1,0.7,0.3,51,35,0.29850746268656714,0.42520215633423186,0.376022952284362,0.17647058823529413,0.6428571428571429,0.27692307692307694,0.3684139190406377
two_way,3.0,2.0,1.0,0.2,True,3,1,0.9,0.3,51,35,0.29850746268656714,0.42520215633423186,0.19310978701825557,0.17647058823529413,0.6428571428571429,0.27692307692307694,0.5568963519730337
two_way,3.0,2.0,1.0,0.2,True,3,1,0.9,0.1,51,35,0.29850746268656714,0.42520215633423186,0.19036845507433742,0.17647058823529413,0.6428571428571429,0.27692307692307694,0.5710506676625624
positive_rescue,3.0,2.0,1.0,0.2,True,3,2,0.7,0.3,51,30,0.34328358208955223,0.5586253369272237,0.48900172061391733,0.23214285714285715,0.9285714285714286,0.37142857142857144,0.34811191448653156
positive_rescue,3.0,2.0,1.0,0.2,True,3,2,0.9,0.3,51,30,0.34328358208955223,0.5586253369272237,0.19038757248732277,0.23214285714285715,0.9285714285714286,0.37142857142857144,0.5365943474189275
positive_rescue,3.0,2.0,1.0,0.2,True,3,2,0.9,0.1,51,30,0.34328358208955223,0.5586253369272237,0.19038757248732277,0.23214285714285715,0.9285714285714286,0.37142857142857144,0.5365943474189275
negative_veto,3.0,2.0,1.0,0.2,True,3,2,0.7,0.3,51,5,0.6865671641791045,0.6179245283018868,0.4439960291450229,0.3333333333333333,0.5,0.4,0.19017384866233045
negative_veto,3.0,2.0,1.0,0.2,True,3,2,0.9,0.3,51,5,0.6865671641791045,0.6179245283018868,0.4439960291450229,0.3333333333333333,0.5,0.4,0.19017384866233045
negative_veto,3.0,2.0,1.0,0.2,True,3,2,0.9,0.1,51,5,0.6865671641791045,0.6179245283018868,0.41276122291021666,0.3333333333333333,0.5,0.4,0.2043281643518593
two_way,3.0,2.0,1.0,0.2,True,3,2,0.7,0.3,51,35,0.29850746268656714,0.42520215633423186,0.376022952284362,0.17647058823529413,0.6428571428571429,0.27692307692307694,0.3684139190406377
two_way,3.0,2.0,1.0,0.2,True,3,2,0.9,0.3,51,35,0.29850746268656714,0.42520215633423186,0.19310978701825557,0.17647058823529413,0.6428571428571429,0.27692307692307694,0.5568963519730337
two_way,3.0,2.0,1.0,0.2,True,3,2,0.9,0.1,51,35,0.29850746268656714,0.42520215633423186,0.19036845507433742,0.17647058823529413,0.6428571428571429,0.27692307692307694,0.5710506676625624
positive_rescue,3.0,2.0,1.0,0.4,False,2,1,0.7,0.3,55,33,0.3283582089552239,0.5754716981132075,0.48968116730835176,0.23728813559322035,1.0,0.3835616438356164,0.35755521574432214
positive_rescue,3.0,2.0,1.0,0.4,False,2,1,0.9,0.3,55,33,0.3283582089552239,0.5754716981132075,0.1918973408591119,0.23728813559322035,1.0,0.3835616438356164,0.559171977034927
positive_rescue,3.0,2.0,1.0,0.4,False,2,1,0.9,0.1,55,33,0.3283582089552239,0.5754716981132075,0.1918973408591119,0.23728813559322035,1.0,0.3835616438356164,0.559171977034927
negative_veto,3.0,2.0,1.0,0.4,False,2,1,0.7,0.3,55,4,0.6716417910447762,0.6084905660377358,0.4429137780627719,0.3181818181818182,0.5,0.3888888888888889,0.19122363524146635
negative_veto,3.0,2.0,1.0,0.4,False,2,1,0.9,0.3,55,4,0.6716417910447762,0.6084905660377358,0.4429137780627719,0.3181818181818182,0.5,0.3888888888888889,0.19122363524146635
negative_veto,3.0,2.0,1.0,0.4,False,2,1,0.9,0.1,55,4,0.6716417910447762,0.6084905660377358,0.4098740563133727,0.3181818181818182,0.5,0.3888888888888889,0.20563113175078512
two_way,3.0,2.0,1.0,0.4,False,2,1,0.7,0.3,55,37,0.26865671641791045,0.4326145552560647,0.37682918174721447,0.18181818181818182,0.7142857142857143,0.2898550724637681,0.3789070068775641
two_way,3.0,2.0,1.0,0.4,False,2,1,0.9,0.3,55,37,0.26865671641791045,0.4326145552560647,0.19544390036193315,0.18181818181818182,0.7142857142857143,0.2898550724637681,0.5805237681681691
two_way,3.0,2.0,1.0,0.4,False,2,1,0.9,0.1,55,37,0.26865671641791045,0.4326145552560647,0.19140859140859143,0.18181818181818182,0.7142857142857143,0.2898550724637681,0.5949312646774878
positive_rescue,3.0,2.0,1.0,0.4,False,2,2,0.7,0.3,55,33,0.3283582089552239,0.5754716981132075,0.48968116730835176,0.23728813559322035,1.0,0.3835616438356164,0.35755521574432214
positive_rescue,3.0,2.0,1.0,0.4,False,2,2,0.9,0.3,55,33,0.3283582089552239,0.5754716981132075,0.1918973408591119,0.23728813559322035,1.0,0.3835616438356164,0.559171977034927
positive_rescue,3.0,2.0,1.0,0.4,False,2,2,0.9,0.1,55,33,0.3283582089552239,0.5754716981132075,0.1918973408591119,0.23728813559322035,1.0,0.3835616438356164,0.559171977034927
negative_veto,3.0,2.0,1.0,0.4,False,2,2,0.7,0.3,55,4,0.6716417910447762,0.6084905660377358,0.4429137780627719,0.3181818181818182,0.5,0.3888888888888889,0.19122363524146635
negative_veto,3.0,2.0,1.0,0.4,False,2,2,0.9,0.3,55,4,0.6716417910447762,0.6084905660377358,0.4429137780627719,0.3181818181818182,0.5,0.3888888888888889,0.19122363524146635
negative_veto,3.0,2.0,1.0,0.4,False,2,2,0.9,0.1,55,4,0.6716417910447762,0.6084905660377358,0.4098740563133727,0.3181818181818182,0.5,0.3888888888888889,0.20563113175078512
two_way,3.0,2.0,1.0,0.4,False,2,2,0.7,0.3,55,37,0.26865671641791045,0.4326145552560647,0.37682918174721447,0.18181818181818182,0.7142857142857143,0.2898550724637681,0.3789070068775641
two_way,3.0,2.0,1.0,0.4,False,2,2,0.9,0.3,55,37,0.26865671641791045,0.4326145552560647,0.19544390036193315,0.18181818181818182,0.7142857142857143,0.2898550724637681,0.5805237681681691
two_way,3.0,2.0,1.0,0.4,False,2,2,0.9,0.1,55,37,0.26865671641791045,0.4326145552560647,0.19140859140859143,0.18181818181818182,0.7142857142857143,0.2898550724637681,0.5949312646774878
positive_rescue,3.0,2.0,1.0,0.4,False,3,1,0.7,0.3,55,33,0.3283582089552239,0.5754716981132075,0.48968116730835176,0.23728813559322035,1.0,0.3835616438356164,0.35755521574432214
positive_rescue,3.0,2.0,1.0,0.4,False,3,1,0.9,0.3,55,33,0.3283582089552239,0.5754716981132075,0.1918973408591119,0.23728813559322035,1.0,0.3835616438356164,0.559171977034927
positive_rescue,3.0,2.0,1.0,0.4,False,3,1,0.9,0.1,55,33,0.3283582089552239,0.5754716981132075,0.1918973408591119,0.23728813559322035,1.0,0.3835616438356164,0.559171977034927
negative_veto,3.0,2.0,1.0,0.4,False,3,1,0.7,0.3,55,4,0.6716417910447762,0.6084905660377358,0.4429137780627719,0.3181818181818182,0.5,0.3888888888888889,0.19122363524146635
negative_veto,3.0,2.0,1.0,0.4,False,3,1,0.9,0.3,55,4,0.6716417910447762,0.6084905660377358,0.4429137780627719,0.3181818181818182,0.5,0.3888888888888889,0.19122363524146635
negative_veto,3.0,2.0,1.0,0.4,False,3,1,0.9,0.1,55,4,0.6716417910447762,0.6084905660377358,0.4098740563133727,0.3181818181818182,0.5,0.3888888888888889,0.20563113175078512
two_way,3.0,2.0,1.0,0.4,False,3,1,0.7,0.3,55,37,0.26865671641791045,0.4326145552560647,0.37682918174721447,0.18181818181818182,0.7142857142857143,0.2898550724637681,0.3789070068775641
two_way,3.0,2.0,1.0,0.4,False,3,1,0.9,0.3,55,37,0.26865671641791045,0.4326145552560647,0.19544390036193315,0.18181818181818182,0.7142857142857143,0.2898550724637681,0.5805237681681691
two_way,3.0,2.0,1.0,0.4,False,3,1,0.9,0.1,55,37,0.26865671641791045,0.4326145552560647,0.19140859140859143,0.18181818181818182,0.7142857142857143,0.2898550724637681,0.5949312646774878
positive_rescue,3.0,2.0,1.0,0.4,False,3,2,0.7,0.3,55,33,0.3283582089552239,0.5754716981132075,0.48968116730835176,0.23728813559322035,1.0,0.3835616438356164,0.35755521574432214
positive_rescue,3.0,2.0,1.0,0.4,False,3,2,0.9,0.3,55,33,0.3283582089552239,0.5754716981132075,0.1918973408591119,0.23728813559322035,1.0,0.3835616438356164,0.559171977034927
positive_rescue,3.0,2.0,1.0,0.4,False,3,2,0.9,0.1,55,33,0.3283582089552239,0.5754716981132075,0.1918973408591119,0.23728813559322035,1.0,0.3835616438356164,0.559171977034927
negative_veto,3.0,2.0,1.0,0.4,False,3,2,0.7,0.3,55,4,0.6716417910447762,0.6084905660377358,0.4429137780627719,0.3181818181818182,0.5,0.3888888888888889,0.19122363524146635
negative_veto,3.0,2.0,1.0,0.4,False,3,2,0.9,0.3,55,4,0.6716417910447762,0.6084905660377358,0.4429137780627719,0.3181818181818182,0.5,0.3888888888888889,0.19122363524146635
negative_veto,3.0,2.0,1.0,0.4,False,3,2,0.9,0.1,55,4,0.6716417910447762,0.6084905660377358,0.4098740563133727,0.3181818181818182,0.5,0.3888888888888889,0.20563113175078512
two_way,3.0,2.0,1.0,0.4,False,3,2,0.7,0.3,55,37,0.26865671641791045,0.4326145552560647,0.37682918174721447,0.18181818181818182,0.7142857142857143,0.2898550724637681,0.3789070068775641
two_way,3.0,2.0,1.0,0.4,False,3,2,0.9,0.3,55,37,0.26865671641791045,0.4326145552560647,0.19544390036193315,0.18181818181818182,0.7142857142857143,0.2898550724637681,0.5805237681681691
two_way,3.0,2.0,1.0,0.4,False,3,2,0.9,0.1,55,37,0.26865671641791045,0.4326145552560647,0.19140859140859143,0.18181818181818182,0.7142857142857143,0.2898550724637681,0.5949312646774878
positive_rescue,3.0,2.0,1.0,0.4,True,2,1,0.7,0.3,53,32,0.34328358208955223,0.5849056603773585,0.49412858444813323,0.2413793103448276,1.0,0.3888888888888889,0.34626495226886367
positive_rescue,3.0,2.0,1.0,0.4,True,2,1,0.9,0.3,53,32,0.34328358208955223,0.5849056603773585,0.1990310619247348,0.2413793103448276,1.0,0.3888888888888889,0.5383294747534983
positive_rescue,3.0,2.0,1.0,0.4,True,2,1,0.9,0.1,53,32,0.34328358208955223,0.5849056603773585,0.1990310619247348,0.2413793103448276,1.0,0.3888888888888889,0.5383294747534983
negative_veto,3.0,2.0,1.0,0.4,True,2,1,0.7,0.3,53,5,0.6865671641791045,0.6179245283018868,0.4439960291450229,0.3333333333333333,0.5,0.4,0.19017384866233045
negative_veto,3.0,2.0,1.0,0.4,True,2,1,0.9,0.3,53,5,0.6865671641791045,0.6179245283018868,0.4439960291450229,0.3333333333333333,0.5,0.4,0.19017384866233045
negative_veto,3.0,2.0,1.0,0.4,True,2,1,0.9,0.1,53,5,0.6865671641791045,0.6179245283018868,0.41223519854698304,0.3333333333333333,0.5,0.4,0.20259303701728837
two_way,3.0,2.0,1.0,0.4,True,2,1,0.7,0.3,53,37,0.29850746268656714,0.4514824797843666,0.3808625336927224,0.18867924528301888,0.7142857142857143,0.29850746268656714,0.36656695682296975
two_way,3.0,2.0,1.0,0.4,True,2,1,0.9,0.3,53,37,0.29850746268656714,0.4514824797843666,0.2014375561545373,0.18867924528301888,0.7142857142857143,0.29850746268656714,0.5586314793076045
two_way,3.0,2.0,1.0,0.4,True,2,1,0.9,0.1,53,37,0.29850746268656714,0.4514824797843666,0.19630935102633218,0.18867924528301888,0.7142857142857143,0.29850746268656714,0.5710506676625625
positive_rescue,3.0,2.0,1.0,0.4,True,2,2,0.7,0.3,53,32,0.34328358208955223,0.5849056603773585,0.49412858444813323,0.2413793103448276,1.0,0.3888888888888889,0.34626495226886367
positive_rescue,3.0,2.0,1.0,0.4,True,2,2,0.9,0.3,53,32,0.34328358208955223,0.5849056603773585,0.1990310619247348,0.2413793103448276,1.0,0.3888888888888889,0.5383294747534983
positive_rescue,3.0,2.0,1.0,0.4,True,2,2,0.9,0.1,53,32,0.34328358208955223,0.5849056603773585,0.1990310619247348,0.2413793103448276,1.0,0.3888888888888889,0.5383294747534983
negative_veto,3.0,2.0,1.0,0.4,True,2,2,0.7,0.3,53,5,0.6865671641791045,0.6179245283018868,0.4439960291450229,0.3333333333333333,0.5,0.4,0.19017384866233045
negative_veto,3.0,2.0,1.0,0.4,True,2,2,0.9,0.3,53,5,0.6865671641791045,0.6179245283018868,0.4439960291450229,0.3333333333333333,0.5,0.4,0.19017384866233045
negative_veto,3.0,2.0,1.0,0.4,True,2,2,0.9,0.1,53,5,0.6865671641791045,0.6179245283018868,0.41223519854698304,0.3333333333333333,0.5,0.4,0.20259303701728837
two_way,3.0,2.0,1.0,0.4,True,2,2,0.7,0.3,53,37,0.29850746268656714,0.4514824797843666,0.3808625336927224,0.18867924528301888,0.7142857142857143,0.29850746268656714,0.36656695682296975
two_way,3.0,2.0,1.0,0.4,True,2,2,0.9,0.3,53,37,0.29850746268656714,0.4514824797843666,0.2014375561545373,0.18867924528301888,0.7142857142857143,0.29850746268656714,0.5586314793076045
two_way,3.0,2.0,1.0,0.4,True,2,2,0.9,0.1,53,37,0.29850746268656714,0.4514824797843666,0.19630935102633218,0.18867924528301888,0.7142857142857143,0.29850746268656714,0.5710506676625625
positive_rescue,3.0,2.0,1.0,0.4,True,3,1,0.7,0.3,51,30,0.34328358208955223,0.5586253369272237,0.48900172061391733,0.23214285714285715,0.9285714285714286,0.37142857142857144,0.34811191448653156
positive_rescue,3.0,2.0,1.0,0.4,True,3,1,0.9,0.3,51,30,0.34328358208955223,0.5586253369272237,0.19038757248732277,0.23214285714285715,0.9285714285714286,0.37142857142857144,0.5365943474189275
positive_rescue,3.0,2.0,1.0,0.4,True,3,1,0.9,0.1,51,30,0.34328358208955223,0.5586253369272237,0.19038757248732277,0.23214285714285715,0.9285714285714286,0.37142857142857144,0.5365943474189275
negative_veto,3.0,2.0,1.0,0.4,True,3,1,0.7,0.3,51,5,0.6865671641791045,0.6179245283018868,0.4439960291450229,0.3333333333333333,0.5,0.4,0.19017384866233045
negative_veto,3.0,2.0,1.0,0.4,True,3,1,0.9,0.3,51,5,0.6865671641791045,0.6179245283018868,0.4439960291450229,0.3333333333333333,0.5,0.4,0.19017384866233045
negative_veto,3.0,2.0,1.0,0.4,True,3,1,0.9,0.1,51,5,0.6865671641791045,0.6179245283018868,0.41276122291021666,0.3333333333333333,0.5,0.4,0.2043281643518593
two_way,3.0,2.0,1.0,0.4,True,3,1,0.7,0.3,51,35,0.29850746268656714,0.42520215633423186,0.376022952284362,0.17647058823529413,0.6428571428571429,0.27692307692307694,0.3684139190406377
two_way,3.0,2.0,1.0,0.4,True,3,1,0.9,0.3,51,35,0.29850746268656714,0.42520215633423186,0.19310978701825557,0.17647058823529413,0.6428571428571429,0.27692307692307694,0.5568963519730337
two_way,3.0,2.0,1.0,0.4,True,3,1,0.9,0.1,51,35,0.29850746268656714,0.42520215633423186,0.19036845507433742,0.17647058823529413,0.6428571428571429,0.27692307692307694,0.5710506676625624
positive_rescue,3.0,2.0,1.0,0.4,True,3,2,0.7,0.3,51,30,0.34328358208955223,0.5586253369272237,0.48900172061391733,0.23214285714285715,0.9285714285714286,0.37142857142857144,0.34811191448653156
positive_rescue,3.0,2.0,1.0,0.4,True,3,2,0.9,0.3,51,30,0.34328358208955223,0.5586253369272237,0.19038757248732277,0.23214285714285715,0.9285714285714286,0.37142857142857144,0.5365943474189275
positive_rescue,3.0,2.0,1.0,0.4,True,3,2,0.9,0.1,51,30,0.34328358208955223,0.5586253369272237,0.19038757248732277,0.23214285714285715,0.9285714285714286,0.37142857142857144,0.5365943474189275
negative_veto,3.0,2.0,1.0,0.4,True,3,2,0.7,0.3,51,5,0.6865671641791045,0.6179245283018868,0.4439960291450229,0.3333333333333333,0.5,0.4,0.19017384866233045
negative_veto,3.0,2.0,1.0,0.4,True,3,2,0.9,0.3,51,5,0.6865671641791045,0.6179245283018868,0.4439960291450229,0.3333333333333333,0.5,0.4,0.19017384866233045
negative_veto,3.0,2.0,1.0,0.4,True,3,2,0.9,0.1,51,5,0.6865671641791045,0.6179245283018868,0.41276122291021666,0.3333333333333333,0.5,0.4,0.2043281643518593
two_way,3.0,2.0,1.0,0.4,True,3,2,0.7,0.3,51,35,0.29850746268656714,0.42520215633423186,0.376022952284362,0.17647058823529413,0.6428571428571429,0.27692307692307694,0.3684139190406377
two_way,3.0,2.0,1.0,0.4,True,3,2,0.9,0.3,51,35,0.29850746268656714,0.42520215633423186,0.19310978701825557,0.17647058823529413,0.6428571428571429,0.27692307692307694,0.5568963519730337
two_way,3.0,2.0,1.0,0.4,True,3,2,0.9,0.1,51,35,0.29850746268656714,0.42520215633423186,0.19036845507433742,0.17647058823529413,0.6428571428571429,0.27692307692307694,0.5710506676625624
positive_rescue,3.0,2.0,2.0,0.2,False,2,1,0.7,0.3,53,31,0.3283582089552239,0.5491913746630728,0.48514701933404936,0.22807017543859648,0.9285714285714286,0.36619718309859156,0.3592272834312503
positive_rescue,3.0,2.0,2.0,0.2,False,2,1,0.9,0.3,53,31,0.3283582089552239,0.5491913746630728,0.1838994972644249,0.22807017543859648,0.9285714285714286,0.36619718309859156,0.5572619551696163
positive_rescue,3.0,2.0,2.0,0.2,False,2,1,0.9,0.1,53,31,0.3283582089552239,0.5491913746630728,0.1838994972644249,0.22807017543859648,0.9285714285714286,0.36619718309859156,0.5572619551696163
negative_veto,3.0,2.0,2.0,0.2,False,2,1,0.7,0.3,53,4,0.6716417910447762,0.6084905660377358,0.4429137780627719,0.3181818181818182,0.5,0.3888888888888889,0.19122363524146635
negative_veto,3.0,2.0,2.0,0.2,False,2,1,0.9,0.3,53,4,0.6716417910447762,0.6084905660377358,0.4429137780627719,0.3181818181818182,0.5,0.3888888888888889,0.19122363524146635
negative_veto,3.0,2.0,2.0,0.2,False,2,1,0.9,0.1,53,4,0.6716417910447762,0.6084905660377358,0.41106453250384883,0.3181818181818182,0.5,0.3888888888888889,0.20754115361609574
two_way,3.0,2.0,2.0,0.2,False,2,1,0.7,0.3,53,35,0.26865671641791045,0.4063342318059299,0.37255922876026004,0.16981132075471697,0.6428571428571429,0.26865671641791045,0.3805790745644923
two_way,3.0,2.0,2.0,0.2,False,2,1,0.9,0.3,53,35,0.26865671641791045,0.4063342318059299,0.1877434156425602,0.16981132075471697,0.6428571428571429,0.26865671641791045,0.5786137463028584
two_way,3.0,2.0,2.0,0.2,False,2,1,0.9,0.1,53,35,0.26865671641791045,0.4063342318059299,0.18608749740825212,0.16981132075471697,0.6428571428571429,0.26865671641791045,0.5949312646774878
positive_rescue,3.0,2.0,2.0,0.2,False,2,2,0.7,0.3,53,31,0.3283582089552239,0.5491913746630728,0.48514701933404936,0.22807017543859648,0.9285714285714286,0.36619718309859156,0.3592272834312503
positive_rescue,3.0,2.0,2.0,0.2,False,2,2,0.9,0.3,53,31,0.3283582089552239,0.5491913746630728,0.1838994972644249,0.22807017543859648,0.9285714285714286,0.36619718309859156,0.5572619551696163
positive_rescue,3.0,2.0,2.0,0.2,False,2,2,0.9,0.1,53,31,0.3283582089552239,0.5491913746630728,0.1838994972644249,0.22807017543859648,0.9285714285714286,0.36619718309859156,0.5572619551696163
negative_veto,3.0,2.0,2.0,0.2,False,2,2,0.7,0.3,53,4,0.6716417910447762,0.6084905660377358,0.4429137780627719,0.3181818181818182,0.5,0.3888888888888889,0.19122363524146635
negative_veto,3.0,2.0,2.0,0.2,False,2,2,0.9,0.3,53,4,0.6716417910447762,0.6084905660377358,0.4429137780627719,0.3181818181818182,0.5,0.3888888888888889,0.19122363524146635
negative_veto,3.0,2.0,2.0,0.2,False,2,2,0.9,0.1,53,4,0.6716417910447762,0.6084905660377358,0.41106453250384883,0.3181818181818182,0.5,0.3888888888888889,0.20754115361609574
two_way,3.0,2.0,2.0,0.2,False,2,2,0.7,0.3,53,35,0.26865671641791045,0.4063342318059299,0.37255922876026004,0.16981132075471697,0.6428571428571429,0.26865671641791045,0.3805790745644923
two_way,3.0,2.0,2.0,0.2,False,2,2,0.9,0.3,53,35,0.26865671641791045,0.4063342318059299,0.1877434156425602,0.16981132075471697,0.6428571428571429,0.26865671641791045,0.5786137463028584
two_way,3.0,2.0,2.0,0.2,False,2,2,0.9,0.1,53,35,0.26865671641791045,0.4063342318059299,0.18608749740825212,0.16981132075471697,0.6428571428571429,0.26865671641791045,0.5949312646774878
positive_rescue,3.0,2.0,2.0,0.2,False,3,1,0.7,0.3,50,30,0.34328358208955223,0.5586253369272237,0.4907266728105676,0.23214285714285715,0.9285714285714286,0.37142857142857144,0.3457148193315944
positive_rescue,3.0,2.0,2.0,0.2,False,3,1,0.9,0.3,50,30,0.34328358208955223,0.5586253369272237,0.19351040168673353,0.23214285714285715,0.9285714285714286,0.37142857142857144,0.5294211328610052
positive_rescue,3.0,2.0,2.0,0.2,False,3,1,0.9,0.1,50,30,0.34328358208955223,0.5586253369272237,0.19351040168673353,0.23214285714285715,0.9285714285714286,0.37142857142857144,0.5294211328610052
negative_veto,3.0,2.0,2.0,0.2,False,3,1,0.7,0.3,50,6,0.7014925373134329,0.6273584905660378,0.4477526633776634,0.35,0.5,0.4117647058823529,0.18626307295810854
negative_veto,3.0,2.0,2.0,0.2,False,3,1,0.9,0.3,50,6,0.7014925373134329,0.6273584905660378,0.4477526633776634,0.35,0.5,0.4117647058823529,0.18626307295810854
negative_veto,3.0,2.0,2.0,0.2,False,3,1,0.9,0.1,50,6,0.7014925373134329,0.6273584905660378,0.417174671592775,0.35,0.5,0.4117647058823529,0.1995610804023188
two_way,3.0,2.0,2.0,0.2,False,3,1,0.7,0.3,50,36,0.31343283582089554,0.4346361185983828,0.37728345648604267,0.18,0.6428571428571429,0.28125,0.3621060481814787
two_way,3.0,2.0,2.0,0.2,False,3,1,0.9,0.3,50,36,0.31343283582089554,0.4346361185983828,0.19537869458128077,0.18,0.6428571428571429,0.28125,0.5458123617108895
two_way,3.0,2.0,2.0,0.2,False,3,1,0.9,0.1,50,36,0.31343283582089554,0.4346361185983828,0.19263736263736264,0.18,0.6428571428571429,0.28125,0.5591103691550997
positive_rescue,3.0,2.0,2.0,0.2,False,3,2,0.7,0.3,50,30,0.34328358208955223,0.5586253369272237,0.4907266728105676,0.23214285714285715,0.9285714285714286,0.37142857142857144,0.3457148193315944
positive_rescue,3.0,2.0,2.0,0.2,False,3,2,0.9,0.3,50,30,0.34328358208955223,0.5586253369272237,0.19351040168673353,0.23214285714285715,0.9285714285714286,0.37142857142857144,0.5294211328610052
positive_rescue,3.0,2.0,2.0,0.2,False,3,2,0.9,0.1,50,30,0.34328358208955223,0.5586253369272237,0.19351040168673353,0.23214285714285715,0.9285714285714286,0.37142857142857144,0.5294211328610052
negative_veto,3.0,2.0,2.0,0.2,False,3,2,0.7,0.3,50,6,0.7014925373134329,0.6273584905660378,0.4477526633776634,0.35,0.5,0.4117647058823529,0.18626307295810854
negative_veto,3.0,2.0,2.0,0.2,False,3,2,0.9,0.3,50,6,0.7014925373134329,0.6273584905660378,0.4477526633776634,0.35,0.5,0.4117647058823529,0.18626307295810854
negative_veto,3.0,2.0,2.0,0.2,False,3,2,0.9,0.1,50,6,0.7014925373134329,0.6273584905660378,0.417174671592775,0.35,0.5,0.4117647058823529,0.1995610804023188
two_way,3.0,2.0,2.0,0.2,False,3,2,0.7,0.3,50,36,0.31343283582089554,0.4346361185983828,0.37728345648604267,0.18,0.6428571428571429,0.28125,0.3621060481814787
two_way,3.0,2.0,2.0,0.2,False,3,2,0.9,0.3,50,36,0.31343283582089554,0.4346361185983828,0.19537869458128077,0.18,0.6428571428571429,0.28125,0.5458123617108895
two_way,3.0,2.0,2.0,0.2,False,3,2,0.9,0.1,50,36,0.31343283582089554,0.4346361185983828,0.19263736263736264,0.18,0.6428571428571429,0.28125,0.5591103691550997
positive_rescue,3.0,2.0,2.0,0.2,True,2,1,0.7,0.3,48,28,0.373134328358209,0.5774932614555256,0.4955239977914476,0.24074074074074073,0.9285714285714286,0.38235294117647056,0.3315463826397618
positive_rescue,3.0,2.0,2.0,0.2,True,2,1,0.9,0.3,48,28,0.373134328358209,0.5774932614555256,0.201283230055782,0.24074074074074073,0.9285714285714286,0.38235294117647056,0.5057004573632025
positive_rescue,3.0,2.0,2.0,0.2,True,2,1,0.9,0.1,48,28,0.373134328358209,0.5774932614555256,0.201283230055782,0.24074074074074073,0.9285714285714286,0.38235294117647056,0.5057004573632025
negative_veto,3.0,2.0,2.0,0.2,True,2,1,0.7,0.3,48,6,0.7014925373134329,0.6273584905660378,0.4477526633776634,0.35,0.5,0.4117647058823529,0.18626307295810854
negative_veto,3.0,2.0,2.0,0.2,True,2,1,0.9,0.3,48,6,0.7014925373134329,0.6273584905660378,0.4477526633776634,0.35,0.5,0.4117647058823529,0.18626307295810854
negative_veto,3.0,2.0,2.0,0.2,True,2,1,0.9,0.1,48,6,0.7014925373134329,0.6273584905660378,0.417174671592775,0.35,0.5,0.4117647058823529,0.19940115888519616
two_way,3.0,2.0,2.0,0.2,True,2,1,0.7,0.3,48,34,0.34328358208955223,0.4535040431266847,0.3827531819179284,0.1875,0.6428571428571429,0.2903225806451613,0.347937611489646
two_way,3.0,2.0,2.0,0.2,True,2,1,0.9,0.3,48,34,0.34328358208955223,0.4535040431266847,0.20299127715602372,0.1875,0.6428571428571429,0.2903225806451613,0.5220916862130867
two_way,3.0,2.0,2.0,0.2,True,2,1,0.9,0.1,48,34,0.34328358208955223,0.4535040431266847,0.19745879120879123,0.1875,0.6428571428571429,0.2903225806451613,0.5352297721401743
positive_rescue,3.0,2.0,2.0,0.2,True,2,2,0.7,0.3,48,28,0.373134328358209,0.5774932614555256,0.4955239977914476,0.24074074074074073,0.9285714285714286,0.38235294117647056,0.3315463826397618
positive_rescue,3.0,2.0,2.0,0.2,True,2,2,0.9,0.3,48,28,0.373134328358209,0.5774932614555256,0.201283230055782,0.24074074074074073,0.9285714285714286,0.38235294117647056,0.5057004573632025
positive_rescue,3.0,2.0,2.0,0.2,True,2,2,0.9,0.1,48,28,0.373134328358209,0.5774932614555256,0.201283230055782,0.24074074074074073,0.9285714285714286,0.38235294117647056,0.5057004573632025
negative_veto,3.0,2.0,2.0,0.2,True,2,2,0.7,0.3,48,6,0.7014925373134329,0.6273584905660378,0.4477526633776634,0.35,0.5,0.4117647058823529,0.18626307295810854
negative_veto,3.0,2.0,2.0,0.2,True,2,2,0.9,0.3,48,6,0.7014925373134329,0.6273584905660378,0.4477526633776634,0.35,0.5,0.4117647058823529,0.18626307295810854
negative_veto,3.0,2.0,2.0,0.2,True,2,2,0.9,0.1,48,6,0.7014925373134329,0.6273584905660378,0.417174671592775,0.35,0.5,0.4117647058823529,0.19940115888519616
two_way,3.0,2.0,2.0,0.2,True,2,2,0.7,0.3,48,34,0.34328358208955223,0.4535040431266847,0.3827531819179284,0.1875,0.6428571428571429,0.2903225806451613,0.347937611489646
two_way,3.0,2.0,2.0,0.2,True,2,2,0.9,0.3,48,34,0.34328358208955223,0.4535040431266847,0.20299127715602372,0.1875,0.6428571428571429,0.2903225806451613,0.5220916862130867
two_way,3.0,2.0,2.0,0.2,True,2,2,0.9,0.1,48,34,0.34328358208955223,0.4535040431266847,0.19745879120879123,0.1875,0.6428571428571429,0.2903225806451613,0.5352297721401743
positive_rescue,3.0,2.0,2.0,0.2,True,3,1,0.7,0.3,42,25,0.417910447761194,0.6057951482479784,0.5099094015486378,0.2549019607843137,0.9285714285714286,0.4,0.30299724173844245
positive_rescue,3.0,2.0,2.0,0.2,True,3,1,0.9,0.3,42,25,0.417910447761194,0.6057951482479784,0.22635062920249013,0.2549019607843137,0.9285714285714286,0.4,0.44849460004397257
positive_rescue,3.0,2.0,2.0,0.2,True,3,1,0.9,0.1,42,25,0.417910447761194,0.6057951482479784,0.22635062920249013,0.2549019607843137,0.9285714285714286,0.4,0.44849460004397257
negative_veto,3.0,2.0,2.0,0.2,True,3,1,0.7,0.3,42,9,0.746268656716418,0.6556603773584906,0.4583293940699402,0.4117647058823529,0.5,0.45161290322580644,0.1783517691920756
negative_veto,3.0,2.0,2.0,0.2,True,3,1,0.9,0.3,42,9,0.746268656716418,0.6556603773584906,0.4583293940699402,0.4117647058823529,0.5,0.45161290322580644,0.1783517691920756
negative_veto,3.0,2.0,2.0,0.2,True,3,1,0.9,0.1,42,9,0.746268656716418,0.6556603773584906,0.4300249907655369,0.4117647058823529,0.5,0.45161290322580644,0.18496522515964994
two_way,3.0,2.0,2.0,0.2,True,3,1,0.7,0.3,42,34,0.43283582089552236,0.5101078167115903,0.3960738403699885,0.21428571428571427,0.6428571428571429,0.32142857142857145,0.31147716682229365
two_way,3.0,2.0,2.0,0.2,True,3,1,0.9,0.3,42,34,0.43283582089552236,0.5101078167115903,0.22396499683257357,0.21428571428571427,0.6428571428571429,0.32142857142857145,0.4569745251278238
two_way,3.0,2.0,2.0,0.2,True,3,1,0.9,0.1,42,34,0.43283582089552236,0.5101078167115903,0.21467817896389324,0.21428571428571427,0.6428571428571429,0.32142857142857145,0.46358798109539817
positive_rescue,3.0,2.0,2.0,0.2,True,3,2,0.7,0.3,42,25,0.417910447761194,0.6057951482479784,0.5099094015486378,0.2549019607843137,0.9285714285714286,0.4,0.30299724173844245
positive_rescue,3.0,2.0,2.0,0.2,True,3,2,0.9,0.3,42,25,0.417910447761194,0.6057951482479784,0.22635062920249013,0.2549019607843137,0.9285714285714286,0.4,0.44849460004397257
positive_rescue,3.0,2.0,2.0,0.2,True,3,2,0.9,0.1,42,25,0.417910447761194,0.6057951482479784,0.22635062920249013,0.2549019607843137,0.9285714285714286,0.4,0.44849460004397257
negative_veto,3.0,2.0,2.0,0.2,True,3,2,0.7,0.3,42,9,0.746268656716418,0.6556603773584906,0.4583293940699402,0.4117647058823529,0.5,0.45161290322580644,0.1783517691920756
negative_veto,3.0,2.0,2.0,0.2,True,3,2,0.9,0.3,42,9,0.746268656716418,0.6556603773584906,0.4583293940699402,0.4117647058823529,0.5,0.45161290322580644,0.1783517691920756
negative_veto,3.0,2.0,2.0,0.2,True,3,2,0.9,0.1,42,9,0.746268656716418,0.6556603773584906,0.4300249907655369,0.4117647058823529,0.5,0.45161290322580644,0.18496522515964994
two_way,3.0,2.0,2.0,0.2,True,3,2,0.7,0.3,42,34,0.43283582089552236,0.5101078167115903,0.3960738403699885,0.21428571428571427,0.6428571428571429,0.32142857142857145,0.31147716682229365
two_way,3.0,2.0,2.0,0.2,True,3,2,0.9,0.3,42,34,0.43283582089552236,0.5101078167115903,0.22396499683257357,0.21428571428571427,0.6428571428571429,0.32142857142857145,0.4569745251278238
two_way,3.0,2.0,2.0,0.2,True,3,2,0.9,0.1,42,34,0.43283582089552236,0.5101078167115903,0.21467817896389324,0.21428571428571427,0.6428571428571429,0.32142857142857145,0.46358798109539817
positive_rescue,3.0,2.0,2.0,0.4,False,2,1,0.7,0.3,54,32,0.34328358208955223,0.5849056603773585,0.4918654394607207,0.2413793103448276,1.0,0.3888888888888889,0.35118531494345906
positive_rescue,3.0,2.0,2.0,0.4,False,2,1,0.9,0.3,54,32,0.34328358208955223,0.5849056603773585,0.19539907513721355,0.2413793103448276,1.0,0.3888888888888889,0.548025956831079
positive_rescue,3.0,2.0,2.0,0.4,False,2,1,0.9,0.1,54,32,0.34328358208955223,0.5849056603773585,0.19539907513721355,0.2413793103448276,1.0,0.3888888888888889,0.548025956831079
negative_veto,3.0,2.0,2.0,0.4,False,2,1,0.7,0.3,54,4,0.6716417910447762,0.6084905660377358,0.4429137780627719,0.3181818181818182,0.5,0.3888888888888889,0.19122363524146635
negative_veto,3.0,2.0,2.0,0.4,False,2,1,0.9,0.3,54,4,0.6716417910447762,0.6084905660377358,0.4429137780627719,0.3181818181818182,0.5,0.3888888888888889,0.19122363524146635
negative_veto,3.0,2.0,2.0,0.4,False,2,1,0.9,0.1,54,4,0.6716417910447762,0.6084905660377358,0.410198731638048,0.3181818181818182,0.5,0.3888888888888889,0.20483685344717056
two_way,3.0,2.0,2.0,0.4,False,2,1,0.7,0.3,54,36,0.2835820895522388,0.4420485175202156,0.37936507936507935,0.18518518518518517,0.7142857142857143,0.29411764705882354,0.3725371060767011
two_way,3.0,2.0,2.0,0.4,False,2,1,0.9,0.3,54,36,0.2835820895522388,0.4420485175202156,0.19894179894179892,0.18518518518518517,0.7142857142857143,0.29411764705882354,0.569377747964321
two_way,3.0,2.0,2.0,0.4,False,2,1,0.9,0.1,54,36,0.2835820895522388,0.4420485175202156,0.1938135938135938,0.18518518518518517,0.7142857142857143,0.29411764705882354,0.5829909661700252
positive_rescue,3.0,2.0,2.0,0.4,False,2,2,0.7,0.3,54,32,0.34328358208955223,0.5849056603773585,0.4918654394607207,0.2413793103448276,1.0,0.3888888888888889,0.35118531494345906
positive_rescue,3.0,2.0,2.0,0.4,False,2,2,0.9,0.3,54,32,0.34328358208955223,0.5849056603773585,0.19539907513721355,0.2413793103448276,1.0,0.3888888888888889,0.548025956831079
positive_rescue,3.0,2.0,2.0,0.4,False,2,2,0.9,0.1,54,32,0.34328358208955223,0.5849056603773585,0.19539907513721355,0.2413793103448276,1.0,0.3888888888888889,0.548025956831079
negative_veto,3.0,2.0,2.0,0.4,False,2,2,0.7,0.3,54,4,0.6716417910447762,0.6084905660377358,0.4429137780627719,0.3181818181818182,0.5,0.3888888888888889,0.19122363524146635
negative_veto,3.0,2.0,2.0,0.4,False,2,2,0.9,0.3,54,4,0.6716417910447762,0.6084905660377358,0.4429137780627719,0.3181818181818182,0.5,0.3888888888888889,0.19122363524146635
negative_veto,3.0,2.0,2.0,0.4,False,2,2,0.9,0.1,54,4,0.6716417910447762,0.6084905660377358,0.410198731638048,0.3181818181818182,0.5,0.3888888888888889,0.20483685344717056
two_way,3.0,2.0,2.0,0.4,False,2,2,0.7,0.3,54,36,0.2835820895522388,0.4420485175202156,0.37936507936507935,0.18518518518518517,0.7142857142857143,0.29411764705882354,0.3725371060767011
two_way,3.0,2.0,2.0,0.4,False,2,2,0.9,0.3,54,36,0.2835820895522388,0.4420485175202156,0.19894179894179892,0.18518518518518517,0.7142857142857143,0.29411764705882354,0.569377747964321
two_way,3.0,2.0,2.0,0.4,False,2,2,0.9,0.1,54,36,0.2835820895522388,0.4420485175202156,0.1938135938135938,0.18518518518518517,0.7142857142857143,0.29411764705882354,0.5829909661700252
positive_rescue,3.0,2.0,2.0,0.4,False,3,1,0.7,0.3,51,31,0.3283582089552239,0.5491913746630728,0.4887002363838617,0.22807017543859648,0.9285714285714286,0.36619718309859156,0.35224754720714546
positive_rescue,3.0,2.0,2.0,0.4,False,3,1,0.9,0.3,51,31,0.3283582089552239,0.5491913746630728,0.1900860882572671,0.22807017543859648,0.9285714285714286,0.36619718309859156,0.5407299801395414
positive_rescue,3.0,2.0,2.0,0.4,False,3,1,0.9,0.1,51,31,0.3283582089552239,0.5491913746630728,0.1900860882572671,0.22807017543859648,0.9285714285714286,0.36619718309859156,0.5407299801395414
negative_veto,3.0,2.0,2.0,0.4,False,3,1,0.7,0.3,51,6,0.7014925373134329,0.6273584905660378,0.4477526633776634,0.35,0.5,0.4117647058823529,0.18626307295810854
negative_veto,3.0,2.0,2.0,0.4,False,3,1,0.9,0.3,51,6,0.7014925373134329,0.6273584905660378,0.4477526633776634,0.35,0.5,0.4117647058823529,0.18626307295810854
negative_veto,3.0,2.0,2.0,0.4,False,3,1,0.9,0.1,51,6,0.7014925373134329,0.6273584905660378,0.417174671592775,0.35,0.5,0.4117647058823529,0.2001925316312454
two_way,3.0,2.0,2.0,0.4,False,3,1,0.7,0.3,51,37,0.29850746268656714,0.42520215633423186,0.37493753857475187,0.17647058823529413,0.6428571428571429,0.27692307692307694,0.36863877605702966
two_way,3.0,2.0,2.0,0.4,False,3,1,0.9,0.3,51,37,0.29850746268656714,0.42520215633423186,0.1920243733086455,0.17647058823529413,0.6428571428571429,0.27692307692307694,0.5571212089894256
two_way,3.0,2.0,2.0,0.4,False,3,1,0.9,0.1,51,37,0.29850746268656714,0.42520215633423186,0.19036845507433742,0.17647058823529413,0.6428571428571429,0.27692307692307694,0.5710506676625625
positive_rescue,3.0,2.0,2.0,0.4,False,3,2,0.7,0.3,51,31,0.3283582089552239,0.5491913746630728,0.4887002363838617,0.22807017543859648,0.9285714285714286,0.36619718309859156,0.35224754720714546
positive_rescue,3.0,2.0,2.0,0.4,False,3,2,0.9,0.3,51,31,0.3283582089552239,0.5491913746630728,0.1900860882572671,0.22807017543859648,0.9285714285714286,0.36619718309859156,0.5407299801395414
positive_rescue,3.0,2.0,2.0,0.4,False,3,2,0.9,0.1,51,31,0.3283582089552239,0.5491913746630728,0.1900860882572671,0.22807017543859648,0.9285714285714286,0.36619718309859156,0.5407299801395414
negative_veto,3.0,2.0,2.0,0.4,False,3,2,0.7,0.3,51,6,0.7014925373134329,0.6273584905660378,0.4477526633776634,0.35,0.5,0.4117647058823529,0.18626307295810854
negative_veto,3.0,2.0,2.0,0.4,False,3,2,0.9,0.3,51,6,0.7014925373134329,0.6273584905660378,0.4477526633776634,0.35,0.5,0.4117647058823529,0.18626307295810854
negative_veto,3.0,2.0,2.0,0.4,False,3,2,0.9,0.1,51,6,0.7014925373134329,0.6273584905660378,0.417174671592775,0.35,0.5,0.4117647058823529,0.2001925316312454
two_way,3.0,2.0,2.0,0.4,False,3,2,0.7,0.3,51,37,0.29850746268656714,0.42520215633423186,0.37493753857475187,0.17647058823529413,0.6428571428571429,0.27692307692307694,0.36863877605702966
two_way,3.0,2.0,2.0,0.4,False,3,2,0.9,0.3,51,37,0.29850746268656714,0.42520215633423186,0.1920243733086455,0.17647058823529413,0.6428571428571429,0.27692307692307694,0.5571212089894256
two_way,3.0,2.0,2.0,0.4,False,3,2,0.9,0.1,51,37,0.29850746268656714,0.42520215633423186,0.19036845507433742,0.17647058823529413,0.6428571428571429,0.27692307692307694,0.5710506676625625
positive_rescue,3.0,2.0,2.0,0.4,True,2,1,0.7,0.3,50,30,0.373134328358209,0.6037735849056604,0.5010997313557961,0.25,1.0,0.4,0.3300371420275216
positive_rescue,3.0,2.0,2.0,0.4,True,2,1,0.9,0.3,50,30,0.373134328358209,0.6037735849056604,0.21044885562088672,0.25,1.0,0.4,0.5077733063032012
positive_rescue,3.0,2.0,2.0,0.4,True,2,1,0.9,0.1,50,30,0.373134328358209,0.6037735849056604,0.21044885562088672,0.25,1.0,0.4,0.5077733063032012
negative_veto,3.0,2.0,2.0,0.4,True,2,1,0.7,0.3,50,6,0.7014925373134329,0.6273584905660378,0.4477526633776634,0.35,0.5,0.4117647058823529,0.18626307295810854
negative_veto,3.0,2.0,2.0,0.4,True,2,1,0.9,0.3,50,6,0.7014925373134329,0.6273584905660378,0.4477526633776634,0.35,0.5,0.4117647058823529,0.18626307295810854
negative_veto,3.0,2.0,2.0,0.4,True,2,1,0.9,0.1,50,6,0.7014925373134329,0.6273584905660378,0.4170046035655641,0.35,0.5,0.4117647058823529,0.1973283099451976
two_way,3.0,2.0,2.0,0.4,True,2,1,0.7,0.3,50,36,0.34328358208955223,0.47978436657681944,0.38801313628899836,0.2,0.7142857142857143,0.3125,0.34642837087740586
two_way,3.0,2.0,2.0,0.4,True,2,1,0.9,0.3,50,36,0.34328358208955223,0.47978436657681944,0.2118226600985222,0.2,0.7142857142857143,0.3125,0.5241645351530853
two_way,3.0,2.0,2.0,0.4,True,2,1,0.9,0.1,50,36,0.34328358208955223,0.47978436657681944,0.20439560439560442,0.2,0.7142857142857143,0.3125,0.5352297721401744
positive_rescue,3.0,2.0,2.0,0.4,True,2,2,0.7,0.3,50,30,0.373134328358209,0.6037735849056604,0.5010997313557961,0.25,1.0,0.4,0.3300371420275216
positive_rescue,3.0,2.0,2.0,0.4,True,2,2,0.9,0.3,50,30,0.373134328358209,0.6037735849056604,0.21044885562088672,0.25,1.0,0.4,0.5077733063032012
positive_rescue,3.0,2.0,2.0,0.4,True,2,2,0.9,0.1,50,30,0.373134328358209,0.6037735849056604,0.21044885562088672,0.25,1.0,0.4,0.5077733063032012
negative_veto,3.0,2.0,2.0,0.4,True,2,2,0.7,0.3,50,6,0.7014925373134329,0.6273584905660378,0.4477526633776634,0.35,0.5,0.4117647058823529,0.18626307295810854
negative_veto,3.0,2.0,2.0,0.4,True,2,2,0.9,0.3,50,6,0.7014925373134329,0.6273584905660378,0.4477526633776634,0.35,0.5,0.4117647058823529,0.18626307295810854
negative_veto,3.0,2.0,2.0,0.4,True,2,2,0.9,0.1,50,6,0.7014925373134329,0.6273584905660378,0.4170046035655641,0.35,0.5,0.4117647058823529,0.1973283099451976
two_way,3.0,2.0,2.0,0.4,True,2,2,0.7,0.3,50,36,0.34328358208955223,0.47978436657681944,0.38801313628899836,0.2,0.7142857142857143,0.3125,0.34642837087740586
two_way,3.0,2.0,2.0,0.4,True,2,2,0.9,0.3,50,36,0.34328358208955223,0.47978436657681944,0.2118226600985222,0.2,0.7142857142857143,0.3125,0.5241645351530853
two_way,3.0,2.0,2.0,0.4,True,2,2,0.9,0.1,50,36,0.34328358208955223,0.47978436657681944,0.20439560439560442,0.2,0.7142857142857143,0.3125,0.5352297721401744
positive_rescue,3.0,2.0,2.0,0.4,True,3,1,0.7,0.3,43,25,0.417910447761194,0.6057951482479784,0.5075111958895626,0.2549019607843137,0.9285714285714286,0.4,0.3059668448129467
positive_rescue,3.0,2.0,2.0,0.4,True,3,1,0.9,0.3,43,25,0.417910447761194,0.6057951482479784,0.22195858865921458,0.2549019607843137,0.9285714285714286,0.4,0.4562403225214619
positive_rescue,3.0,2.0,2.0,0.4,True,3,1,0.9,0.1,43,25,0.417910447761194,0.6057951482479784,0.22195858865921458,0.2549019607843137,0.9285714285714286,0.4,0.4562403225214619
negative_veto,3.0,2.0,2.0,0.4,True,3,1,0.7,0.3,43,8,0.7313432835820896,0.6462264150943396,0.453419096617626,0.3888888888888889,0.5,0.4375,0.18135231537130267
negative_veto,3.0,2.0,2.0,0.4,True,3,1,0.9,0.3,43,8,0.7313432835820896,0.6462264150943396,0.453419096617626,0.3888888888888889,0.5,0.4375,0.18135231537130267
negative_veto,3.0,2.0,2.0,0.4,True,3,1,0.9,0.1,43,8,0.7313432835820896,0.6462264150943396,0.42430069249922187,0.3888888888888889,0.5,0.4375,0.18915980118962328
two_way,3.0,2.0,2.0,0.4,True,3,1,0.7,0.3,43,33,0.417910447761194,0.5006738544474394,0.39429405868987455,0.20930232558139536,0.6428571428571429,0.3157894736842105,0.317447316076025
two_way,3.0,2.0,2.0,0.4,True,3,1,0.9,0.3,43,33,0.417910447761194,0.5006738544474394,0.22076138980836854,0.20930232558139536,0.6428571428571429,0.3157894736842105,0.46772079378454023
two_way,3.0,2.0,2.0,0.4,True,3,1,0.9,0.1,43,33,0.417910447761194,0.5006738544474394,0.21147457193968822,0.20930232558139536,0.6428571428571429,0.3157894736842105,0.4755282796028608
positive_rescue,3.0,2.0,2.0,0.4,True,3,2,0.7,0.3,43,25,0.417910447761194,0.6057951482479784,0.5075111958895626,0.2549019607843137,0.9285714285714286,0.4,0.3059668448129467
positive_rescue,3.0,2.0,2.0,0.4,True,3,2,0.9,0.3,43,25,0.417910447761194,0.6057951482479784,0.22195858865921458,0.2549019607843137,0.9285714285714286,0.4,0.4562403225214619
positive_rescue,3.0,2.0,2.0,0.4,True,3,2,0.9,0.1,43,25,0.417910447761194,0.6057951482479784,0.22195858865921458,0.2549019607843137,0.9285714285714286,0.4,0.4562403225214619
negative_veto,3.0,2.0,2.0,0.4,True,3,2,0.7,0.3,43,8,0.7313432835820896,0.6462264150943396,0.453419096617626,0.3888888888888889,0.5,0.4375,0.18135231537130267
negative_veto,3.0,2.0,2.0,0.4,True,3,2,0.9,0.3,43,8,0.7313432835820896,0.6462264150943396,0.453419096617626,0.3888888888888889,0.5,0.4375,0.18135231537130267
negative_veto,3.0,2.0,2.0,0.4,True,3,2,0.9,0.1,43,8,0.7313432835820896,0.6462264150943396,0.42430069249922187,0.3888888888888889,0.5,0.4375,0.18915980118962328
two_way,3.0,2.0,2.0,0.4,True,3,2,0.7,0.3,43,33,0.417910447761194,0.5006738544474394,0.39429405868987455,0.20930232558139536,0.6428571428571429,0.3157894736842105,0.317447316076025
two_way,3.0,2.0,2.0,0.4,True,3,2,0.9,0.3,43,33,0.417910447761194,0.5006738544474394,0.22076138980836854,0.20930232558139536,0.6428571428571429,0.3157894736842105,0.46772079378454023
two_way,3.0,2.0,2.0,0.4,True,3,2,0.9,0.1,43,33,0.417910447761194,0.5006738544474394,0.21147457193968822,0.20930232558139536,0.6428571428571429,0.3157894736842105,0.4755282796028608
positive_rescue,3.0,2.0,3.0,0.2,False,2,1,0.7,0.3,43,25,0.3880597014925373,0.5606469002695418,0.49516921666360914,0.23529411764705882,0.8571428571428571,0.36923076923076925,0.3238103970289365
positive_rescue,3.0,2.0,3.0,0.2,False,2,1,0.9,0.3,43,25,0.3880597014925373,0.5606469002695418,0.20197625237429934,0.23529411764705882,0.8571428571428571,0.36923076923076925,0.48005402399118297
positive_rescue,3.0,2.0,3.0,0.2,False,2,1,0.9,0.1,43,25,0.3880597014925373,0.5606469002695418,0.20197625237429934,0.23529411764705882,0.8571428571428571,0.36923076923076925,0.48005402399118297
negative_veto,3.0,2.0,3.0,0.2,False,2,1,0.7,0.3,43,8,0.7313432835820896,0.6462264150943396,0.453419096617626,0.3888888888888889,0.5,0.4375,0.18078764345350468
negative_veto,3.0,2.0,3.0,0.2,False,2,1,0.9,0.3,43,8,0.7313432835820896,0.6462264150943396,0.453419096617626,0.3888888888888889,0.5,0.4375,0.18078764345350468
negative_veto,3.0,2.0,3.0,0.2,False,2,1,0.9,0.1,43,8,0.7313432835820896,0.6462264150943396,0.4251146933132227,0.3888888888888889,0.5,0.4375,0.18977828155494564
two_way,3.0,2.0,3.0,0.2,False,2,1,0.7,0.3,43,33,0.3880597014925373,0.45552560646900264,0.3805886408250113,0.18604651162790697,0.5714285714285714,0.2807017543859649,0.3347261963742169
two_way,3.0,2.0,3.0,0.2,False,2,1,0.9,0.3,43,33,0.3880597014925373,0.45552560646900264,0.20041145367108004,0.18604651162790697,0.5714285714285714,0.2807017543859649,0.49096982333646355
two_way,3.0,2.0,3.0,0.2,False,2,1,0.9,0.1,43,33,0.3880597014925373,0.45552560646900264,0.1953930528681359,0.18604651162790697,0.5714285714285714,0.2807017543859649,0.49996046143790446
positive_rescue,3.0,2.0,3.0,0.2,False,2,2,0.7,0.3,42,24,0.40298507462686567,0.5700808625336927,0.4973562217121935,0.24,0.8571428571428571,0.375,0.3176153907588131
positive_rescue,3.0,2.0,3.0,0.2,False,2,2,0.9,0.3,42,24,0.40298507462686567,0.5700808625336927,0.2059520278993619,0.24,0.8571428571428571,0.375,0.4690828983180747
positive_rescue,3.0,2.0,3.0,0.2,False,2,2,0.9,0.1,42,24,0.40298507462686567,0.5700808625336927,0.2059520278993619,0.24,0.8571428571428571,0.375,0.4690828983180747
negative_veto,3.0,2.0,3.0,0.2,False,2,2,0.7,0.3,42,8,0.7313432835820896,0.6462264150943396,0.453419096617626,0.3888888888888889,0.5,0.4375,0.18078764345350468
negative_veto,3.0,2.0,3.0,0.2,False,2,2,0.9,0.3,42,8,0.7313432835820896,0.6462264150943396,0.453419096617626,0.3888888888888889,0.5,0.4375,0.18078764345350468
negative_veto,3.0,2.0,3.0,0.2,False,2,2,0.9,0.1,42,8,0.7313432835820896,0.6462264150943396,0.4251146933132227,0.3888888888888889,0.5,0.4375,0.18880910872059134
two_way,3.0,2.0,3.0,0.2,False,2,2,0.7,0.3,42,32,0.40298507462686567,0.4649595687331536,0.3830522268152068,0.19047619047619047,0.5714285714285714,0.2857142857142857,0.32853119010409354
two_way,3.0,2.0,3.0,0.2,False,2,2,0.9,0.3,42,32,0.40298507462686567,0.4649595687331536,0.20414066218935645,0.19047619047619047,0.5714285714285714,0.2857142857142857,0.479998697663355
two_way,3.0,2.0,3.0,0.2,False,2,2,0.9,0.1,42,32,0.40298507462686567,0.4649595687331536,0.19792429792429792,0.19047619047619047,0.5714285714285714,0.2857142857142857,0.4880201629304417
positive_rescue,3.0,2.0,3.0,0.2,False,3,1,0.7,0.3,37,19,0.47761194029850745,0.6172506738544474,0.5101938897204676,0.26666666666666666,0.8571428571428571,0.4067796610169492,0.2861081327675823
positive_rescue,3.0,2.0,3.0,0.2,False,3,1,0.9,0.3,37,19,0.47761194029850745,0.6172506738544474,0.22922165292116334,0.26666666666666666,0.8571428571428571,0.4067796610169492,0.4136950433119184
positive_rescue,3.0,2.0,3.0,0.2,False,3,1,0.9,0.1,37,19,0.47761194029850745,0.6172506738544474,0.22922165292116334,0.26666666666666666,0.8571428571428571,0.4067796610169492,0.4136950433119184
negative_veto,3.0,2.0,3.0,0.2,False,3,1,0.7,0.3,37,8,0.7313432835820896,0.6462264150943396,0.453419096617626,0.3888888888888889,0.5,0.4375,0.18062744689278437
negative_veto,3.0,2.0,3.0,0.2,False,3,1,0.9,0.3,37,8,0.7313432835820896,0.6462264150943396,0.453419096617626,0.3888888888888889,0.5,0.4375,0.18062744689278437
negative_veto,3.0,2.0,3.0,0.2,False,3,1,0.9,0.1,37,8,0.7313432835820896,0.6462264150943396,0.4259938141923436,0.3888888888888889,0.5,0.4375,0.18449547118943416
two_way,3.0,2.0,3.0,0.2,False,3,1,0.7,0.3,37,27,0.47761194029850745,0.5121293800539084,0.3959410464512505,0.21621621621621623,0.5714285714285714,0.3137254901960784,0.2968637355521423
two_way,3.0,2.0,3.0,0.2,False,3,1,0.9,0.3,37,27,0.47761194029850745,0.5121293800539084,0.22438377489397898,0.21621621621621623,0.5714285714285714,0.3137254901960784,0.4244506460964784
two_way,3.0,2.0,3.0,0.2,False,3,1,0.9,0.1,37,27,0.47761194029850745,0.5121293800539084,0.2126328840614555,0.21621621621621623,0.5714285714285714,0.3137254901960784,0.42831867039312826
positive_rescue,3.0,2.0,3.0,0.2,False,3,2,0.7,0.3,37,19,0.47761194029850745,0.6172506738544474,0.5101938897204676,0.26666666666666666,0.8571428571428571,0.4067796610169492,0.2861081327675823
positive_rescue,3.0,2.0,3.0,0.2,False,3,2,0.9,0.3,37,19,0.47761194029850745,0.6172506738544474,0.22922165292116334,0.26666666666666666,0.8571428571428571,0.4067796610169492,0.4136950433119184
positive_rescue,3.0,2.0,3.0,0.2,False,3,2,0.9,0.1,37,19,0.47761194029850745,0.6172506738544474,0.22922165292116334,0.26666666666666666,0.8571428571428571,0.4067796610169492,0.4136950433119184
negative_veto,3.0,2.0,3.0,0.2,False,3,2,0.7,0.3,37,8,0.7313432835820896,0.6462264150943396,0.453419096617626,0.3888888888888889,0.5,0.4375,0.18062744689278437
negative_veto,3.0,2.0,3.0,0.2,False,3,2,0.9,0.3,37,8,0.7313432835820896,0.6462264150943396,0.453419096617626,0.3888888888888889,0.5,0.4375,0.18062744689278437
negative_veto,3.0,2.0,3.0,0.2,False,3,2,0.9,0.1,37,8,0.7313432835820896,0.6462264150943396,0.4259938141923436,0.3888888888888889,0.5,0.4375,0.18449547118943416
two_way,3.0,2.0,3.0,0.2,False,3,2,0.7,0.3,37,27,0.47761194029850745,0.5121293800539084,0.3959410464512505,0.21621621621621623,0.5714285714285714,0.3137254901960784,0.2968637355521423
two_way,3.0,2.0,3.0,0.2,False,3,2,0.9,0.3,37,27,0.47761194029850745,0.5121293800539084,0.22438377489397898,0.21621621621621623,0.5714285714285714,0.3137254901960784,0.4244506460964784
two_way,3.0,2.0,3.0,0.2,False,3,2,0.9,0.1,37,27,0.47761194029850745,0.5121293800539084,0.2126328840614555,0.21621621621621623,0.5714285714285714,0.3137254901960784,0.42831867039312826
positive_rescue,3.0,2.0,3.0,0.2,True,2,1,0.7,0.3,34,17,0.5074626865671642,0.6361185983827493,0.5191262367589657,0.27906976744186046,0.8571428571428571,0.42105263157894735,0.26980243286074473
positive_rescue,3.0,2.0,3.0,0.2,True,2,1,0.9,0.3,34,17,0.5074626865671642,0.6361185983827493,0.245926957047081,0.27906976744186046,0.8571428571428571,0.42105263157894735,0.3830609851961256
positive_rescue,3.0,2.0,3.0,0.2,True,2,1,0.9,0.1,34,17,0.5074626865671642,0.6361185983827493,0.245926957047081,0.27906976744186046,0.8571428571428571,0.42105263157894735,0.3830609851961256
negative_veto,3.0,2.0,3.0,0.2,True,2,1,0.7,0.3,34,9,0.746268656716418,0.6556603773584906,0.45832939406994033,0.4117647058823529,0.5,0.45161290322580644,0.17762690071355727
negative_veto,3.0,2.0,3.0,0.2,True,2,1,0.9,0.3,34,9,0.746268656716418,0.6556603773584906,0.45832939406994033,0.4117647058823529,0.5,0.45161290322580644,0.17762690071355727
negative_veto,3.0,2.0,3.0,0.2,True,2,1,0.9,0.1,34,9,0.746268656716418,0.6556603773584906,0.43185649259703873,0.4117647058823529,0.5,0.45161290322580644,0.17930863378283893
two_way,3.0,2.0,3.0,0.2,True,2,1,0.7,0.3,34,26,0.5223880597014925,0.5404312668463611,0.40463166653107463,0.23529411764705882,0.5714285714285714,0.3333333333333333,0.2775574894660777
two_way,3.0,2.0,3.0,0.2,True,2,1,0.9,0.3,34,26,0.5223880597014925,0.5404312668463611,0.23852522395404388,0.23529411764705882,0.5714285714285714,0.3333333333333333,0.3908160418014585
two_way,3.0,2.0,3.0,0.2,True,2,1,0.9,0.1,34,26,0.5223880597014925,0.5404312668463611,0.22353454202193698,0.23529411764705882,0.5714285714285714,0.3333333333333333,0.39249777487074017
positive_rescue,3.0,2.0,3.0,0.2,True,2,2,0.7,0.3,32,15,0.5074626865671642,0.6098382749326146,0.5138019791009473,0.2682926829268293,0.7857142857142857,0.4,0.26869173386063544
positive_rescue,3.0,2.0,3.0,0.2,True,2,2,0.9,0.3,32,15,0.5074626865671642,0.6098382749326146,0.2361812717270886,0.2682926829268293,0.7857142857142857,0.4,0.37836819664377747
positive_rescue,3.0,2.0,3.0,0.2,True,2,2,0.9,0.1,32,15,0.5074626865671642,0.6098382749326146,0.2361812717270886,0.2682926829268293,0.7857142857142857,0.4,0.37836819664377747
negative_veto,3.0,2.0,3.0,0.2,True,2,2,0.7,0.3,32,9,0.746268656716418,0.6556603773584906,0.45832939406994033,0.4117647058823529,0.5,0.45161290322580644,0.17762690071355727
negative_veto,3.0,2.0,3.0,0.2,True,2,2,0.9,0.3,32,9,0.746268656716418,0.6556603773584906,0.45832939406994033,0.4117647058823529,0.5,0.45161290322580644,0.17762690071355727
negative_veto,3.0,2.0,3.0,0.2,True,2,2,0.9,0.1,32,9,0.746268656716418,0.6556603773584906,0.42352315926370543,0.4117647058823529,0.5,0.45161290322580644,0.18399999974301698
two_way,3.0,2.0,3.0,0.2,True,2,2,0.7,0.3,32,24,0.5223880597014925,0.5141509433962264,0.40007761114863805,0.21875,0.5,0.30434782608695654,0.2764467904659684
two_way,3.0,2.0,3.0,0.2,True,2,2,0.9,0.3,32,24,0.5223880597014925,0.5141509433962264,0.22924427781530476,0.21875,0.5,0.30434782608695654,0.3861232532491104
two_way,3.0,2.0,3.0,0.2,True,2,2,0.9,0.1,32,24,0.5223880597014925,0.5141509433962264,0.21462136653668912,0.21875,0.5,0.30434782608695654,0.3924963522785701
positive_rescue,3.0,2.0,3.0,0.2,True,3,1,0.7,0.3,32,16,0.5223880597014925,0.6455525606469003,0.5227776875560126,0.2857142857142857,0.8571428571428571,0.42857142857142855,0.2626368311640971
positive_rescue,3.0,2.0,3.0,0.2,True,3,1,0.9,0.3,32,16,0.5223880597014925,0.6455525606469003,0.24065517946186593,0.2857142857142857,0.8571428571428571,0.42857142857142855,0.3716480470985164
positive_rescue,3.0,2.0,3.0,0.2,True,3,1,0.9,0.1,32,16,0.5223880597014925,0.6455525606469003,0.24065517946186593,0.2857142857142857,0.8571428571428571,0.42857142857142855,0.3716480470985164
negative_veto,3.0,2.0,3.0,0.2,True,3,1,0.7,0.3,32,10,0.7313432835820896,0.6199460916442049,0.38768703456203457,0.375,0.42857142857142855,0.4,0.1842622968160114
negative_veto,3.0,2.0,3.0,0.2,True,3,1,0.9,0.3,32,10,0.7313432835820896,0.6199460916442049,0.38768703456203457,0.375,0.42857142857142855,0.4,0.1842622968160114
negative_veto,3.0,2.0,3.0,0.2,True,3,1,0.9,0.1,32,10,0.7313432835820896,0.6199460916442049,0.3527945333651855,0.375,0.42857142857142855,0.4,0.1907201492882781
two_way,3.0,2.0,3.0,0.2,True,3,1,0.7,0.3,32,26,0.5223880597014925,0.5141509433962264,0.3370621694647181,0.21875,0.5,0.30434782608695654,0.27702728387188413
two_way,3.0,2.0,3.0,0.2,True,3,1,0.9,0.3,32,26,0.5223880597014925,0.5141509433962264,0.23393716946471818,0.21875,0.5,0.30434782608695654,0.3860384998063034
two_way,3.0,2.0,3.0,0.2,True,3,1,0.9,0.1,32,26,0.5223880597014925,0.5141509433962264,0.21462136653668912,0.21875,0.5,0.30434782608695654,0.39249635227857016
positive_rescue,3.0,2.0,3.0,0.2,True,3,2,0.7,0.3,31,15,0.5074626865671642,0.6098382749326146,0.5138019791009473,0.2682926829268293,0.7857142857142857,0.4,0.26869173386063544
positive_rescue,3.0,2.0,3.0,0.2,True,3,2,0.9,0.3,31,15,0.5074626865671642,0.6098382749326146,0.22538058048284898,0.2682926829268293,0.7857142857142857,0.4,0.378896979645801
positive_rescue,3.0,2.0,3.0,0.2,True,3,2,0.9,0.1,31,15,0.5074626865671642,0.6098382749326146,0.22538058048284898,0.2682926829268293,0.7857142857142857,0.4,0.378896979645801
negative_veto,3.0,2.0,3.0,0.2,True,3,2,0.7,0.3,31,10,0.7313432835820896,0.6199460916442049,0.38768703456203457,0.375,0.42857142857142855,0.4,0.1842622968160114
negative_veto,3.0,2.0,3.0,0.2,True,3,2,0.9,0.3,31,10,0.7313432835820896,0.6199460916442049,0.38768703456203457,0.375,0.42857142857142855,0.4,0.1842622968160114
negative_veto,3.0,2.0,3.0,0.2,True,3,2,0.9,0.1,31,10,0.7313432835820896,0.6199460916442049,0.34653159340659334,0.375,0.42857142857142855,0.4,0.1954115152484562
two_way,3.0,2.0,3.0,0.2,True,3,2,0.7,0.3,31,25,0.5074626865671642,0.47843665768194066,0.3288042496535024,0.1935483870967742,0.42857142857142855,0.26666666666666666,0.28308218656842243
two_way,3.0,2.0,3.0,0.2,True,3,2,0.9,0.3,31,25,0.5074626865671642,0.47843665768194066,0.22027890403138262,0.1935483870967742,0.42857142857142855,0.26666666666666666,0.39328743235358804
two_way,3.0,2.0,3.0,0.2,True,3,2,0.9,0.1,31,25,0.5074626865671642,0.47843665768194066,0.2031726338177951,0.1935483870967742,0.42857142857142855,0.26666666666666666,0.40443665078603286
positive_rescue,3.0,2.0,3.0,0.4,False,2,1,0.7,0.3,43,25,0.3880597014925373,0.5606469002695418,0.49516921666360914,0.23529411764705882,0.8571428571428571,0.36923076923076925,0.3238103970289365
positive_rescue,3.0,2.0,3.0,0.4,False,2,1,0.9,0.3,43,25,0.3880597014925373,0.5606469002695418,0.20197625237429934,0.23529411764705882,0.8571428571428571,0.36923076923076925,0.48005402399118297
positive_rescue,3.0,2.0,3.0,0.4,False,2,1,0.9,0.1,43,25,0.3880597014925373,0.5606469002695418,0.20197625237429934,0.23529411764705882,0.8571428571428571,0.36923076923076925,0.48005402399118297
negative_veto,3.0,2.0,3.0,0.4,False,2,1,0.7,0.3,43,8,0.7313432835820896,0.6462264150943396,0.453419096617626,0.3888888888888889,0.5,0.4375,0.18078764345350468
negative_veto,3.0,2.0,3.0,0.4,False,2,1,0.9,0.3,43,8,0.7313432835820896,0.6462264150943396,0.453419096617626,0.3888888888888889,0.5,0.4375,0.18078764345350468
negative_veto,3.0,2.0,3.0,0.4,False,2,1,0.9,0.1,43,8,0.7313432835820896,0.6462264150943396,0.4251146933132227,0.3888888888888889,0.5,0.4375,0.18977828155494564
two_way,3.0,2.0,3.0,0.4,False,2,1,0.7,0.3,43,33,0.3880597014925373,0.45552560646900264,0.3805886408250113,0.18604651162790697,0.5714285714285714,0.2807017543859649,0.3347261963742169
two_way,3.0,2.0,3.0,0.4,False,2,1,0.9,0.3,43,33,0.3880597014925373,0.45552560646900264,0.20041145367108004,0.18604651162790697,0.5714285714285714,0.2807017543859649,0.49096982333646355
two_way,3.0,2.0,3.0,0.4,False,2,1,0.9,0.1,43,33,0.3880597014925373,0.45552560646900264,0.1953930528681359,0.18604651162790697,0.5714285714285714,0.2807017543859649,0.49996046143790446
positive_rescue,3.0,2.0,3.0,0.4,False,2,2,0.7,0.3,42,24,0.40298507462686567,0.5700808625336927,0.4973562217121935,0.24,0.8571428571428571,0.375,0.3176153907588131
positive_rescue,3.0,2.0,3.0,0.4,False,2,2,0.9,0.3,42,24,0.40298507462686567,0.5700808625336927,0.2059520278993619,0.24,0.8571428571428571,0.375,0.4690828983180747
positive_rescue,3.0,2.0,3.0,0.4,False,2,2,0.9,0.1,42,24,0.40298507462686567,0.5700808625336927,0.2059520278993619,0.24,0.8571428571428571,0.375,0.4690828983180747
negative_veto,3.0,2.0,3.0,0.4,False,2,2,0.7,0.3,42,8,0.7313432835820896,0.6462264150943396,0.453419096617626,0.3888888888888889,0.5,0.4375,0.18078764345350468
negative_veto,3.0,2.0,3.0,0.4,False,2,2,0.9,0.3,42,8,0.7313432835820896,0.6462264150943396,0.453419096617626,0.3888888888888889,0.5,0.4375,0.18078764345350468
negative_veto,3.0,2.0,3.0,0.4,False,2,2,0.9,0.1,42,8,0.7313432835820896,0.6462264150943396,0.4251146933132227,0.3888888888888889,0.5,0.4375,0.18880910872059134
two_way,3.0,2.0,3.0,0.4,False,2,2,0.7,0.3,42,32,0.40298507462686567,0.4649595687331536,0.3830522268152068,0.19047619047619047,0.5714285714285714,0.2857142857142857,0.32853119010409354
two_way,3.0,2.0,3.0,0.4,False,2,2,0.9,0.3,42,32,0.40298507462686567,0.4649595687331536,0.20414066218935645,0.19047619047619047,0.5714285714285714,0.2857142857142857,0.479998697663355
two_way,3.0,2.0,3.0,0.4,False,2,2,0.9,0.1,42,32,0.40298507462686567,0.4649595687331536,0.19792429792429792,0.19047619047619047,0.5714285714285714,0.2857142857142857,0.4880201629304417
positive_rescue,3.0,2.0,3.0,0.4,False,3,1,0.7,0.3,37,19,0.47761194029850745,0.6172506738544474,0.5101938897204676,0.26666666666666666,0.8571428571428571,0.4067796610169492,0.2861081327675823
positive_rescue,3.0,2.0,3.0,0.4,False,3,1,0.9,0.3,37,19,0.47761194029850745,0.6172506738544474,0.22922165292116334,0.26666666666666666,0.8571428571428571,0.4067796610169492,0.4136950433119184
positive_rescue,3.0,2.0,3.0,0.4,False,3,1,0.9,0.1,37,19,0.47761194029850745,0.6172506738544474,0.22922165292116334,0.26666666666666666,0.8571428571428571,0.4067796610169492,0.4136950433119184
negative_veto,3.0,2.0,3.0,0.4,False,3,1,0.7,0.3,37,8,0.7313432835820896,0.6462264150943396,0.453419096617626,0.3888888888888889,0.5,0.4375,0.18062744689278437
negative_veto,3.0,2.0,3.0,0.4,False,3,1,0.9,0.3,37,8,0.7313432835820896,0.6462264150943396,0.453419096617626,0.3888888888888889,0.5,0.4375,0.18062744689278437
negative_veto,3.0,2.0,3.0,0.4,False,3,1,0.9,0.1,37,8,0.7313432835820896,0.6462264150943396,0.4259938141923436,0.3888888888888889,0.5,0.4375,0.18449547118943416
two_way,3.0,2.0,3.0,0.4,False,3,1,0.7,0.3,37,27,0.47761194029850745,0.5121293800539084,0.3959410464512505,0.21621621621621623,0.5714285714285714,0.3137254901960784,0.2968637355521423
two_way,3.0,2.0,3.0,0.4,False,3,1,0.9,0.3,37,27,0.47761194029850745,0.5121293800539084,0.22438377489397898,0.21621621621621623,0.5714285714285714,0.3137254901960784,0.4244506460964784
two_way,3.0,2.0,3.0,0.4,False,3,1,0.9,0.1,37,27,0.47761194029850745,0.5121293800539084,0.2126328840614555,0.21621621621621623,0.5714285714285714,0.3137254901960784,0.42831867039312826
positive_rescue,3.0,2.0,3.0,0.4,False,3,2,0.7,0.3,37,19,0.47761194029850745,0.6172506738544474,0.5101938897204676,0.26666666666666666,0.8571428571428571,0.4067796610169492,0.2861081327675823
positive_rescue,3.0,2.0,3.0,0.4,False,3,2,0.9,0.3,37,19,0.47761194029850745,0.6172506738544474,0.22922165292116334,0.26666666666666666,0.8571428571428571,0.4067796610169492,0.4136950433119184
positive_rescue,3.0,2.0,3.0,0.4,False,3,2,0.9,0.1,37,19,0.47761194029850745,0.6172506738544474,0.22922165292116334,0.26666666666666666,0.8571428571428571,0.4067796610169492,0.4136950433119184
negative_veto,3.0,2.0,3.0,0.4,False,3,2,0.7,0.3,37,8,0.7313432835820896,0.6462264150943396,0.453419096617626,0.3888888888888889,0.5,0.4375,0.18062744689278437
negative_veto,3.0,2.0,3.0,0.4,False,3,2,0.9,0.3,37,8,0.7313432835820896,0.6462264150943396,0.453419096617626,0.3888888888888889,0.5,0.4375,0.18062744689278437
negative_veto,3.0,2.0,3.0,0.4,False,3,2,0.9,0.1,37,8,0.7313432835820896,0.6462264150943396,0.4259938141923436,0.3888888888888889,0.5,0.4375,0.18449547118943416
two_way,3.0,2.0,3.0,0.4,False,3,2,0.7,0.3,37,27,0.47761194029850745,0.5121293800539084,0.3959410464512505,0.21621621621621623,0.5714285714285714,0.3137254901960784,0.2968637355521423
two_way,3.0,2.0,3.0,0.4,False,3,2,0.9,0.3,37,27,0.47761194029850745,0.5121293800539084,0.22438377489397898,0.21621621621621623,0.5714285714285714,0.3137254901960784,0.4244506460964784
two_way,3.0,2.0,3.0,0.4,False,3,2,0.9,0.1,37,27,0.47761194029850745,0.5121293800539084,0.2126328840614555,0.21621621621621623,0.5714285714285714,0.3137254901960784,0.42831867039312826
positive_rescue,3.0,2.0,3.0,0.4,True,2,1,0.7,0.3,34,17,0.5074626865671642,0.6361185983827493,0.5191262367589657,0.27906976744186046,0.8571428571428571,0.42105263157894735,0.26980243286074473
positive_rescue,3.0,2.0,3.0,0.4,True,2,1,0.9,0.3,34,17,0.5074626865671642,0.6361185983827493,0.245926957047081,0.27906976744186046,0.8571428571428571,0.42105263157894735,0.3830609851961256
positive_rescue,3.0,2.0,3.0,0.4,True,2,1,0.9,0.1,34,17,0.5074626865671642,0.6361185983827493,0.245926957047081,0.27906976744186046,0.8571428571428571,0.42105263157894735,0.3830609851961256
negative_veto,3.0,2.0,3.0,0.4,True,2,1,0.7,0.3,34,9,0.746268656716418,0.6556603773584906,0.45832939406994033,0.4117647058823529,0.5,0.45161290322580644,0.17762690071355727
negative_veto,3.0,2.0,3.0,0.4,True,2,1,0.9,0.3,34,9,0.746268656716418,0.6556603773584906,0.45832939406994033,0.4117647058823529,0.5,0.45161290322580644,0.17762690071355727
negative_veto,3.0,2.0,3.0,0.4,True,2,1,0.9,0.1,34,9,0.746268656716418,0.6556603773584906,0.43185649259703873,0.4117647058823529,0.5,0.45161290322580644,0.17930863378283893
two_way,3.0,2.0,3.0,0.4,True,2,1,0.7,0.3,34,26,0.5223880597014925,0.5404312668463611,0.40463166653107463,0.23529411764705882,0.5714285714285714,0.3333333333333333,0.2775574894660777
two_way,3.0,2.0,3.0,0.4,True,2,1,0.9,0.3,34,26,0.5223880597014925,0.5404312668463611,0.23852522395404388,0.23529411764705882,0.5714285714285714,0.3333333333333333,0.3908160418014585
two_way,3.0,2.0,3.0,0.4,True,2,1,0.9,0.1,34,26,0.5223880597014925,0.5404312668463611,0.22353454202193698,0.23529411764705882,0.5714285714285714,0.3333333333333333,0.39249777487074017
positive_rescue,3.0,2.0,3.0,0.4,True,2,2,0.7,0.3,32,15,0.5074626865671642,0.6098382749326146,0.5138019791009473,0.2682926829268293,0.7857142857142857,0.4,0.26869173386063544
positive_rescue,3.0,2.0,3.0,0.4,True,2,2,0.9,0.3,32,15,0.5074626865671642,0.6098382749326146,0.2361812717270886,0.2682926829268293,0.7857142857142857,0.4,0.37836819664377747
positive_rescue,3.0,2.0,3.0,0.4,True,2,2,0.9,0.1,32,15,0.5074626865671642,0.6098382749326146,0.2361812717270886,0.2682926829268293,0.7857142857142857,0.4,0.37836819664377747
negative_veto,3.0,2.0,3.0,0.4,True,2,2,0.7,0.3,32,9,0.746268656716418,0.6556603773584906,0.45832939406994033,0.4117647058823529,0.5,0.45161290322580644,0.17762690071355727
negative_veto,3.0,2.0,3.0,0.4,True,2,2,0.9,0.3,32,9,0.746268656716418,0.6556603773584906,0.45832939406994033,0.4117647058823529,0.5,0.45161290322580644,0.17762690071355727
negative_veto,3.0,2.0,3.0,0.4,True,2,2,0.9,0.1,32,9,0.746268656716418,0.6556603773584906,0.42352315926370543,0.4117647058823529,0.5,0.45161290322580644,0.18399999974301698
two_way,3.0,2.0,3.0,0.4,True,2,2,0.7,0.3,32,24,0.5223880597014925,0.5141509433962264,0.40007761114863805,0.21875,0.5,0.30434782608695654,0.2764467904659684
two_way,3.0,2.0,3.0,0.4,True,2,2,0.9,0.3,32,24,0.5223880597014925,0.5141509433962264,0.22924427781530476,0.21875,0.5,0.30434782608695654,0.3861232532491104
two_way,3.0,2.0,3.0,0.4,True,2,2,0.9,0.1,32,24,0.5223880597014925,0.5141509433962264,0.21462136653668912,0.21875,0.5,0.30434782608695654,0.3924963522785701
positive_rescue,3.0,2.0,3.0,0.4,True,3,1,0.7,0.3,33,16,0.5223880597014925,0.6455525606469003,0.5227776875560126,0.2857142857142857,0.8571428571428571,0.42857142857142855,0.2626368311640971
positive_rescue,3.0,2.0,3.0,0.4,True,3,1,0.9,0.3,33,16,0.5223880597014925,0.6455525606469003,0.25249230067398715,0.2857142857142857,0.8571428571428571,0.42857142857142855,0.3711192640964929
positive_rescue,3.0,2.0,3.0,0.4,True,3,1,0.9,0.1,33,16,0.5223880597014925,0.6455525606469003,0.25249230067398715,0.2857142857142857,0.8571428571428571,0.42857142857142855,0.3711192640964929
negative_veto,3.0,2.0,3.0,0.4,True,3,1,0.7,0.3,33,9,0.746268656716418,0.6556603773584906,0.45832939406994033,0.4117647058823529,0.5,0.45161290322580644,0.17762690071355727
negative_veto,3.0,2.0,3.0,0.4,True,3,1,0.9,0.3,33,9,0.746268656716418,0.6556603773584906,0.45832939406994033,0.4117647058823529,0.5,0.45161290322580644,0.17762690071355727
negative_veto,3.0,2.0,3.0,0.4,True,3,1,0.9,0.1,33,9,0.746268656716418,0.6556603773584906,0.43185649259703873,0.4117647058823529,0.5,0.45161290322580644,0.17930863378283893
two_way,3.0,2.0,3.0,0.4,True,3,1,0.7,0.3,33,25,0.5373134328358209,0.5498652291105122,0.4085260316894499,0.24242424242424243,0.5714285714285714,0.3404255319148936,0.2703918877694301
two_way,3.0,2.0,3.0,0.4,True,3,1,0.9,0.3,33,25,0.5373134328358209,0.5498652291105122,0.24445676762018592,0.24242424242424243,0.5714285714285714,0.3404255319148936,0.3788743207018258
two_way,3.0,2.0,3.0,0.4,True,3,1,0.9,0.1,33,25,0.5373134328358209,0.5498652291105122,0.22879754653948203,0.24242424242424243,0.5714285714285714,0.3404255319148936,0.38055605377110746
positive_rescue,3.0,2.0,3.0,0.4,True,3,2,0.7,0.3,32,15,0.5074626865671642,0.6098382749326146,0.5138019791009473,0.2682926829268293,0.7857142857142857,0.4,0.26869173386063544
positive_rescue,3.0,2.0,3.0,0.4,True,3,2,0.9,0.3,32,15,0.5074626865671642,0.6098382749326146,0.2361812717270886,0.2682926829268293,0.7857142857142857,0.4,0.37836819664377747
positive_rescue,3.0,2.0,3.0,0.4,True,3,2,0.9,0.1,32,15,0.5074626865671642,0.6098382749326146,0.2361812717270886,0.2682926829268293,0.7857142857142857,0.4,0.37836819664377747
negative_veto,3.0,2.0,3.0,0.4,True,3,2,0.7,0.3,32,9,0.746268656716418,0.6556603773584906,0.45832939406994033,0.4117647058823529,0.5,0.45161290322580644,0.17762690071355727
negative_veto,3.0,2.0,3.0,0.4,True,3,2,0.9,0.3,32,9,0.746268656716418,0.6556603773584906,0.45832939406994033,0.4117647058823529,0.5,0.45161290322580644,0.17762690071355727
negative_veto,3.0,2.0,3.0,0.4,True,3,2,0.9,0.1,32,9,0.746268656716418,0.6556603773584906,0.42352315926370543,0.4117647058823529,0.5,0.45161290322580644,0.18399999974301698
two_way,3.0,2.0,3.0,0.4,True,3,2,0.7,0.3,32,24,0.5223880597014925,0.5141509433962264,0.40007761114863805,0.21875,0.5,0.30434782608695654,0.2764467904659684
two_way,3.0,2.0,3.0,0.4,True,3,2,0.9,0.3,32,24,0.5223880597014925,0.5141509433962264,0.22924427781530476,0.21875,0.5,0.30434782608695654,0.3861232532491104
two_way,3.0,2.0,3.0,0.4,True,3,2,0.9,0.1,32,24,0.5223880597014925,0.5141509433962264,0.21462136653668912,0.21875,0.5,0.30434782608695654,0.3924963522785701
positive_rescue,3.0,2.0,4.0,0.2,False,2,1,0.7,0.3,33,16,0.5223880597014925,0.6455525606469003,0.5225063341286101,0.2857142857142857,0.8571428571428571,0.42857142857142855,0.2633351000580479
positive_rescue,3.0,2.0,4.0,0.2,False,2,1,0.9,0.3,33,16,0.5223880597014925,0.6455525606469003,0.2522209472465846,0.2857142857142857,0.8571428571428571,0.42857142857142855,0.3718175329904437
positive_rescue,3.0,2.0,4.0,0.2,False,2,1,0.9,0.1,33,16,0.5223880597014925,0.6455525606469003,0.2522209472465846,0.2857142857142857,0.8571428571428571,0.42857142857142855,0.3718175329904437
negative_veto,3.0,2.0,4.0,0.2,False,2,1,0.7,0.3,33,9,0.746268656716418,0.6556603773584906,0.45832939406994033,0.4117647058823529,0.5,0.45161290322580644,0.17762690071355727
negative_veto,3.0,2.0,4.0,0.2,False,2,1,0.9,0.3,33,9,0.746268656716418,0.6556603773584906,0.45832939406994033,0.4117647058823529,0.5,0.45161290322580644,0.17762690071355727
negative_veto,3.0,2.0,4.0,0.2,False,2,1,0.9,0.1,33,9,0.746268656716418,0.6556603773584906,0.43185649259703873,0.4117647058823529,0.5,0.45161290322580644,0.1786117874810581
two_way,3.0,2.0,4.0,0.2,False,2,1,0.7,0.3,33,25,0.5373134328358209,0.5498652291105122,0.4082546782620474,0.24242424242424243,0.5714285714285714,0.3404255319148936,0.2710901566633808
two_way,3.0,2.0,4.0,0.2,False,2,1,0.9,0.3,33,25,0.5373134328358209,0.5498652291105122,0.2441854141927834,0.24242424242424243,0.5714285714285714,0.3404255319148936,0.37957258959577667
two_way,3.0,2.0,4.0,0.2,False,2,1,0.9,0.1,33,25,0.5373134328358209,0.5498652291105122,0.22760889903747047,0.24242424242424243,0.5714285714285714,0.3404255319148936,0.38055747636327747
positive_rescue,3.0,2.0,4.0,0.2,False,2,2,0.7,0.3,32,15,0.5373134328358209,0.6549865229110512,0.5260803278286542,0.2926829268292683,0.8571428571428571,0.43636363636363634,0.2571400937879246
positive_rescue,3.0,2.0,4.0,0.2,False,2,2,0.9,0.3,32,15,0.5373134328358209,0.6549865229110512,0.2588961814428272,0.2926829268292683,0.8571428571428571,0.43636363636363634,0.36084640731733525
positive_rescue,3.0,2.0,4.0,0.2,False,2,2,0.9,0.1,32,15,0.5373134328358209,0.6549865229110512,0.2588961814428272,0.2926829268292683,0.8571428571428571,0.43636363636363634,0.36084640731733525
negative_veto,3.0,2.0,4.0,0.2,False,2,2,0.7,0.3,32,9,0.746268656716418,0.6556603773584906,0.45832939406994033,0.4117647058823529,0.5,0.45161290322580644,0.17762690071355727
negative_veto,3.0,2.0,4.0,0.2,False,2,2,0.9,0.3,32,9,0.746268656716418,0.6556603773584906,0.45832939406994033,0.4117647058823529,0.5,0.45161290322580644,0.17762690071355727
negative_veto,3.0,2.0,4.0,0.2,False,2,2,0.9,0.1,32,9,0.746268656716418,0.6556603773584906,0.43185649259703884,0.4117647058823529,0.5,0.45161290322580644,0.17764261464670383
two_way,3.0,2.0,4.0,0.2,False,2,2,0.7,0.3,32,24,0.5522388059701493,0.559299191374663,0.41207549512634256,0.25,0.5714285714285714,0.34782608695652173,0.26489515039325756
two_way,3.0,2.0,4.0,0.2,False,2,2,0.9,0.3,32,24,0.5522388059701493,0.559299191374663,0.2501707332215807,0.25,0.5714285714285714,0.34782608695652173,0.3686014639226683
two_way,3.0,2.0,4.0,0.2,False,2,2,0.9,0.1,32,24,0.5522388059701493,0.559299191374663,0.2319379033664748,0.25,0.5714285714285714,0.34782608695652173,0.36861717785581477
positive_rescue,3.0,2.0,4.0,0.2,False,3,1,0.7,0.3,30,13,0.5671641791044776,0.6738544474393531,0.534433202102375,0.3076923076923077,0.8571428571428571,0.4528301886792453,0.24288884668402674
positive_rescue,3.0,2.0,4.0,0.2,False,3,1,0.9,0.3,30,13,0.5671641791044776,0.6738544474393531,0.27409059731852603,0.3076923076923077,0.8571428571428571,0.4528301886792453,0.3370429214074673
positive_rescue,3.0,2.0,4.0,0.2,False,3,1,0.9,0.1,30,13,0.5671641791044776,0.6738544474393531,0.27409059731852603,0.3076923076923077,0.8571428571428571,0.4528301886792453,0.3370429214074673
negative_veto,3.0,2.0,4.0,0.2,False,3,1,0.7,0.3,30,9,0.746268656716418,0.6556603773584906,0.45832939406994033,0.4117647058823529,0.5,0.45161290322580644,0.17762690071355727
negative_veto,3.0,2.0,4.0,0.2,False,3,1,0.9,0.3,30,9,0.746268656716418,0.6556603773584906,0.45832939406994033,0.4117647058823529,0.5,0.45161290322580644,0.17762690071355727
negative_veto,3.0,2.0,4.0,0.2,False,3,1,0.9,0.1,30,9,0.746268656716418,0.6556603773584906,0.43185649259703873,0.4117647058823529,0.5,0.45161290322580644,0.17756408094947643
two_way,3.0,2.0,4.0,0.2,False,3,1,0.7,0.3,30,22,0.582089552238806,0.5781671159029649,0.4209333709945705,0.26666666666666666,0.5714285714285714,0.36363636363636365,0.2506439032893597
two_way,3.0,2.0,4.0,0.2,False,3,1,0.9,0.3,30,22,0.582089552238806,0.5781671159029649,0.26379051385171337,0.26666666666666666,0.5714285714285714,0.36363636363636365,0.3447979780128002
two_way,3.0,2.0,4.0,0.2,False,3,1,0.9,0.1,30,22,0.582089552238806,0.5781671159029649,0.24265036039229587,0.26666666666666666,0.5714285714285714,0.36363636363636365,0.3447351582487194
positive_rescue,3.0,2.0,4.0,0.2,False,3,2,0.7,0.3,30,13,0.5671641791044776,0.6738544474393531,0.534433202102375,0.3076923076923077,0.8571428571428571,0.4528301886792453,0.24288884668402674
positive_rescue,3.0,2.0,4.0,0.2,False,3,2,0.9,0.3,30,13,0.5671641791044776,0.6738544474393531,0.27409059731852603,0.3076923076923077,0.8571428571428571,0.4528301886792453,0.3370429214074673
positive_rescue,3.0,2.0,4.0,0.2,False,3,2,0.9,0.1,30,13,0.5671641791044776,0.6738544474393531,0.27409059731852603,0.3076923076923077,0.8571428571428571,0.4528301886792453,0.3370429214074673
negative_veto,3.0,2.0,4.0,0.2,False,3,2,0.7,0.3,30,9,0.746268656716418,0.6556603773584906,0.45832939406994033,0.4117647058823529,0.5,0.45161290322580644,0.17762690071355727
negative_veto,3.0,2.0,4.0,0.2,False,3,2,0.9,0.3,30,9,0.746268656716418,0.6556603773584906,0.45832939406994033,0.4117647058823529,0.5,0.45161290322580644,0.17762690071355727
negative_veto,3.0,2.0,4.0,0.2,False,3,2,0.9,0.1,30,9,0.746268656716418,0.6556603773584906,0.43185649259703873,0.4117647058823529,0.5,0.45161290322580644,0.17756408094947643
two_way,3.0,2.0,4.0,0.2,False,3,2,0.7,0.3,30,22,0.582089552238806,0.5781671159029649,0.4209333709945705,0.26666666666666666,0.5714285714285714,0.36363636363636365,0.2506439032893597
two_way,3.0,2.0,4.0,0.2,False,3,2,0.9,0.3,30,22,0.582089552238806,0.5781671159029649,0.26379051385171337,0.26666666666666666,0.5714285714285714,0.36363636363636365,0.3447979780128002
two_way,3.0,2.0,4.0,0.2,False,3,2,0.9,0.1,30,22,0.582089552238806,0.5781671159029649,0.24265036039229587,0.26666666666666666,0.5714285714285714,0.36363636363636365,0.3447351582487194
positive_rescue,3.0,2.0,4.0,0.2,True,2,1,0.7,0.3,25,10,0.582089552238806,0.6570080862533693,0.5266090895002804,0.3055555555555556,0.7857142857142857,0.44,0.24002776155716443
positive_rescue,3.0,2.0,4.0,0.2,True,2,1,0.9,0.3,25,10,0.582089552238806,0.6570080862533693,0.24613493402612502,0.3055555555555556,0.7857142857142857,0.44,0.32742118464091696
positive_rescue,3.0,2.0,4.0,0.2,True,2,1,0.9,0.1,25,10,0.582089552238806,0.6570080862533693,0.24613493402612502,0.3055555555555556,0.7857142857142857,0.44,0.32742118464091696
negative_veto,3.0,2.0,4.0,0.2,True,2,1,0.7,0.3,25,11,0.7164179104477612,0.5842318059299192,0.38272671710171713,0.3333333333333333,0.35714285714285715,0.3448275862068966,0.18610520013505602
negative_veto,3.0,2.0,4.0,0.2,True,2,1,0.9,0.3,25,11,0.7164179104477612,0.5842318059299192,0.38272671710171713,0.3333333333333333,0.35714285714285715,0.3448275862068966,0.18610520013505602
negative_veto,3.0,2.0,4.0,0.2,True,2,1,0.9,0.1,25,11,0.7164179104477612,0.5842318059299192,0.33522206959706957,0.3333333333333333,0.35714285714285715,0.3448275862068966,0.19909195528637713
two_way,3.0,2.0,4.0,0.2,True,2,1,0.7,0.3,25,21,0.5671641791044776,0.48989218328840967,0.3459284182716238,0.2,0.35714285714285715,0.2564102564102564,0.2562611175839961
two_way,3.0,2.0,4.0,0.2,True,2,1,0.9,0.3,25,21,0.5671641791044776,0.48989218328840967,0.2387855611287667,0.2,0.35714285714285715,0.2564102564102564,0.3436545406677487
two_way,3.0,2.0,4.0,0.2,True,2,1,0.9,0.1,25,21,0.5671641791044776,0.48989218328840967,0.20859304629796432,0.2,0.35714285714285715,0.2564102564102564,0.3566412958190698
positive_rescue,3.0,2.0,4.0,0.2,True,2,2,0.7,0.3,23,9,0.5970149253731343,0.6664420485175202,0.5335667743986559,0.3142857142857143,0.7857142857142857,0.4489795918367347,0.23211689483445586
positive_rescue,3.0,2.0,4.0,0.2,True,2,2,0.9,0.3,23,9,0.5970149253731343,0.6664420485175202,0.26058904819111606,0.3142857142857143,0.7857142857142857,0.4489795918367347,0.30995807911223827
positive_rescue,3.0,2.0,4.0,0.2,True,2,2,0.9,0.1,23,9,0.5970149253731343,0.6664420485175202,0.26058904819111606,0.3142857142857143,0.7857142857142857,0.4489795918367347,0.30995807911223827
negative_veto,3.0,2.0,4.0,0.2,True,2,2,0.7,0.3,23,12,0.7313432835820896,0.5936657681940701,0.38625889920532774,0.35714285714285715,0.35714285714285715,0.35714285714285715,0.1812397240532089
negative_veto,3.0,2.0,4.0,0.2,True,2,2,0.9,0.3,23,12,0.7313432835820896,0.5936657681940701,0.38625889920532774,0.35714285714285715,0.35714285714285715,0.35714285714285715,0.1812397240532089
negative_veto,3.0,2.0,4.0,0.2,True,2,2,0.9,0.1,23,12,0.7313432835820896,0.5936657681940701,0.3387542517006803,0.35714285714285715,0.35714285714285715,0.35714285714285715,0.1926744638001305
two_way,3.0,2.0,4.0,0.2,True,2,2,0.7,0.3,23,21,0.5970149253731343,0.5087601078167115,0.3520866990909408,0.21739130434782608,0.35714285714285715,0.2702702702702703,0.24348477477944047
two_way,3.0,2.0,4.0,0.2,True,2,2,0.9,0.3,23,21,0.5970149253731343,0.5087601078167115,0.2486705500226179,0.21739130434782608,0.35714285714285715,0.2702702702702703,0.32132595905722283
two_way,3.0,2.0,4.0,0.2,True,2,2,0.9,0.1,23,21,0.5970149253731343,0.5087601078167115,0.2148042264221879,0.21739130434782608,0.35714285714285715,0.2702702702702703,0.33276069880414444
positive_rescue,3.0,2.0,4.0,0.2,True,3,1,0.7,0.3,18,9,0.5970149253731343,0.6664420485175202,0.5302290100125043,0.3142857142857143,0.7857142857142857,0.4489795918367347,0.2314562659771736
positive_rescue,3.0,2.0,4.0,0.2,True,3,1,0.9,0.3,18,9,0.5970149253731343,0.6664420485175202,0.2425624563235578,0.3142857142857143,0.7857142857142857,0.4489795918367347,0.30261764718100115
positive_rescue,3.0,2.0,4.0,0.2,True,3,1,0.9,0.1,18,9,0.5970149253731343,0.6664420485175202,0.2425624563235578,0.3142857142857143,0.7857142857142857,0.4489795918367347,0.30261764718100115
negative_veto,3.0,2.0,4.0,0.2,True,3,1,0.7,0.3,18,17,0.7164179104477612,0.5053908355795148,0.2920979014729015,0.2222222222222222,0.14285714285714285,0.17391304347826086,0.18858015598444602
negative_veto,3.0,2.0,4.0,0.2,True,3,1,0.9,0.3,18,17,0.7164179104477612,0.5053908355795148,0.2920979014729015,0.2222222222222222,0.14285714285714285,0.17391304347826086,0.18858015598444602
negative_veto,3.0,2.0,4.0,0.2,True,3,1,0.9,0.1,18,17,0.7164179104477612,0.5053908355795148,0.22554563492063495,0.2222222222222222,0.14285714285714285,0.17391304347826086,0.21195519423883025
two_way,3.0,2.0,4.0,0.2,True,3,1,0.7,0.3,18,26,0.582089552238806,0.42048517520215634,0.261705401644426,0.1111111111111111,0.14285714285714285,0.125,0.2501645778533953
two_way,3.0,2.0,4.0,0.2,True,3,1,0.9,0.3,18,26,0.582089552238806,0.42048517520215634,0.24583238577141017,0.1111111111111111,0.14285714285714285,0.125,0.32132595905722283
two_way,3.0,2.0,4.0,0.2,True,3,1,0.9,0.1,18,26,0.582089552238806,0.42048517520215634,0.19870493804920036,0.1111111111111111,0.14285714285714285,0.125,0.3447009973116071
positive_rescue,3.0,2.0,4.0,0.2,True,3,2,0.7,0.3,18,9,0.5970149253731343,0.6664420485175202,0.5302290100125043,0.3142857142857143,0.7857142857142857,0.4489795918367347,0.2314562659771736
positive_rescue,3.0,2.0,4.0,0.2,True,3,2,0.9,0.3,18,9,0.5970149253731343,0.6664420485175202,0.2425624563235578,0.3142857142857143,0.7857142857142857,0.4489795918367347,0.30261764718100115
positive_rescue,3.0,2.0,4.0,0.2,True,3,2,0.9,0.1,18,9,0.5970149253731343,0.6664420485175202,0.2425624563235578,0.3142857142857143,0.7857142857142857,0.4489795918367347,0.30261764718100115
negative_veto,3.0,2.0,4.0,0.2,True,3,2,0.7,0.3,18,17,0.7164179104477612,0.5053908355795148,0.2920979014729015,0.2222222222222222,0.14285714285714285,0.17391304347826086,0.18858015598444602
negative_veto,3.0,2.0,4.0,0.2,True,3,2,0.9,0.3,18,17,0.7164179104477612,0.5053908355795148,0.2920979014729015,0.2222222222222222,0.14285714285714285,0.17391304347826086,0.18858015598444602
negative_veto,3.0,2.0,4.0,0.2,True,3,2,0.9,0.1,18,17,0.7164179104477612,0.5053908355795148,0.22554563492063495,0.2222222222222222,0.14285714285714285,0.17391304347826086,0.21195519423883025
two_way,3.0,2.0,4.0,0.2,True,3,2,0.7,0.3,18,26,0.582089552238806,0.42048517520215634,0.261705401644426,0.1111111111111111,0.14285714285714285,0.125,0.2501645778533953
two_way,3.0,2.0,4.0,0.2,True,3,2,0.9,0.3,18,26,0.582089552238806,0.42048517520215634,0.24583238577141017,0.1111111111111111,0.14285714285714285,0.125,0.32132595905722283
two_way,3.0,2.0,4.0,0.2,True,3,2,0.9,0.1,18,26,0.582089552238806,0.42048517520215634,0.19870493804920036,0.1111111111111111,0.14285714285714285,0.125,0.3447009973116071
positive_rescue,3.0,2.0,4.0,0.4,False,2,1,0.7,0.3,33,16,0.5223880597014925,0.6455525606469003,0.5225063341286101,0.2857142857142857,0.8571428571428571,0.42857142857142855,0.2633351000580479
positive_rescue,3.0,2.0,4.0,0.4,False,2,1,0.9,0.3,33,16,0.5223880597014925,0.6455525606469003,0.2522209472465846,0.2857142857142857,0.8571428571428571,0.42857142857142855,0.3718175329904437
positive_rescue,3.0,2.0,4.0,0.4,False,2,1,0.9,0.1,33,16,0.5223880597014925,0.6455525606469003,0.2522209472465846,0.2857142857142857,0.8571428571428571,0.42857142857142855,0.3718175329904437
negative_veto,3.0,2.0,4.0,0.4,False,2,1,0.7,0.3,33,9,0.746268656716418,0.6556603773584906,0.45832939406994033,0.4117647058823529,0.5,0.45161290322580644,0.17762690071355727
negative_veto,3.0,2.0,4.0,0.4,False,2,1,0.9,0.3,33,9,0.746268656716418,0.6556603773584906,0.45832939406994033,0.4117647058823529,0.5,0.45161290322580644,0.17762690071355727
negative_veto,3.0,2.0,4.0,0.4,False,2,1,0.9,0.1,33,9,0.746268656716418,0.6556603773584906,0.43185649259703873,0.4117647058823529,0.5,0.45161290322580644,0.1786117874810581
two_way,3.0,2.0,4.0,0.4,False,2,1,0.7,0.3,33,25,0.5373134328358209,0.5498652291105122,0.4082546782620474,0.24242424242424243,0.5714285714285714,0.3404255319148936,0.2710901566633808
two_way,3.0,2.0,4.0,0.4,False,2,1,0.9,0.3,33,25,0.5373134328358209,0.5498652291105122,0.2441854141927834,0.24242424242424243,0.5714285714285714,0.3404255319148936,0.37957258959577667
two_way,3.0,2.0,4.0,0.4,False,2,1,0.9,0.1,33,25,0.5373134328358209,0.5498652291105122,0.22760889903747047,0.24242424242424243,0.5714285714285714,0.3404255319148936,0.38055747636327747
positive_rescue,3.0,2.0,4.0,0.4,False,2,2,0.7,0.3,32,15,0.5373134328358209,0.6549865229110512,0.5260803278286542,0.2926829268292683,0.8571428571428571,0.43636363636363634,0.2571400937879246
positive_rescue,3.0,2.0,4.0,0.4,False,2,2,0.9,0.3,32,15,0.5373134328358209,0.6549865229110512,0.2588961814428272,0.2926829268292683,0.8571428571428571,0.43636363636363634,0.36084640731733525
positive_rescue,3.0,2.0,4.0,0.4,False,2,2,0.9,0.1,32,15,0.5373134328358209,0.6549865229110512,0.2588961814428272,0.2926829268292683,0.8571428571428571,0.43636363636363634,0.36084640731733525
negative_veto,3.0,2.0,4.0,0.4,False,2,2,0.7,0.3,32,9,0.746268656716418,0.6556603773584906,0.45832939406994033,0.4117647058823529,0.5,0.45161290322580644,0.17762690071355727
negative_veto,3.0,2.0,4.0,0.4,False,2,2,0.9,0.3,32,9,0.746268656716418,0.6556603773584906,0.45832939406994033,0.4117647058823529,0.5,0.45161290322580644,0.17762690071355727
negative_veto,3.0,2.0,4.0,0.4,False,2,2,0.9,0.1,32,9,0.746268656716418,0.6556603773584906,0.43185649259703884,0.4117647058823529,0.5,0.45161290322580644,0.17764261464670383
two_way,3.0,2.0,4.0,0.4,False,2,2,0.7,0.3,32,24,0.5522388059701493,0.559299191374663,0.41207549512634256,0.25,0.5714285714285714,0.34782608695652173,0.26489515039325756
two_way,3.0,2.0,4.0,0.4,False,2,2,0.9,0.3,32,24,0.5522388059701493,0.559299191374663,0.2501707332215807,0.25,0.5714285714285714,0.34782608695652173,0.3686014639226683
two_way,3.0,2.0,4.0,0.4,False,2,2,0.9,0.1,32,24,0.5522388059701493,0.559299191374663,0.2319379033664748,0.25,0.5714285714285714,0.34782608695652173,0.36861717785581477
positive_rescue,3.0,2.0,4.0,0.4,False,3,1,0.7,0.3,30,13,0.5671641791044776,0.6738544474393531,0.534433202102375,0.3076923076923077,0.8571428571428571,0.4528301886792453,0.24288884668402674
positive_rescue,3.0,2.0,4.0,0.4,False,3,1,0.9,0.3,30,13,0.5671641791044776,0.6738544474393531,0.27409059731852603,0.3076923076923077,0.8571428571428571,0.4528301886792453,0.3370429214074673
positive_rescue,3.0,2.0,4.0,0.4,False,3,1,0.9,0.1,30,13,0.5671641791044776,0.6738544474393531,0.27409059731852603,0.3076923076923077,0.8571428571428571,0.4528301886792453,0.3370429214074673
negative_veto,3.0,2.0,4.0,0.4,False,3,1,0.7,0.3,30,9,0.746268656716418,0.6556603773584906,0.45832939406994033,0.4117647058823529,0.5,0.45161290322580644,0.17762690071355727
negative_veto,3.0,2.0,4.0,0.4,False,3,1,0.9,0.3,30,9,0.746268656716418,0.6556603773584906,0.45832939406994033,0.4117647058823529,0.5,0.45161290322580644,0.17762690071355727
negative_veto,3.0,2.0,4.0,0.4,False,3,1,0.9,0.1,30,9,0.746268656716418,0.6556603773584906,0.43185649259703873,0.4117647058823529,0.5,0.45161290322580644,0.17756408094947643
two_way,3.0,2.0,4.0,0.4,False,3,1,0.7,0.3,30,22,0.582089552238806,0.5781671159029649,0.4209333709945705,0.26666666666666666,0.5714285714285714,0.36363636363636365,0.2506439032893597
two_way,3.0,2.0,4.0,0.4,False,3,1,0.9,0.3,30,22,0.582089552238806,0.5781671159029649,0.26379051385171337,0.26666666666666666,0.5714285714285714,0.36363636363636365,0.3447979780128002
two_way,3.0,2.0,4.0,0.4,False,3,1,0.9,0.1,30,22,0.582089552238806,0.5781671159029649,0.24265036039229587,0.26666666666666666,0.5714285714285714,0.36363636363636365,0.3447351582487194
positive_rescue,3.0,2.0,4.0,0.4,False,3,2,0.7,0.3,30,13,0.5671641791044776,0.6738544474393531,0.534433202102375,0.3076923076923077,0.8571428571428571,0.4528301886792453,0.24288884668402674
positive_rescue,3.0,2.0,4.0,0.4,False,3,2,0.9,0.3,30,13,0.5671641791044776,0.6738544474393531,0.27409059731852603,0.3076923076923077,0.8571428571428571,0.4528301886792453,0.3370429214074673
positive_rescue,3.0,2.0,4.0,0.4,False,3,2,0.9,0.1,30,13,0.5671641791044776,0.6738544474393531,0.27409059731852603,0.3076923076923077,0.8571428571428571,0.4528301886792453,0.3370429214074673
negative_veto,3.0,2.0,4.0,0.4,False,3,2,0.7,0.3,30,9,0.746268656716418,0.6556603773584906,0.45832939406994033,0.4117647058823529,0.5,0.45161290322580644,0.17762690071355727
negative_veto,3.0,2.0,4.0,0.4,False,3,2,0.9,0.3,30,9,0.746268656716418,0.6556603773584906,0.45832939406994033,0.4117647058823529,0.5,0.45161290322580644,0.17762690071355727
negative_veto,3.0,2.0,4.0,0.4,False,3,2,0.9,0.1,30,9,0.746268656716418,0.6556603773584906,0.43185649259703873,0.4117647058823529,0.5,0.45161290322580644,0.17756408094947643
two_way,3.0,2.0,4.0,0.4,False,3,2,0.7,0.3,30,22,0.582089552238806,0.5781671159029649,0.4209333709945705,0.26666666666666666,0.5714285714285714,0.36363636363636365,0.2506439032893597
two_way,3.0,2.0,4.0,0.4,False,3,2,0.9,0.3,30,22,0.582089552238806,0.5781671159029649,0.26379051385171337,0.26666666666666666,0.5714285714285714,0.36363636363636365,0.3447979780128002
two_way,3.0,2.0,4.0,0.4,False,3,2,0.9,0.1,30,22,0.582089552238806,0.5781671159029649,0.24265036039229587,0.26666666666666666,0.5714285714285714,0.36363636363636365,0.3447351582487194
positive_rescue,3.0,2.0,4.0,0.4,True,2,1,0.7,0.3,25,10,0.582089552238806,0.6570080862533693,0.5266090895002804,0.3055555555555556,0.7857142857142857,0.44,0.24002776155716443
positive_rescue,3.0,2.0,4.0,0.4,True,2,1,0.9,0.3,25,10,0.582089552238806,0.6570080862533693,0.24613493402612502,0.3055555555555556,0.7857142857142857,0.44,0.32742118464091696
positive_rescue,3.0,2.0,4.0,0.4,True,2,1,0.9,0.1,25,10,0.582089552238806,0.6570080862533693,0.24613493402612502,0.3055555555555556,0.7857142857142857,0.44,0.32742118464091696
negative_veto,3.0,2.0,4.0,0.4,True,2,1,0.7,0.3,25,11,0.7164179104477612,0.5842318059299192,0.38272671710171713,0.3333333333333333,0.35714285714285715,0.3448275862068966,0.18610520013505602
negative_veto,3.0,2.0,4.0,0.4,True,2,1,0.9,0.3,25,11,0.7164179104477612,0.5842318059299192,0.38272671710171713,0.3333333333333333,0.35714285714285715,0.3448275862068966,0.18610520013505602
negative_veto,3.0,2.0,4.0,0.4,True,2,1,0.9,0.1,25,11,0.7164179104477612,0.5842318059299192,0.33522206959706957,0.3333333333333333,0.35714285714285715,0.3448275862068966,0.19909195528637713
two_way,3.0,2.0,4.0,0.4,True,2,1,0.7,0.3,25,21,0.5671641791044776,0.48989218328840967,0.3459284182716238,0.2,0.35714285714285715,0.2564102564102564,0.2562611175839961
two_way,3.0,2.0,4.0,0.4,True,2,1,0.9,0.3,25,21,0.5671641791044776,0.48989218328840967,0.2387855611287667,0.2,0.35714285714285715,0.2564102564102564,0.3436545406677487
two_way,3.0,2.0,4.0,0.4,True,2,1,0.9,0.1,25,21,0.5671641791044776,0.48989218328840967,0.20859304629796432,0.2,0.35714285714285715,0.2564102564102564,0.3566412958190698
positive_rescue,3.0,2.0,4.0,0.4,True,2,2,0.7,0.3,24,9,0.5970149253731343,0.6664420485175202,0.5310884326345998,0.3142857142857143,0.7857142857142857,0.4489795918367347,0.23322156800634009
positive_rescue,3.0,2.0,4.0,0.4,True,2,2,0.9,0.3,24,9,0.5970149253731343,0.6664420485175202,0.2542062011095112,0.3142857142857143,0.7857142857142857,0.4489795918367347,0.31583887168710756
positive_rescue,3.0,2.0,4.0,0.4,True,2,2,0.9,0.1,24,9,0.5970149253731343,0.6664420485175202,0.2542062011095112,0.3142857142857143,0.7857142857142857,0.4489795918367347,0.31583887168710756
negative_veto,3.0,2.0,4.0,0.4,True,2,2,0.7,0.3,24,11,0.7164179104477612,0.5842318059299192,0.38272671710171713,0.3333333333333333,0.35714285714285715,0.3448275862068966,0.18610520013505602
negative_veto,3.0,2.0,4.0,0.4,True,2,2,0.9,0.3,24,11,0.7164179104477612,0.5842318059299192,0.38272671710171713,0.3333333333333333,0.35714285714285715,0.3448275862068966,0.18610520013505602
negative_veto,3.0,2.0,4.0,0.4,True,2,2,0.9,0.1,24,11,0.7164179104477612,0.5842318059299192,0.33522206959706957,0.3333333333333333,0.35714285714285715,0.3448275862068966,0.19873396973272386
two_way,3.0,2.0,4.0,0.4,True,2,2,0.7,0.3,24,20,0.582089552238806,0.4993261455525606,0.3507927032317276,0.20833333333333334,0.35714285714285715,0.2631578947368421,0.2494549240331718
two_way,3.0,2.0,4.0,0.4,True,2,2,0.9,0.3,24,20,0.582089552238806,0.4993261455525606,0.24543556037458475,0.20833333333333334,0.35714285714285715,0.2631578947368421,0.33207222771393924
two_way,3.0,2.0,4.0,0.4,True,2,2,0.9,0.1,24,20,0.582089552238806,0.4993261455525606,0.2115692367741548,0.20833333333333334,0.35714285714285715,0.2631578947368421,0.3447009973116071
positive_rescue,3.0,2.0,4.0,0.4,True,3,1,0.7,0.3,20,9,0.5970149253731343,0.6664420485175202,0.5285165558000502,0.3142857142857143,0.7857142857142857,0.4489795918367347,0.23256093914905782
positive_rescue,3.0,2.0,4.0,0.4,True,3,1,0.9,0.3,20,9,0.5970149253731343,0.6664420485175202,0.24346889642009273,0.3142857142857143,0.7857142857142857,0.4489795918367347,0.30796965675384697
positive_rescue,3.0,2.0,4.0,0.4,True,3,1,0.9,0.1,20,9,0.5970149253731343,0.6664420485175202,0.24346889642009273,0.3142857142857143,0.7857142857142857,0.4489795918367347,0.30796965675384697
negative_veto,3.0,2.0,4.0,0.4,True,3,1,0.7,0.3,20,15,0.7164179104477612,0.5316711590296496,0.3572133415883416,0.2727272727272727,0.21428571428571427,0.24,0.186810235963839
negative_veto,3.0,2.0,4.0,0.4,True,3,1,0.9,0.3,20,15,0.7164179104477612,0.5316711590296496,0.3572133415883416,0.2727272727272727,0.21428571428571427,0.24,0.186810235963839
negative_veto,3.0,2.0,4.0,0.4,True,3,1,0.9,0.1,20,15,0.7164179104477612,0.5316711590296496,0.2970102813852814,0.2727272727272727,0.21428571428571427,0.24,0.20660318466598446
two_way,3.0,2.0,4.0,0.4,True,3,1,0.7,0.3,20,24,0.582089552238806,0.4467654986522911,0.32817365561267997,0.15,0.21428571428571427,0.17647058823529413,0.24949933100467256
two_way,3.0,2.0,4.0,0.4,True,3,1,0.9,0.3,20,24,0.582089552238806,0.4467654986522911,0.24245936989839428,0.15,0.21428571428571427,0.17647058823529413,0.32490804860946165
two_way,3.0,2.0,4.0,0.4,True,3,1,0.9,0.1,20,24,0.582089552238806,0.4467654986522911,0.19975229688344442,0.15,0.21428571428571427,0.17647058823529413,0.3447009973116071
positive_rescue,3.0,2.0,4.0,0.4,True,3,2,0.7,0.3,20,9,0.5970149253731343,0.6664420485175202,0.5285165558000502,0.3142857142857143,0.7857142857142857,0.4489795918367347,0.23256093914905782
positive_rescue,3.0,2.0,4.0,0.4,True,3,2,0.9,0.3,20,9,0.5970149253731343,0.6664420485175202,0.24346889642009273,0.3142857142857143,0.7857142857142857,0.4489795918367347,0.30796965675384697
positive_rescue,3.0,2.0,4.0,0.4,True,3,2,0.9,0.1,20,9,0.5970149253731343,0.6664420485175202,0.24346889642009273,0.3142857142857143,0.7857142857142857,0.4489795918367347,0.30796965675384697
negative_veto,3.0,2.0,4.0,0.4,True,3,2,0.7,0.3,20,15,0.7164179104477612,0.5316711590296496,0.3572133415883416,0.2727272727272727,0.21428571428571427,0.24,0.186810235963839
negative_veto,3.0,2.0,4.0,0.4,True,3,2,0.9,0.3,20,15,0.7164179104477612,0.5316711590296496,0.3572133415883416,0.2727272727272727,0.21428571428571427,0.24,0.186810235963839
negative_veto,3.0,2.0,4.0,0.4,True,3,2,0.9,0.1,20,15,0.7164179104477612,0.5316711590296496,0.2970102813852814,0.2727272727272727,0.21428571428571427,0.24,0.20660318466598446
two_way,3.0,2.0,4.0,0.4,True,3,2,0.7,0.3,20,24,0.582089552238806,0.4467654986522911,0.32817365561267997,0.15,0.21428571428571427,0.17647058823529413,0.24949933100467256
two_way,3.0,2.0,4.0,0.4,True,3,2,0.9,0.3,20,24,0.582089552238806,0.4467654986522911,0.24245936989839428,0.15,0.21428571428571427,0.17647058823529413,0.32490804860946165
two_way,3.0,2.0,4.0,0.4,True,3,2,0.9,0.1,20,24,0.582089552238806,0.4467654986522911,0.19975229688344442,0.15,0.21428571428571427,0.17647058823529413,0.3447009973116071
positive_rescue,5.0,1.5,1.0,0.2,False,2,1,0.7,0.3,47,27,0.3880597014925373,0.5869272237196765,0.4978005580112228,0.24528301886792453,0.9285714285714286,0.3880597014925373,0.32589065914430215
positive_rescue,5.0,1.5,1.0,0.2,False,2,1,0.9,0.3,47,27,0.3880597014925373,0.5869272237196765,0.2051452740131252,0.24528301886792453,0.9285714285714286,0.3880597014925373,0.4952686144647577
positive_rescue,5.0,1.5,1.0,0.2,False,2,1,0.9,0.1,47,27,0.3880597014925373,0.5869272237196765,0.2051452740131252,0.24528301886792453,0.9285714285714286,0.3880597014925373,0.4952686144647577
negative_veto,5.0,1.5,1.0,0.2,False,2,1,0.7,0.3,47,6,0.7014925373134329,0.6273584905660378,0.4477526633776634,0.35,0.5,0.4117647058823529,0.1859486471998369
negative_veto,5.0,1.5,1.0,0.2,False,2,1,0.9,0.3,47,6,0.7014925373134329,0.6273584905660378,0.4477526633776634,0.35,0.5,0.4117647058823529,0.1859486471998369
negative_veto,5.0,1.5,1.0,0.2,False,2,1,0.9,0.1,47,6,0.7014925373134329,0.6273584905660378,0.4178784013605442,0.35,0.5,0.4117647058823529,0.19789270327617825
two_way,5.0,1.5,1.0,0.2,False,2,1,0.7,0.3,47,33,0.3582089552238806,0.4629380053908356,0.3841779539544026,0.19148936170212766,0.6428571428571429,0.29508196721311475,0.3419674622359147
two_way,5.0,1.5,1.0,0.2,False,2,1,0.9,0.3,47,33,0.3582089552238806,0.4629380053908356,0.2055558668216772,0.19148936170212766,0.6428571428571429,0.29508196721311475,0.5113454175563703
two_way,5.0,1.5,1.0,0.2,False,2,1,0.9,0.1,47,33,0.3582089552238806,0.4629380053908356,0.2000233808744447,0.19148936170212766,0.6428571428571429,0.29508196721311475,0.5232894736327117
positive_rescue,5.0,1.5,1.0,0.2,False,2,2,0.7,0.3,46,26,0.40298507462686567,0.5963611859838275,0.500170863276186,0.25,0.9285714285714286,0.3939393939393939,0.31969565287417884
positive_rescue,5.0,1.5,1.0,0.2,False,2,2,0.9,0.3,46,26,0.40298507462686567,0.5963611859838275,0.20917204006512546,0.25,0.9285714285714286,0.3939393939393939,0.48429748879164924
positive_rescue,5.0,1.5,1.0,0.2,False,2,2,0.9,0.1,46,26,0.40298507462686567,0.5963611859838275,0.20917204006512546,0.25,0.9285714285714286,0.3939393939393939,0.48429748879164924
negative_veto,5.0,1.5,1.0,0.2,False,2,2,0.7,0.3,46,6,0.7014925373134329,0.6273584905660378,0.4477526633776634,0.35,0.5,0.4117647058823529,0.1859486471998369
negative_veto,5.0,1.5,1.0,0.2,False,2,2,0.9,0.3,46,6,0.7014925373134329,0.6273584905660378,0.4477526633776634,0.35,0.5,0.4117647058823529,0.1859486471998369
negative_veto,5.0,1.5,1.0,0.2,False,2,2,0.9,0.1,46,6,0.7014925373134329,0.6273584905660378,0.4178784013605442,0.35,0.5,0.4117647058823529,0.19692353044182395
two_way,5.0,1.5,1.0,0.2,False,2,2,0.7,0.3,46,32,0.373134328358209,0.47237196765498657,0.38687060952138086,0.1956521739130435,0.6428571428571429,0.3,0.33577245596579136
two_way,5.0,1.5,1.0,0.2,False,2,2,0.9,0.3,46,32,0.373134328358209,0.47237196765498657,0.20943789730606,0.1956521739130435,0.6428571428571429,0.3,0.5003742918832619
two_way,5.0,1.5,1.0,0.2,False,2,2,0.9,0.1,46,32,0.373134328358209,0.47237196765498657,0.20269947443860487,0.1956521739130435,0.6428571428571429,0.3,0.5113491751252489
positive_rescue,5.0,1.5,1.0,0.2,False,3,1,0.7,0.3,45,25,0.3880597014925373,0.5606469002695418,0.49117277454470376,0.23529411764705882,0.8571428571428571,0.36923076923076925,0.33107375037840425
positive_rescue,5.0,1.5,1.0,0.2,False,3,1,0.9,0.3,45,25,0.3880597014925373,0.5606469002695418,0.19464592760487953,0.23529411764705882,0.8571428571428571,0.36923076923076925,0.49686961614662106
positive_rescue,5.0,1.5,1.0,0.2,False,3,1,0.9,0.1,45,25,0.3880597014925373,0.5606469002695418,0.19464592760487953,0.23529411764705882,0.8571428571428571,0.36923076923076925,0.49686961614662106
negative_veto,5.0,1.5,1.0,0.2,False,3,1,0.7,0.3,45,6,0.7014925373134329,0.6273584905660378,0.4477526633776634,0.35,0.5,0.4117647058823529,0.1859486471998369
negative_veto,5.0,1.5,1.0,0.2,False,3,1,0.9,0.3,45,6,0.7014925373134329,0.6273584905660378,0.4477526633776634,0.35,0.5,0.4117647058823529,0.1859486471998369
negative_veto,5.0,1.5,1.0,0.2,False,3,1,0.9,0.1,45,6,0.7014925373134329,0.6273584905660378,0.4178784013605442,0.35,0.5,0.4117647058823529,0.19692353044182395
two_way,5.0,1.5,1.0,0.2,False,3,1,0.7,0.3,45,31,0.3582089552238806,0.43665768194070076,0.37799304520615995,0.17777777777777778,0.5714285714285714,0.2711864406779661,0.3471505534700169
two_way,5.0,1.5,1.0,0.2,False,3,1,0.9,0.3,45,31,0.3582089552238806,0.43665768194070076,0.19545336266647742,0.17777777777777778,0.5714285714285714,0.2711864406779661,0.5129464192382337
two_way,5.0,1.5,1.0,0.2,False,3,1,0.9,0.1,45,31,0.3582089552238806,0.43665768194070076,0.1892834595959596,0.17777777777777778,0.5714285714285714,0.2711864406779661,0.5239213024802206
positive_rescue,5.0,1.5,1.0,0.2,False,3,2,0.7,0.3,45,25,0.3880597014925373,0.5606469002695418,0.49117277454470376,0.23529411764705882,0.8571428571428571,0.36923076923076925,0.33107375037840425
positive_rescue,5.0,1.5,1.0,0.2,False,3,2,0.9,0.3,45,25,0.3880597014925373,0.5606469002695418,0.19464592760487953,0.23529411764705882,0.8571428571428571,0.36923076923076925,0.49686961614662106
positive_rescue,5.0,1.5,1.0,0.2,False,3,2,0.9,0.1,45,25,0.3880597014925373,0.5606469002695418,0.19464592760487953,0.23529411764705882,0.8571428571428571,0.36923076923076925,0.49686961614662106
negative_veto,5.0,1.5,1.0,0.2,False,3,2,0.7,0.3,45,6,0.7014925373134329,0.6273584905660378,0.4477526633776634,0.35,0.5,0.4117647058823529,0.1859486471998369
negative_veto,5.0,1.5,1.0,0.2,False,3,2,0.9,0.3,45,6,0.7014925373134329,0.6273584905660378,0.4477526633776634,0.35,0.5,0.4117647058823529,0.1859486471998369
negative_veto,5.0,1.5,1.0,0.2,False,3,2,0.9,0.1,45,6,0.7014925373134329,0.6273584905660378,0.4178784013605442,0.35,0.5,0.4117647058823529,0.19692353044182395
two_way,5.0,1.5,1.0,0.2,False,3,2,0.7,0.3,45,31,0.3582089552238806,0.43665768194070076,0.37799304520615995,0.17777777777777778,0.5714285714285714,0.2711864406779661,0.3471505534700169
two_way,5.0,1.5,1.0,0.2,False,3,2,0.9,0.3,45,31,0.3582089552238806,0.43665768194070076,0.19545336266647742,0.17777777777777778,0.5714285714285714,0.2711864406779661,0.5129464192382337
two_way,5.0,1.5,1.0,0.2,False,3,2,0.9,0.1,45,31,0.3582089552238806,0.43665768194070076,0.1892834595959596,0.17777777777777778,0.5714285714285714,0.2711864406779661,0.5239213024802206
positive_rescue,5.0,1.5,1.0,0.2,True,2,1,0.7,0.3,45,25,0.417910447761194,0.6057951482479784,0.5026408284659093,0.2549019607843137,0.9285714285714286,0.4,0.3134108872321992
positive_rescue,5.0,1.5,1.0,0.2,True,2,1,0.9,0.3,45,25,0.417910447761194,0.6057951482479784,0.21337430779658706,0.2549019607843137,0.9285714285714286,0.4,0.4732366037466846
positive_rescue,5.0,1.5,1.0,0.2,True,2,1,0.9,0.1,45,25,0.417910447761194,0.6057951482479784,0.21337430779658706,0.2549019607843137,0.9285714285714286,0.4,0.4732366037466846
negative_veto,5.0,1.5,1.0,0.2,True,2,1,0.7,0.3,45,6,0.7014925373134329,0.6273584905660378,0.4477526633776634,0.35,0.5,0.4117647058823529,0.1859486471998369
negative_veto,5.0,1.5,1.0,0.2,True,2,1,0.9,0.3,45,6,0.7014925373134329,0.6273584905660378,0.4477526633776634,0.35,0.5,0.4117647058823529,0.1859486471998369
negative_veto,5.0,1.5,1.0,0.2,True,2,1,0.9,0.1,45,6,0.7014925373134329,0.6273584905660378,0.4178784013605442,0.35,0.5,0.4117647058823529,0.19604411697932603
two_way,5.0,1.5,1.0,0.2,True,2,1,0.7,0.3,45,31,0.3880597014925373,0.4818059299191375,0.389674005803038,0.2,0.6428571428571429,0.3050847457627119,0.3294876903238117
two_way,5.0,1.5,1.0,0.2,True,2,1,0.9,0.3,45,31,0.3880597014925373,0.4818059299191375,0.21348352961256187,0.2,0.6428571428571429,0.3050847457627119,0.48931340683829716
two_way,5.0,1.5,1.0,0.2,True,2,1,0.9,0.1,45,31,0.3880597014925373,0.4818059299191375,0.20549450549450549,0.2,0.6428571428571429,0.3050847457627119,0.49940887661778627
positive_rescue,5.0,1.5,1.0,0.2,True,2,2,0.7,0.3,45,25,0.417910447761194,0.6057951482479784,0.5026408284659093,0.2549019607843137,0.9285714285714286,0.4,0.3134108872321992
positive_rescue,5.0,1.5,1.0,0.2,True,2,2,0.9,0.3,45,25,0.417910447761194,0.6057951482479784,0.21337430779658706,0.2549019607843137,0.9285714285714286,0.4,0.4732366037466846
positive_rescue,5.0,1.5,1.0,0.2,True,2,2,0.9,0.1,45,25,0.417910447761194,0.6057951482479784,0.21337430779658706,0.2549019607843137,0.9285714285714286,0.4,0.4732366037466846
negative_veto,5.0,1.5,1.0,0.2,True,2,2,0.7,0.3,45,6,0.7014925373134329,0.6273584905660378,0.4477526633776634,0.35,0.5,0.4117647058823529,0.1859486471998369
negative_veto,5.0,1.5,1.0,0.2,True,2,2,0.9,0.3,45,6,0.7014925373134329,0.6273584905660378,0.4477526633776634,0.35,0.5,0.4117647058823529,0.1859486471998369
negative_veto,5.0,1.5,1.0,0.2,True,2,2,0.9,0.1,45,6,0.7014925373134329,0.6273584905660378,0.4178784013605442,0.35,0.5,0.4117647058823529,0.19604411697932603
two_way,5.0,1.5,1.0,0.2,True,2,2,0.7,0.3,45,31,0.3880597014925373,0.4818059299191375,0.389674005803038,0.2,0.6428571428571429,0.3050847457627119,0.3294876903238117
two_way,5.0,1.5,1.0,0.2,True,2,2,0.9,0.3,45,31,0.3880597014925373,0.4818059299191375,0.21348352961256187,0.2,0.6428571428571429,0.3050847457627119,0.48931340683829716
two_way,5.0,1.5,1.0,0.2,True,2,2,0.9,0.1,45,31,0.3880597014925373,0.4818059299191375,0.20549450549450549,0.2,0.6428571428571429,0.3050847457627119,0.49940887661778627
positive_rescue,5.0,1.5,1.0,0.2,True,3,1,0.7,0.3,44,24,0.40298507462686567,0.5700808625336927,0.49319243406702995,0.24,0.8571428571428571,0.375,0.32478898473642465
positive_rescue,5.0,1.5,1.0,0.2,True,3,1,0.9,0.3,44,24,0.40298507462686567,0.5700808625336927,0.19829380267771546,0.24,0.8571428571428571,0.375,0.48580873110165623
positive_rescue,5.0,1.5,1.0,0.2,True,3,1,0.9,0.1,44,24,0.40298507462686567,0.5700808625336927,0.19829380267771546,0.24,0.8571428571428571,0.375,0.48580873110165623
negative_veto,5.0,1.5,1.0,0.2,True,3,1,0.7,0.3,44,6,0.7014925373134329,0.6273584905660378,0.4477526633776634,0.35,0.5,0.4117647058823529,0.1859486471998369
negative_veto,5.0,1.5,1.0,0.2,True,3,1,0.9,0.3,44,6,0.7014925373134329,0.6273584905660378,0.4477526633776634,0.35,0.5,0.4117647058823529,0.1859486471998369
negative_veto,5.0,1.5,1.0,0.2,True,3,1,0.9,0.1,44,6,0.7014925373134329,0.6273584905660378,0.4178784013605442,0.35,0.5,0.4117647058823529,0.19604411697932603
two_way,5.0,1.5,1.0,0.2,True,3,1,0.7,0.3,44,30,0.373134328358209,0.4460916442048517,0.3803454098226755,0.18181818181818182,0.5714285714285714,0.27586206896551724,0.34086578782803717
two_way,5.0,1.5,1.0,0.2,True,3,1,0.9,0.3,44,30,0.373134328358209,0.4460916442048517,0.19896012843739413,0.18181818181818182,0.5714285714285714,0.27586206896551724,0.501885534193269
two_way,5.0,1.5,1.0,0.2,True,3,1,0.9,0.1,44,30,0.373134328358209,0.4460916442048517,0.19159226190476192,0.18181818181818182,0.5714285714285714,0.27586206896551724,0.511981003972758
positive_rescue,5.0,1.5,1.0,0.2,True,3,2,0.7,0.3,44,24,0.40298507462686567,0.5700808625336927,0.49319243406702995,0.24,0.8571428571428571,0.375,0.32478898473642465
positive_rescue,5.0,1.5,1.0,0.2,True,3,2,0.9,0.3,44,24,0.40298507462686567,0.5700808625336927,0.19829380267771546,0.24,0.8571428571428571,0.375,0.48580873110165623
positive_rescue,5.0,1.5,1.0,0.2,True,3,2,0.9,0.1,44,24,0.40298507462686567,0.5700808625336927,0.19829380267771546,0.24,0.8571428571428571,0.375,0.48580873110165623
negative_veto,5.0,1.5,1.0,0.2,True,3,2,0.7,0.3,44,6,0.7014925373134329,0.6273584905660378,0.4477526633776634,0.35,0.5,0.4117647058823529,0.1859486471998369
negative_veto,5.0,1.5,1.0,0.2,True,3,2,0.9,0.3,44,6,0.7014925373134329,0.6273584905660378,0.4477526633776634,0.35,0.5,0.4117647058823529,0.1859486471998369
negative_veto,5.0,1.5,1.0,0.2,True,3,2,0.9,0.1,44,6,0.7014925373134329,0.6273584905660378,0.4178784013605442,0.35,0.5,0.4117647058823529,0.19604411697932603
two_way,5.0,1.5,1.0,0.2,True,3,2,0.7,0.3,44,30,0.373134328358209,0.4460916442048517,0.3803454098226755,0.18181818181818182,0.5714285714285714,0.27586206896551724,0.34086578782803717
two_way,5.0,1.5,1.0,0.2,True,3,2,0.9,0.3,44,30,0.373134328358209,0.4460916442048517,0.19896012843739413,0.18181818181818182,0.5714285714285714,0.27586206896551724,0.501885534193269
two_way,5.0,1.5,1.0,0.2,True,3,2,0.9,0.1,44,30,0.373134328358209,0.4460916442048517,0.19159226190476192,0.18181818181818182,0.5714285714285714,0.27586206896551724,0.511981003972758
positive_rescue,5.0,1.5,1.0,0.4,False,2,1,0.7,0.3,47,27,0.3880597014925373,0.5869272237196765,0.4978005580112228,0.24528301886792453,0.9285714285714286,0.3880597014925373,0.32589065914430215
positive_rescue,5.0,1.5,1.0,0.4,False,2,1,0.9,0.3,47,27,0.3880597014925373,0.5869272237196765,0.2051452740131252,0.24528301886792453,0.9285714285714286,0.3880597014925373,0.4952686144647577
positive_rescue,5.0,1.5,1.0,0.4,False,2,1,0.9,0.1,47,27,0.3880597014925373,0.5869272237196765,0.2051452740131252,0.24528301886792453,0.9285714285714286,0.3880597014925373,0.4952686144647577
negative_veto,5.0,1.5,1.0,0.4,False,2,1,0.7,0.3,47,6,0.7014925373134329,0.6273584905660378,0.4477526633776634,0.35,0.5,0.4117647058823529,0.1859486471998369
negative_veto,5.0,1.5,1.0,0.4,False,2,1,0.9,0.3,47,6,0.7014925373134329,0.6273584905660378,0.4477526633776634,0.35,0.5,0.4117647058823529,0.1859486471998369
negative_veto,5.0,1.5,1.0,0.4,False,2,1,0.9,0.1,47,6,0.7014925373134329,0.6273584905660378,0.4178784013605442,0.35,0.5,0.4117647058823529,0.19789270327617825
two_way,5.0,1.5,1.0,0.4,False,2,1,0.7,0.3,47,33,0.3582089552238806,0.4629380053908356,0.3841779539544026,0.19148936170212766,0.6428571428571429,0.29508196721311475,0.3419674622359147
two_way,5.0,1.5,1.0,0.4,False,2,1,0.9,0.3,47,33,0.3582089552238806,0.4629380053908356,0.2055558668216772,0.19148936170212766,0.6428571428571429,0.29508196721311475,0.5113454175563703
two_way,5.0,1.5,1.0,0.4,False,2,1,0.9,0.1,47,33,0.3582089552238806,0.4629380053908356,0.2000233808744447,0.19148936170212766,0.6428571428571429,0.29508196721311475,0.5232894736327117
positive_rescue,5.0,1.5,1.0,0.4,False,2,2,0.7,0.3,46,26,0.40298507462686567,0.5963611859838275,0.500170863276186,0.25,0.9285714285714286,0.3939393939393939,0.31969565287417884
positive_rescue,5.0,1.5,1.0,0.4,False,2,2,0.9,0.3,46,26,0.40298507462686567,0.5963611859838275,0.20917204006512546,0.25,0.9285714285714286,0.3939393939393939,0.48429748879164924
positive_rescue,5.0,1.5,1.0,0.4,False,2,2,0.9,0.1,46,26,0.40298507462686567,0.5963611859838275,0.20917204006512546,0.25,0.9285714285714286,0.3939393939393939,0.48429748879164924
negative_veto,5.0,1.5,1.0,0.4,False,2,2,0.7,0.3,46,6,0.7014925373134329,0.6273584905660378,0.4477526633776634,0.35,0.5,0.4117647058823529,0.1859486471998369
negative_veto,5.0,1.5,1.0,0.4,False,2,2,0.9,0.3,46,6,0.7014925373134329,0.6273584905660378,0.4477526633776634,0.35,0.5,0.4117647058823529,0.1859486471998369
negative_veto,5.0,1.5,1.0,0.4,False,2,2,0.9,0.1,46,6,0.7014925373134329,0.6273584905660378,0.4178784013605442,0.35,0.5,0.4117647058823529,0.19692353044182395
two_way,5.0,1.5,1.0,0.4,False,2,2,0.7,0.3,46,32,0.373134328358209,0.47237196765498657,0.38687060952138086,0.1956521739130435,0.6428571428571429,0.3,0.33577245596579136
two_way,5.0,1.5,1.0,0.4,False,2,2,0.9,0.3,46,32,0.373134328358209,0.47237196765498657,0.20943789730606,0.1956521739130435,0.6428571428571429,0.3,0.5003742918832619
two_way,5.0,1.5,1.0,0.4,False,2,2,0.9,0.1,46,32,0.373134328358209,0.47237196765498657,0.20269947443860487,0.1956521739130435,0.6428571428571429,0.3,0.5113491751252489
positive_rescue,5.0,1.5,1.0,0.4,False,3,1,0.7,0.3,45,25,0.3880597014925373,0.5606469002695418,0.49117277454470376,0.23529411764705882,0.8571428571428571,0.36923076923076925,0.33107375037840425
positive_rescue,5.0,1.5,1.0,0.4,False,3,1,0.9,0.3,45,25,0.3880597014925373,0.5606469002695418,0.19464592760487953,0.23529411764705882,0.8571428571428571,0.36923076923076925,0.49686961614662106
positive_rescue,5.0,1.5,1.0,0.4,False,3,1,0.9,0.1,45,25,0.3880597014925373,0.5606469002695418,0.19464592760487953,0.23529411764705882,0.8571428571428571,0.36923076923076925,0.49686961614662106
negative_veto,5.0,1.5,1.0,0.4,False,3,1,0.7,0.3,45,6,0.7014925373134329,0.6273584905660378,0.4477526633776634,0.35,0.5,0.4117647058823529,0.1859486471998369
negative_veto,5.0,1.5,1.0,0.4,False,3,1,0.9,0.3,45,6,0.7014925373134329,0.6273584905660378,0.4477526633776634,0.35,0.5,0.4117647058823529,0.1859486471998369
negative_veto,5.0,1.5,1.0,0.4,False,3,1,0.9,0.1,45,6,0.7014925373134329,0.6273584905660378,0.4178784013605442,0.35,0.5,0.4117647058823529,0.19692353044182395
two_way,5.0,1.5,1.0,0.4,False,3,1,0.7,0.3,45,31,0.3582089552238806,0.43665768194070076,0.37799304520615995,0.17777777777777778,0.5714285714285714,0.2711864406779661,0.3471505534700169
two_way,5.0,1.5,1.0,0.4,False,3,1,0.9,0.3,45,31,0.3582089552238806,0.43665768194070076,0.19545336266647742,0.17777777777777778,0.5714285714285714,0.2711864406779661,0.5129464192382337
two_way,5.0,1.5,1.0,0.4,False,3,1,0.9,0.1,45,31,0.3582089552238806,0.43665768194070076,0.1892834595959596,0.17777777777777778,0.5714285714285714,0.2711864406779661,0.5239213024802206
positive_rescue,5.0,1.5,1.0,0.4,False,3,2,0.7,0.3,45,25,0.3880597014925373,0.5606469002695418,0.49117277454470376,0.23529411764705882,0.8571428571428571,0.36923076923076925,0.33107375037840425
positive_rescue,5.0,1.5,1.0,0.4,False,3,2,0.9,0.3,45,25,0.3880597014925373,0.5606469002695418,0.19464592760487953,0.23529411764705882,0.8571428571428571,0.36923076923076925,0.49686961614662106
positive_rescue,5.0,1.5,1.0,0.4,False,3,2,0.9,0.1,45,25,0.3880597014925373,0.5606469002695418,0.19464592760487953,0.23529411764705882,0.8571428571428571,0.36923076923076925,0.49686961614662106
negative_veto,5.0,1.5,1.0,0.4,False,3,2,0.7,0.3,45,6,0.7014925373134329,0.6273584905660378,0.4477526633776634,0.35,0.5,0.4117647058823529,0.1859486471998369
negative_veto,5.0,1.5,1.0,0.4,False,3,2,0.9,0.3,45,6,0.7014925373134329,0.6273584905660378,0.4477526633776634,0.35,0.5,0.4117647058823529,0.1859486471998369
negative_veto,5.0,1.5,1.0,0.4,False,3,2,0.9,0.1,45,6,0.7014925373134329,0.6273584905660378,0.4178784013605442,0.35,0.5,0.4117647058823529,0.19692353044182395
two_way,5.0,1.5,1.0,0.4,False,3,2,0.7,0.3,45,31,0.3582089552238806,0.43665768194070076,0.37799304520615995,0.17777777777777778,0.5714285714285714,0.2711864406779661,0.3471505534700169
two_way,5.0,1.5,1.0,0.4,False,3,2,0.9,0.3,45,31,0.3582089552238806,0.43665768194070076,0.19545336266647742,0.17777777777777778,0.5714285714285714,0.2711864406779661,0.5129464192382337
two_way,5.0,1.5,1.0,0.4,False,3,2,0.9,0.1,45,31,0.3582089552238806,0.43665768194070076,0.1892834595959596,0.17777777777777778,0.5714285714285714,0.2711864406779661,0.5239213024802206
positive_rescue,5.0,1.5,1.0,0.4,True,2,1,0.7,0.3,45,25,0.417910447761194,0.6057951482479784,0.5026408284659093,0.2549019607843137,0.9285714285714286,0.4,0.3134108872321992
positive_rescue,5.0,1.5,1.0,0.4,True,2,1,0.9,0.3,45,25,0.417910447761194,0.6057951482479784,0.21337430779658706,0.2549019607843137,0.9285714285714286,0.4,0.4732366037466846
positive_rescue,5.0,1.5,1.0,0.4,True,2,1,0.9,0.1,45,25,0.417910447761194,0.6057951482479784,0.21337430779658706,0.2549019607843137,0.9285714285714286,0.4,0.4732366037466846
negative_veto,5.0,1.5,1.0,0.4,True,2,1,0.7,0.3,45,6,0.7014925373134329,0.6273584905660378,0.4477526633776634,0.35,0.5,0.4117647058823529,0.1859486471998369
negative_veto,5.0,1.5,1.0,0.4,True,2,1,0.9,0.3,45,6,0.7014925373134329,0.6273584905660378,0.4477526633776634,0.35,0.5,0.4117647058823529,0.1859486471998369
negative_veto,5.0,1.5,1.0,0.4,True,2,1,0.9,0.1,45,6,0.7014925373134329,0.6273584905660378,0.4178784013605442,0.35,0.5,0.4117647058823529,0.19604411697932603
two_way,5.0,1.5,1.0,0.4,True,2,1,0.7,0.3,45,31,0.3880597014925373,0.4818059299191375,0.389674005803038,0.2,0.6428571428571429,0.3050847457627119,0.3294876903238117
two_way,5.0,1.5,1.0,0.4,True,2,1,0.9,0.3,45,31,0.3880597014925373,0.4818059299191375,0.21348352961256187,0.2,0.6428571428571429,0.3050847457627119,0.48931340683829716
two_way,5.0,1.5,1.0,0.4,True,2,1,0.9,0.1,45,31,0.3880597014925373,0.4818059299191375,0.20549450549450549,0.2,0.6428571428571429,0.3050847457627119,0.49940887661778627
positive_rescue,5.0,1.5,1.0,0.4,True,2,2,0.7,0.3,45,25,0.417910447761194,0.6057951482479784,0.5026408284659093,0.2549019607843137,0.9285714285714286,0.4,0.3134108872321992
positive_rescue,5.0,1.5,1.0,0.4,True,2,2,0.9,0.3,45,25,0.417910447761194,0.6057951482479784,0.21337430779658706,0.2549019607843137,0.9285714285714286,0.4,0.4732366037466846
positive_rescue,5.0,1.5,1.0,0.4,True,2,2,0.9,0.1,45,25,0.417910447761194,0.6057951482479784,0.21337430779658706,0.2549019607843137,0.9285714285714286,0.4,0.4732366037466846
negative_veto,5.0,1.5,1.0,0.4,True,2,2,0.7,0.3,45,6,0.7014925373134329,0.6273584905660378,0.4477526633776634,0.35,0.5,0.4117647058823529,0.1859486471998369
negative_veto,5.0,1.5,1.0,0.4,True,2,2,0.9,0.3,45,6,0.7014925373134329,0.6273584905660378,0.4477526633776634,0.35,0.5,0.4117647058823529,0.1859486471998369
negative_veto,5.0,1.5,1.0,0.4,True,2,2,0.9,0.1,45,6,0.7014925373134329,0.6273584905660378,0.4178784013605442,0.35,0.5,0.4117647058823529,0.19604411697932603
two_way,5.0,1.5,1.0,0.4,True,2,2,0.7,0.3,45,31,0.3880597014925373,0.4818059299191375,0.389674005803038,0.2,0.6428571428571429,0.3050847457627119,0.3294876903238117
two_way,5.0,1.5,1.0,0.4,True,2,2,0.9,0.3,45,31,0.3880597014925373,0.4818059299191375,0.21348352961256187,0.2,0.6428571428571429,0.3050847457627119,0.48931340683829716
two_way,5.0,1.5,1.0,0.4,True,2,2,0.9,0.1,45,31,0.3880597014925373,0.4818059299191375,0.20549450549450549,0.2,0.6428571428571429,0.3050847457627119,0.49940887661778627
positive_rescue,5.0,1.5,1.0,0.4,True,3,1,0.7,0.3,44,24,0.40298507462686567,0.5700808625336927,0.49319243406702995,0.24,0.8571428571428571,0.375,0.32478898473642465
positive_rescue,5.0,1.5,1.0,0.4,True,3,1,0.9,0.3,44,24,0.40298507462686567,0.5700808625336927,0.19829380267771546,0.24,0.8571428571428571,0.375,0.48580873110165623
positive_rescue,5.0,1.5,1.0,0.4,True,3,1,0.9,0.1,44,24,0.40298507462686567,0.5700808625336927,0.19829380267771546,0.24,0.8571428571428571,0.375,0.48580873110165623
negative_veto,5.0,1.5,1.0,0.4,True,3,1,0.7,0.3,44,6,0.7014925373134329,0.6273584905660378,0.4477526633776634,0.35,0.5,0.4117647058823529,0.1859486471998369
negative_veto,5.0,1.5,1.0,0.4,True,3,1,0.9,0.3,44,6,0.7014925373134329,0.6273584905660378,0.4477526633776634,0.35,0.5,0.4117647058823529,0.1859486471998369
negative_veto,5.0,1.5,1.0,0.4,True,3,1,0.9,0.1,44,6,0.7014925373134329,0.6273584905660378,0.4178784013605442,0.35,0.5,0.4117647058823529,0.19604411697932603
two_way,5.0,1.5,1.0,0.4,True,3,1,0.7,0.3,44,30,0.373134328358209,0.4460916442048517,0.3803454098226755,0.18181818181818182,0.5714285714285714,0.27586206896551724,0.34086578782803717
two_way,5.0,1.5,1.0,0.4,True,3,1,0.9,0.3,44,30,0.373134328358209,0.4460916442048517,0.19896012843739413,0.18181818181818182,0.5714285714285714,0.27586206896551724,0.501885534193269
two_way,5.0,1.5,1.0,0.4,True,3,1,0.9,0.1,44,30,0.373134328358209,0.4460916442048517,0.19159226190476192,0.18181818181818182,0.5714285714285714,0.27586206896551724,0.511981003972758
positive_rescue,5.0,1.5,1.0,0.4,True,3,2,0.7,0.3,44,24,0.40298507462686567,0.5700808625336927,0.49319243406702995,0.24,0.8571428571428571,0.375,0.32478898473642465
positive_rescue,5.0,1.5,1.0,0.4,True,3,2,0.9,0.3,44,24,0.40298507462686567,0.5700808625336927,0.19829380267771546,0.24,0.8571428571428571,0.375,0.48580873110165623
positive_rescue,5.0,1.5,1.0,0.4,True,3,2,0.9,0.1,44,24,0.40298507462686567,0.5700808625336927,0.19829380267771546,0.24,0.8571428571428571,0.375,0.48580873110165623
negative_veto,5.0,1.5,1.0,0.4,True,3,2,0.7,0.3,44,6,0.7014925373134329,0.6273584905660378,0.4477526633776634,0.35,0.5,0.4117647058823529,0.1859486471998369
negative_veto,5.0,1.5,1.0,0.4,True,3,2,0.9,0.3,44,6,0.7014925373134329,0.6273584905660378,0.4477526633776634,0.35,0.5,0.4117647058823529,0.1859486471998369
negative_veto,5.0,1.5,1.0,0.4,True,3,2,0.9,0.1,44,6,0.7014925373134329,0.6273584905660378,0.4178784013605442,0.35,0.5,0.4117647058823529,0.19604411697932603
two_way,5.0,1.5,1.0,0.4,True,3,2,0.7,0.3,44,30,0.373134328358209,0.4460916442048517,0.3803454098226755,0.18181818181818182,0.5714285714285714,0.27586206896551724,0.34086578782803717
two_way,5.0,1.5,1.0,0.4,True,3,2,0.9,0.3,44,30,0.373134328358209,0.4460916442048517,0.19896012843739413,0.18181818181818182,0.5714285714285714,0.27586206896551724,0.501885534193269
two_way,5.0,1.5,1.0,0.4,True,3,2,0.9,0.1,44,30,0.373134328358209,0.4460916442048517,0.19159226190476192,0.18181818181818182,0.5714285714285714,0.27586206896551724,0.511981003972758
positive_rescue,5.0,1.5,2.0,0.2,False,2,1,0.7,0.3,44,25,0.3880597014925373,0.5606469002695418,0.49319243406702995,0.23529411764705882,0.8571428571428571,0.36923076923076925,0.32626406979492695
positive_rescue,5.0,1.5,2.0,0.2,False,2,1,0.9,0.3,44,25,0.3880597014925373,0.5606469002695418,0.19829380267771546,0.23529411764705882,0.8571428571428571,0.36923076923076925,0.48728381616015853
positive_rescue,5.0,1.5,2.0,0.2,False,2,1,0.9,0.1,44,25,0.3880597014925373,0.5606469002695418,0.19829380267771546,0.23529411764705882,0.8571428571428571,0.36923076923076925,0.48728381616015853
negative_veto,5.0,1.5,2.0,0.2,False,2,1,0.7,0.3,44,7,0.7164179104477612,0.6367924528301887,0.44906845285134755,0.3684210526315789,0.5,0.42424242424242425,0.1846984191577266
negative_veto,5.0,1.5,2.0,0.2,False,2,1,0.9,0.3,44,7,0.7164179104477612,0.6367924528301887,0.44906845285134755,0.3684210526315789,0.5,0.42424242424242425,0.1846984191577266
negative_veto,5.0,1.5,2.0,0.2,False,2,1,0.9,0.1,44,7,0.7164179104477612,0.6367924528301887,0.41995004873294345,0.3684210526315789,0.5,0.42424242424242425,0.19456903192082373
two_way,5.0,1.5,2.0,0.2,False,2,1,0.7,0.3,44,32,0.373134328358209,0.4460916442048517,0.3791474463605611,0.18181818181818182,0.5714285714285714,0.27586206896551724,0.3410906448444292
two_way,5.0,1.5,2.0,0.2,False,2,1,0.9,0.3,44,32,0.373134328358209,0.4460916442048517,0.1977621649752797,0.18181818181818182,0.5714285714285714,0.27586206896551724,0.5021103912096608
two_way,5.0,1.5,2.0,0.2,False,2,1,0.9,0.1,44,32,0.373134328358209,0.4460916442048517,0.19159226190476192,0.18181818181818182,0.5714285714285714,0.27586206896551724,0.511981003972758
positive_rescue,5.0,1.5,2.0,0.2,False,2,2,0.7,0.3,42,23,0.417910447761194,0.5795148247978437,0.4975030606888198,0.24489795918367346,0.8571428571428571,0.38095238095238093,0.31390630499082867
positive_rescue,5.0,1.5,2.0,0.2,False,2,2,0.9,0.3,42,23,0.417910447761194,0.5795148247978437,0.2060988668759881,0.24489795918367346,0.8571428571428571,0.38095238095238093,0.4653738125500902
positive_rescue,5.0,1.5,2.0,0.2,False,2,2,0.9,0.1,42,23,0.417910447761194,0.5795148247978437,0.2060988668759881,0.24489795918367346,0.8571428571428571,0.38095238095238093,0.4653738125500902
negative_veto,5.0,1.5,2.0,0.2,False,2,2,0.7,0.3,42,7,0.7164179104477612,0.6367924528301887,0.44906845285134755,0.3684210526315789,0.5,0.42424242424242425,0.1846984191577266
negative_veto,5.0,1.5,2.0,0.2,False,2,2,0.9,0.3,42,7,0.7164179104477612,0.6367924528301887,0.44906845285134755,0.3684210526315789,0.5,0.42424242424242425,0.1846984191577266
negative_veto,5.0,1.5,2.0,0.2,False,2,2,0.9,0.1,42,7,0.7164179104477612,0.6367924528301887,0.4199500487329434,0.3684210526315789,0.5,0.42424242424242425,0.19259843851596675
two_way,5.0,1.5,2.0,0.2,False,2,2,0.7,0.3,42,30,0.40298507462686567,0.4649595687331536,0.3840631655619946,0.19047619047619047,0.5714285714285714,0.2857142857142857,0.32873288004033097
two_way,5.0,1.5,2.0,0.2,False,2,2,0.9,0.3,42,30,0.40298507462686567,0.4649595687331536,0.20515160093614426,0.19047619047619047,0.5714285714285714,0.2857142857142857,0.4802003875995924
two_way,5.0,1.5,2.0,0.2,False,2,2,0.9,0.1,42,30,0.40298507462686567,0.4649595687331536,0.19653969542362398,0.19047619047619047,0.5714285714285714,0.2857142857142857,0.4881004069578326
positive_rescue,5.0,1.5,2.0,0.2,False,3,1,0.7,0.3,42,23,0.417910447761194,0.5795148247978437,0.4975030606888198,0.24489795918367346,0.8571428571428571,0.38095238095238093,0.31390630499082867
positive_rescue,5.0,1.5,2.0,0.2,False,3,1,0.9,0.3,42,23,0.417910447761194,0.5795148247978437,0.2060988668759881,0.24489795918367346,0.8571428571428571,0.38095238095238093,0.4653738125500902
positive_rescue,5.0,1.5,2.0,0.2,False,3,1,0.9,0.1,42,23,0.417910447761194,0.5795148247978437,0.2060988668759881,0.24489795918367346,0.8571428571428571,0.38095238095238093,0.4653738125500902
negative_veto,5.0,1.5,2.0,0.2,False,3,1,0.7,0.3,42,7,0.7164179104477612,0.6367924528301887,0.44906845285134755,0.3684210526315789,0.5,0.42424242424242425,0.1846984191577266
negative_veto,5.0,1.5,2.0,0.2,False,3,1,0.9,0.3,42,7,0.7164179104477612,0.6367924528301887,0.44906845285134755,0.3684210526315789,0.5,0.42424242424242425,0.1846984191577266
negative_veto,5.0,1.5,2.0,0.2,False,3,1,0.9,0.1,42,7,0.7164179104477612,0.6367924528301887,0.4199500487329434,0.3684210526315789,0.5,0.42424242424242425,0.19259843851596675
two_way,5.0,1.5,2.0,0.2,False,3,1,0.7,0.3,42,30,0.40298507462686567,0.4649595687331536,0.3840631655619946,0.19047619047619047,0.5714285714285714,0.2857142857142857,0.32873288004033097
two_way,5.0,1.5,2.0,0.2,False,3,1,0.9,0.3,42,30,0.40298507462686567,0.4649595687331536,0.20515160093614426,0.19047619047619047,0.5714285714285714,0.2857142857142857,0.4802003875995924
two_way,5.0,1.5,2.0,0.2,False,3,1,0.9,0.1,42,30,0.40298507462686567,0.4649595687331536,0.19653969542362398,0.19047619047619047,0.5714285714285714,0.2857142857142857,0.4881004069578326
positive_rescue,5.0,1.5,2.0,0.2,False,3,2,0.7,0.3,42,23,0.417910447761194,0.5795148247978437,0.4975030606888198,0.24489795918367346,0.8571428571428571,0.38095238095238093,0.31390630499082867
positive_rescue,5.0,1.5,2.0,0.2,False,3,2,0.9,0.3,42,23,0.417910447761194,0.5795148247978437,0.2060988668759881,0.24489795918367346,0.8571428571428571,0.38095238095238093,0.4653738125500902
positive_rescue,5.0,1.5,2.0,0.2,False,3,2,0.9,0.1,42,23,0.417910447761194,0.5795148247978437,0.2060988668759881,0.24489795918367346,0.8571428571428571,0.38095238095238093,0.4653738125500902
negative_veto,5.0,1.5,2.0,0.2,False,3,2,0.7,0.3,42,7,0.7164179104477612,0.6367924528301887,0.44906845285134755,0.3684210526315789,0.5,0.42424242424242425,0.1846984191577266
negative_veto,5.0,1.5,2.0,0.2,False,3,2,0.9,0.3,42,7,0.7164179104477612,0.6367924528301887,0.44906845285134755,0.3684210526315789,0.5,0.42424242424242425,0.1846984191577266
negative_veto,5.0,1.5,2.0,0.2,False,3,2,0.9,0.1,42,7,0.7164179104477612,0.6367924528301887,0.4199500487329434,0.3684210526315789,0.5,0.42424242424242425,0.19259843851596675
two_way,5.0,1.5,2.0,0.2,False,3,2,0.7,0.3,42,30,0.40298507462686567,0.4649595687331536,0.3840631655619946,0.19047619047619047,0.5714285714285714,0.2857142857142857,0.32873288004033097
two_way,5.0,1.5,2.0,0.2,False,3,2,0.9,0.3,42,30,0.40298507462686567,0.4649595687331536,0.20515160093614426,0.19047619047619047,0.5714285714285714,0.2857142857142857,0.4802003875995924
two_way,5.0,1.5,2.0,0.2,False,3,2,0.9,0.1,42,30,0.40298507462686567,0.4649595687331536,0.19653969542362398,0.19047619047619047,0.5714285714285714,0.2857142857142857,0.4881004069578326
positive_rescue,5.0,1.5,2.0,0.2,True,2,1,0.7,0.3,38,20,0.4626865671641791,0.6078167115902965,0.5071971582424543,0.2608695652173913,0.8571428571428571,0.4,0.29096720228060596
positive_rescue,5.0,1.5,2.0,0.2,True,2,1,0.9,0.3,38,20,0.4626865671641791,0.6078167115902965,0.22391339939478577,0.2608695652173913,0.8571428571428571,0.4,0.4233302322279272
positive_rescue,5.0,1.5,2.0,0.2,True,2,1,0.9,0.1,38,20,0.4626865671641791,0.6078167115902965,0.22391339939478577,0.2608695652173913,0.8571428571428571,0.4,0.4233302322279272
negative_veto,5.0,1.5,2.0,0.2,True,2,1,0.7,0.3,38,8,0.7313432835820896,0.6462264150943396,0.453419096617626,0.3888888888888889,0.5,0.4375,0.18169787297849951
negative_veto,5.0,1.5,2.0,0.2,True,2,1,0.9,0.3,38,8,0.7313432835820896,0.6462264150943396,0.453419096617626,0.3888888888888889,0.5,0.4375,0.18169787297849951
negative_veto,5.0,1.5,2.0,0.2,True,2,1,0.9,0.1,38,8,0.7313432835820896,0.6462264150943396,0.4251146933132227,0.3888888888888889,0.5,0.4375,0.18688082480827903
two_way,5.0,1.5,2.0,0.2,True,2,1,0.7,0.3,38,28,0.4626865671641791,0.5026954177897573,0.39408226038193805,0.21052631578947367,0.5714285714285714,0.3076923076923077,0.3027932311508812
two_way,5.0,1.5,2.0,0.2,True,2,1,0.9,0.3,38,28,0.4626865671641791,0.5026954177897573,0.22089930298845445,0.21052631578947367,0.5714285714285714,0.3076923076923077,0.4351562610982024
two_way,5.0,1.5,2.0,0.2,True,2,1,0.9,0.1,38,28,0.4626865671641791,0.5026954177897573,0.20799690988835726,0.21052631578947367,0.5714285714285714,0.3076923076923077,0.44033921292798184
positive_rescue,5.0,1.5,2.0,0.2,True,2,2,0.7,0.3,38,20,0.4626865671641791,0.6078167115902965,0.5071971582424543,0.2608695652173913,0.8571428571428571,0.4,0.29096720228060596
positive_rescue,5.0,1.5,2.0,0.2,True,2,2,0.9,0.3,38,20,0.4626865671641791,0.6078167115902965,0.22391339939478577,0.2608695652173913,0.8571428571428571,0.4,0.4233302322279272
positive_rescue,5.0,1.5,2.0,0.2,True,2,2,0.9,0.1,38,20,0.4626865671641791,0.6078167115902965,0.22391339939478577,0.2608695652173913,0.8571428571428571,0.4,0.4233302322279272
negative_veto,5.0,1.5,2.0,0.2,True,2,2,0.7,0.3,38,8,0.7313432835820896,0.6462264150943396,0.453419096617626,0.3888888888888889,0.5,0.4375,0.18169787297849951
negative_veto,5.0,1.5,2.0,0.2,True,2,2,0.9,0.3,38,8,0.7313432835820896,0.6462264150943396,0.453419096617626,0.3888888888888889,0.5,0.4375,0.18169787297849951
negative_veto,5.0,1.5,2.0,0.2,True,2,2,0.9,0.1,38,8,0.7313432835820896,0.6462264150943396,0.4251146933132227,0.3888888888888889,0.5,0.4375,0.18688082480827903
two_way,5.0,1.5,2.0,0.2,True,2,2,0.7,0.3,38,28,0.4626865671641791,0.5026954177897573,0.39408226038193805,0.21052631578947367,0.5714285714285714,0.3076923076923077,0.3027932311508812
two_way,5.0,1.5,2.0,0.2,True,2,2,0.9,0.3,38,28,0.4626865671641791,0.5026954177897573,0.22089930298845445,0.21052631578947367,0.5714285714285714,0.3076923076923077,0.4351562610982024
two_way,5.0,1.5,2.0,0.2,True,2,2,0.9,0.1,38,28,0.4626865671641791,0.5026954177897573,0.20799690988835726,0.21052631578947367,0.5714285714285714,0.3076923076923077,0.44033921292798184
positive_rescue,5.0,1.5,2.0,0.2,True,3,1,0.7,0.3,33,15,0.5373134328358209,0.6549865229110512,0.523608012705757,0.2926829268292683,0.8571428571428571,0.43636363636363634,0.2578431229100142
positive_rescue,5.0,1.5,2.0,0.2,True,3,1,0.9,0.3,33,15,0.5373134328358209,0.6549865229110512,0.25332262582373155,0.2926829268292683,0.8571428571428571,0.43636363636363634,0.36632555584241006
positive_rescue,5.0,1.5,2.0,0.2,True,3,1,0.9,0.1,33,15,0.5373134328358209,0.6549865229110512,0.25332262582373155,0.2926829268292683,0.8571428571428571,0.43636363636363634,0.36632555584241006
negative_veto,5.0,1.5,2.0,0.2,True,3,1,0.7,0.3,33,8,0.7313432835820896,0.6462264150943396,0.453419096617626,0.3888888888888889,0.5,0.4375,0.18153767641777918
negative_veto,5.0,1.5,2.0,0.2,True,3,1,0.9,0.3,33,8,0.7313432835820896,0.6462264150943396,0.453419096617626,0.3888888888888889,0.5,0.4375,0.18153767641777918
negative_veto,5.0,1.5,2.0,0.2,True,3,1,0.9,0.1,33,8,0.7313432835820896,0.6462264150943396,0.4259938141923436,0.3888888888888889,0.5,0.4375,0.18410234203692172
two_way,5.0,1.5,2.0,0.2,True,3,1,0.7,0.3,33,23,0.5373134328358209,0.5498652291105122,0.4104632209895368,0.24242424242424243,0.5714285714285714,0.3404255319148936,0.26950895521956914
two_way,5.0,1.5,2.0,0.2,True,3,1,0.9,0.3,33,23,0.5373134328358209,0.5498652291105122,0.24639395692027272,0.24242424242424243,0.5714285714285714,0.3404255319148936,0.37799138815196487
two_way,5.0,1.5,2.0,0.2,True,3,1,0.9,0.1,33,23,0.5373134328358209,0.5498652291105122,0.22879754653948203,0.24242424242424243,0.5714285714285714,0.3404255319148936,0.38055605377110746
positive_rescue,5.0,1.5,2.0,0.2,True,3,2,0.7,0.3,33,15,0.5373134328358209,0.6549865229110512,0.523608012705757,0.2926829268292683,0.8571428571428571,0.43636363636363634,0.2578431229100142
positive_rescue,5.0,1.5,2.0,0.2,True,3,2,0.9,0.3,33,15,0.5373134328358209,0.6549865229110512,0.25332262582373155,0.2926829268292683,0.8571428571428571,0.43636363636363634,0.36632555584241006
positive_rescue,5.0,1.5,2.0,0.2,True,3,2,0.9,0.1,33,15,0.5373134328358209,0.6549865229110512,0.25332262582373155,0.2926829268292683,0.8571428571428571,0.43636363636363634,0.36632555584241006
negative_veto,5.0,1.5,2.0,0.2,True,3,2,0.7,0.3,33,8,0.7313432835820896,0.6462264150943396,0.453419096617626,0.3888888888888889,0.5,0.4375,0.18153767641777918
negative_veto,5.0,1.5,2.0,0.2,True,3,2,0.9,0.3,33,8,0.7313432835820896,0.6462264150943396,0.453419096617626,0.3888888888888889,0.5,0.4375,0.18153767641777918
negative_veto,5.0,1.5,2.0,0.2,True,3,2,0.9,0.1,33,8,0.7313432835820896,0.6462264150943396,0.4259938141923436,0.3888888888888889,0.5,0.4375,0.18410234203692172
two_way,5.0,1.5,2.0,0.2,True,3,2,0.7,0.3,33,23,0.5373134328358209,0.5498652291105122,0.4104632209895368,0.24242424242424243,0.5714285714285714,0.3404255319148936,0.26950895521956914
two_way,5.0,1.5,2.0,0.2,True,3,2,0.9,0.3,33,23,0.5373134328358209,0.5498652291105122,0.24639395692027272,0.24242424242424243,0.5714285714285714,0.3404255319148936,0.37799138815196487
two_way,5.0,1.5,2.0,0.2,True,3,2,0.9,0.1,33,23,0.5373134328358209,0.5498652291105122,0.22879754653948203,0.24242424242424243,0.5714285714285714,0.3404255319148936,0.38055605377110746
positive_rescue,5.0,1.5,2.0,0.4,False,2,1,0.7,0.3,44,25,0.3880597014925373,0.5606469002695418,0.49319243406702995,0.23529411764705882,0.8571428571428571,0.36923076923076925,0.32626406979492695
positive_rescue,5.0,1.5,2.0,0.4,False,2,1,0.9,0.3,44,25,0.3880597014925373,0.5606469002695418,0.19829380267771546,0.23529411764705882,0.8571428571428571,0.36923076923076925,0.48728381616015853
positive_rescue,5.0,1.5,2.0,0.4,False,2,1,0.9,0.1,44,25,0.3880597014925373,0.5606469002695418,0.19829380267771546,0.23529411764705882,0.8571428571428571,0.36923076923076925,0.48728381616015853
negative_veto,5.0,1.5,2.0,0.4,False,2,1,0.7,0.3,44,7,0.7164179104477612,0.6367924528301887,0.44906845285134755,0.3684210526315789,0.5,0.42424242424242425,0.1846984191577266
negative_veto,5.0,1.5,2.0,0.4,False,2,1,0.9,0.3,44,7,0.7164179104477612,0.6367924528301887,0.44906845285134755,0.3684210526315789,0.5,0.42424242424242425,0.1846984191577266
negative_veto,5.0,1.5,2.0,0.4,False,2,1,0.9,0.1,44,7,0.7164179104477612,0.6367924528301887,0.41995004873294345,0.3684210526315789,0.5,0.42424242424242425,0.19456903192082373
two_way,5.0,1.5,2.0,0.4,False,2,1,0.7,0.3,44,32,0.373134328358209,0.4460916442048517,0.3791474463605611,0.18181818181818182,0.5714285714285714,0.27586206896551724,0.3410906448444292
two_way,5.0,1.5,2.0,0.4,False,2,1,0.9,0.3,44,32,0.373134328358209,0.4460916442048517,0.1977621649752797,0.18181818181818182,0.5714285714285714,0.27586206896551724,0.5021103912096608
two_way,5.0,1.5,2.0,0.4,False,2,1,0.9,0.1,44,32,0.373134328358209,0.4460916442048517,0.19159226190476192,0.18181818181818182,0.5714285714285714,0.27586206896551724,0.511981003972758
positive_rescue,5.0,1.5,2.0,0.4,False,2,2,0.7,0.3,42,23,0.417910447761194,0.5795148247978437,0.4975030606888198,0.24489795918367346,0.8571428571428571,0.38095238095238093,0.31390630499082867
positive_rescue,5.0,1.5,2.0,0.4,False,2,2,0.9,0.3,42,23,0.417910447761194,0.5795148247978437,0.2060988668759881,0.24489795918367346,0.8571428571428571,0.38095238095238093,0.4653738125500902
positive_rescue,5.0,1.5,2.0,0.4,False,2,2,0.9,0.1,42,23,0.417910447761194,0.5795148247978437,0.2060988668759881,0.24489795918367346,0.8571428571428571,0.38095238095238093,0.4653738125500902
negative_veto,5.0,1.5,2.0,0.4,False,2,2,0.7,0.3,42,7,0.7164179104477612,0.6367924528301887,0.44906845285134755,0.3684210526315789,0.5,0.42424242424242425,0.1846984191577266
negative_veto,5.0,1.5,2.0,0.4,False,2,2,0.9,0.3,42,7,0.7164179104477612,0.6367924528301887,0.44906845285134755,0.3684210526315789,0.5,0.42424242424242425,0.1846984191577266
negative_veto,5.0,1.5,2.0,0.4,False,2,2,0.9,0.1,42,7,0.7164179104477612,0.6367924528301887,0.4199500487329434,0.3684210526315789,0.5,0.42424242424242425,0.19259843851596675
two_way,5.0,1.5,2.0,0.4,False,2,2,0.7,0.3,42,30,0.40298507462686567,0.4649595687331536,0.3840631655619946,0.19047619047619047,0.5714285714285714,0.2857142857142857,0.32873288004033097
two_way,5.0,1.5,2.0,0.4,False,2,2,0.9,0.3,42,30,0.40298507462686567,0.4649595687331536,0.20515160093614426,0.19047619047619047,0.5714285714285714,0.2857142857142857,0.4802003875995924
two_way,5.0,1.5,2.0,0.4,False,2,2,0.9,0.1,42,30,0.40298507462686567,0.4649595687331536,0.19653969542362398,0.19047619047619047,0.5714285714285714,0.2857142857142857,0.4881004069578326
positive_rescue,5.0,1.5,2.0,0.4,False,3,1,0.7,0.3,42,23,0.417910447761194,0.5795148247978437,0.4975030606888198,0.24489795918367346,0.8571428571428571,0.38095238095238093,0.31390630499082867
positive_rescue,5.0,1.5,2.0,0.4,False,3,1,0.9,0.3,42,23,0.417910447761194,0.5795148247978437,0.2060988668759881,0.24489795918367346,0.8571428571428571,0.38095238095238093,0.4653738125500902
positive_rescue,5.0,1.5,2.0,0.4,False,3,1,0.9,0.1,42,23,0.417910447761194,0.5795148247978437,0.2060988668759881,0.24489795918367346,0.8571428571428571,0.38095238095238093,0.4653738125500902
negative_veto,5.0,1.5,2.0,0.4,False,3,1,0.7,0.3,42,7,0.7164179104477612,0.6367924528301887,0.44906845285134755,0.3684210526315789,0.5,0.42424242424242425,0.1846984191577266
negative_veto,5.0,1.5,2.0,0.4,False,3,1,0.9,0.3,42,7,0.7164179104477612,0.6367924528301887,0.44906845285134755,0.3684210526315789,0.5,0.42424242424242425,0.1846984191577266
negative_veto,5.0,1.5,2.0,0.4,False,3,1,0.9,0.1,42,7,0.7164179104477612,0.6367924528301887,0.4199500487329434,0.3684210526315789,0.5,0.42424242424242425,0.19259843851596675
two_way,5.0,1.5,2.0,0.4,False,3,1,0.7,0.3,42,30,0.40298507462686567,0.4649595687331536,0.3840631655619946,0.19047619047619047,0.5714285714285714,0.2857142857142857,0.32873288004033097
two_way,5.0,1.5,2.0,0.4,False,3,1,0.9,0.3,42,30,0.40298507462686567,0.4649595687331536,0.20515160093614426,0.19047619047619047,0.5714285714285714,0.2857142857142857,0.4802003875995924
two_way,5.0,1.5,2.0,0.4,False,3,1,0.9,0.1,42,30,0.40298507462686567,0.4649595687331536,0.19653969542362398,0.19047619047619047,0.5714285714285714,0.2857142857142857,0.4881004069578326
positive_rescue,5.0,1.5,2.0,0.4,False,3,2,0.7,0.3,42,23,0.417910447761194,0.5795148247978437,0.4975030606888198,0.24489795918367346,0.8571428571428571,0.38095238095238093,0.31390630499082867
positive_rescue,5.0,1.5,2.0,0.4,False,3,2,0.9,0.3,42,23,0.417910447761194,0.5795148247978437,0.2060988668759881,0.24489795918367346,0.8571428571428571,0.38095238095238093,0.4653738125500902
positive_rescue,5.0,1.5,2.0,0.4,False,3,2,0.9,0.1,42,23,0.417910447761194,0.5795148247978437,0.2060988668759881,0.24489795918367346,0.8571428571428571,0.38095238095238093,0.4653738125500902
negative_veto,5.0,1.5,2.0,0.4,False,3,2,0.7,0.3,42,7,0.7164179104477612,0.6367924528301887,0.44906845285134755,0.3684210526315789,0.5,0.42424242424242425,0.1846984191577266
negative_veto,5.0,1.5,2.0,0.4,False,3,2,0.9,0.3,42,7,0.7164179104477612,0.6367924528301887,0.44906845285134755,0.3684210526315789,0.5,0.42424242424242425,0.1846984191577266
negative_veto,5.0,1.5,2.0,0.4,False,3,2,0.9,0.1,42,7,0.7164179104477612,0.6367924528301887,0.4199500487329434,0.3684210526315789,0.5,0.42424242424242425,0.19259843851596675
two_way,5.0,1.5,2.0,0.4,False,3,2,0.7,0.3,42,30,0.40298507462686567,0.4649595687331536,0.3840631655619946,0.19047619047619047,0.5714285714285714,0.2857142857142857,0.32873288004033097
two_way,5.0,1.5,2.0,0.4,False,3,2,0.9,0.3,42,30,0.40298507462686567,0.4649595687331536,0.20515160093614426,0.19047619047619047,0.5714285714285714,0.2857142857142857,0.4802003875995924
two_way,5.0,1.5,2.0,0.4,False,3,2,0.9,0.1,42,30,0.40298507462686567,0.4649595687331536,0.19653969542362398,0.19047619047619047,0.5714285714285714,0.2857142857142857,0.4881004069578326
positive_rescue,5.0,1.5,2.0,0.4,True,2,1,0.7,0.3,38,20,0.4626865671641791,0.6078167115902965,0.5071971582424543,0.2608695652173913,0.8571428571428571,0.4,0.29096720228060596
positive_rescue,5.0,1.5,2.0,0.4,True,2,1,0.9,0.3,38,20,0.4626865671641791,0.6078167115902965,0.22391339939478577,0.2608695652173913,0.8571428571428571,0.4,0.4233302322279272
positive_rescue,5.0,1.5,2.0,0.4,True,2,1,0.9,0.1,38,20,0.4626865671641791,0.6078167115902965,0.22391339939478577,0.2608695652173913,0.8571428571428571,0.4,0.4233302322279272
negative_veto,5.0,1.5,2.0,0.4,True,2,1,0.7,0.3,38,8,0.7313432835820896,0.6462264150943396,0.453419096617626,0.3888888888888889,0.5,0.4375,0.18169787297849951
negative_veto,5.0,1.5,2.0,0.4,True,2,1,0.9,0.3,38,8,0.7313432835820896,0.6462264150943396,0.453419096617626,0.3888888888888889,0.5,0.4375,0.18169787297849951
negative_veto,5.0,1.5,2.0,0.4,True,2,1,0.9,0.1,38,8,0.7313432835820896,0.6462264150943396,0.4251146933132227,0.3888888888888889,0.5,0.4375,0.18688082480827903
two_way,5.0,1.5,2.0,0.4,True,2,1,0.7,0.3,38,28,0.4626865671641791,0.5026954177897573,0.39408226038193805,0.21052631578947367,0.5714285714285714,0.3076923076923077,0.3027932311508812
two_way,5.0,1.5,2.0,0.4,True,2,1,0.9,0.3,38,28,0.4626865671641791,0.5026954177897573,0.22089930298845445,0.21052631578947367,0.5714285714285714,0.3076923076923077,0.4351562610982024
two_way,5.0,1.5,2.0,0.4,True,2,1,0.9,0.1,38,28,0.4626865671641791,0.5026954177897573,0.20799690988835726,0.21052631578947367,0.5714285714285714,0.3076923076923077,0.44033921292798184
positive_rescue,5.0,1.5,2.0,0.4,True,2,2,0.7,0.3,38,20,0.4626865671641791,0.6078167115902965,0.5071971582424543,0.2608695652173913,0.8571428571428571,0.4,0.29096720228060596
positive_rescue,5.0,1.5,2.0,0.4,True,2,2,0.9,0.3,38,20,0.4626865671641791,0.6078167115902965,0.22391339939478577,0.2608695652173913,0.8571428571428571,0.4,0.4233302322279272
positive_rescue,5.0,1.5,2.0,0.4,True,2,2,0.9,0.1,38,20,0.4626865671641791,0.6078167115902965,0.22391339939478577,0.2608695652173913,0.8571428571428571,0.4,0.4233302322279272
negative_veto,5.0,1.5,2.0,0.4,True,2,2,0.7,0.3,38,8,0.7313432835820896,0.6462264150943396,0.453419096617626,0.3888888888888889,0.5,0.4375,0.18169787297849951
negative_veto,5.0,1.5,2.0,0.4,True,2,2,0.9,0.3,38,8,0.7313432835820896,0.6462264150943396,0.453419096617626,0.3888888888888889,0.5,0.4375,0.18169787297849951
negative_veto,5.0,1.5,2.0,0.4,True,2,2,0.9,0.1,38,8,0.7313432835820896,0.6462264150943396,0.4251146933132227,0.3888888888888889,0.5,0.4375,0.18688082480827903
two_way,5.0,1.5,2.0,0.4,True,2,2,0.7,0.3,38,28,0.4626865671641791,0.5026954177897573,0.39408226038193805,0.21052631578947367,0.5714285714285714,0.3076923076923077,0.3027932311508812
two_way,5.0,1.5,2.0,0.4,True,2,2,0.9,0.3,38,28,0.4626865671641791,0.5026954177897573,0.22089930298845445,0.21052631578947367,0.5714285714285714,0.3076923076923077,0.4351562610982024
two_way,5.0,1.5,2.0,0.4,True,2,2,0.9,0.1,38,28,0.4626865671641791,0.5026954177897573,0.20799690988835726,0.21052631578947367,0.5714285714285714,0.3076923076923077,0.44033921292798184
positive_rescue,5.0,1.5,2.0,0.4,True,3,1,0.7,0.3,33,15,0.5373134328358209,0.6549865229110512,0.523608012705757,0.2926829268292683,0.8571428571428571,0.43636363636363634,0.2578431229100142
positive_rescue,5.0,1.5,2.0,0.4,True,3,1,0.9,0.3,33,15,0.5373134328358209,0.6549865229110512,0.25332262582373155,0.2926829268292683,0.8571428571428571,0.43636363636363634,0.36632555584241006
positive_rescue,5.0,1.5,2.0,0.4,True,3,1,0.9,0.1,33,15,0.5373134328358209,0.6549865229110512,0.25332262582373155,0.2926829268292683,0.8571428571428571,0.43636363636363634,0.36632555584241006
negative_veto,5.0,1.5,2.0,0.4,True,3,1,0.7,0.3,33,8,0.7313432835820896,0.6462264150943396,0.453419096617626,0.3888888888888889,0.5,0.4375,0.18153767641777918
negative_veto,5.0,1.5,2.0,0.4,True,3,1,0.9,0.3,33,8,0.7313432835820896,0.6462264150943396,0.453419096617626,0.3888888888888889,0.5,0.4375,0.18153767641777918
negative_veto,5.0,1.5,2.0,0.4,True,3,1,0.9,0.1,33,8,0.7313432835820896,0.6462264150943396,0.4259938141923436,0.3888888888888889,0.5,0.4375,0.18410234203692172
two_way,5.0,1.5,2.0,0.4,True,3,1,0.7,0.3,33,23,0.5373134328358209,0.5498652291105122,0.4104632209895368,0.24242424242424243,0.5714285714285714,0.3404255319148936,0.26950895521956914
two_way,5.0,1.5,2.0,0.4,True,3,1,0.9,0.3,33,23,0.5373134328358209,0.5498652291105122,0.24639395692027272,0.24242424242424243,0.5714285714285714,0.3404255319148936,0.37799138815196487
two_way,5.0,1.5,2.0,0.4,True,3,1,0.9,0.1,33,23,0.5373134328358209,0.5498652291105122,0.22879754653948203,0.24242424242424243,0.5714285714285714,0.3404255319148936,0.38055605377110746
positive_rescue,5.0,1.5,2.0,0.4,True,3,2,0.7,0.3,33,15,0.5373134328358209,0.6549865229110512,0.523608012705757,0.2926829268292683,0.8571428571428571,0.43636363636363634,0.2578431229100142
positive_rescue,5.0,1.5,2.0,0.4,True,3,2,0.9,0.3,33,15,0.5373134328358209,0.6549865229110512,0.25332262582373155,0.2926829268292683,0.8571428571428571,0.43636363636363634,0.36632555584241006
positive_rescue,5.0,1.5,2.0,0.4,True,3,2,0.9,0.1,33,15,0.5373134328358209,0.6549865229110512,0.25332262582373155,0.2926829268292683,0.8571428571428571,0.43636363636363634,0.36632555584241006
negative_veto,5.0,1.5,2.0,0.4,True,3,2,0.7,0.3,33,8,0.7313432835820896,0.6462264150943396,0.453419096617626,0.3888888888888889,0.5,0.4375,0.18153767641777918
negative_veto,5.0,1.5,2.0,0.4,True,3,2,0.9,0.3,33,8,0.7313432835820896,0.6462264150943396,0.453419096617626,0.3888888888888889,0.5,0.4375,0.18153767641777918
negative_veto,5.0,1.5,2.0,0.4,True,3,2,0.9,0.1,33,8,0.7313432835820896,0.6462264150943396,0.4259938141923436,0.3888888888888889,0.5,0.4375,0.18410234203692172
two_way,5.0,1.5,2.0,0.4,True,3,2,0.7,0.3,33,23,0.5373134328358209,0.5498652291105122,0.4104632209895368,0.24242424242424243,0.5714285714285714,0.3404255319148936,0.26950895521956914
two_way,5.0,1.5,2.0,0.4,True,3,2,0.9,0.3,33,23,0.5373134328358209,0.5498652291105122,0.24639395692027272,0.24242424242424243,0.5714285714285714,0.3404255319148936,0.37799138815196487
two_way,5.0,1.5,2.0,0.4,True,3,2,0.9,0.1,33,23,0.5373134328358209,0.5498652291105122,0.22879754653948203,0.24242424242424243,0.5714285714285714,0.3404255319148936,0.38055605377110746
positive_rescue,5.0,1.5,3.0,0.2,False,2,1,0.7,0.3,34,16,0.5223880597014925,0.6455525606469003,0.5199202382699919,0.2857142857142857,0.8571428571428571,0.42857142857142855,0.2642578081803447
positive_rescue,5.0,1.5,3.0,0.2,False,2,1,0.9,0.3,34,16,0.5223880597014925,0.6455525606469003,0.24672095855810722,0.2857142857142857,0.8571428571428571,0.42857142857142855,0.3775163605157256
positive_rescue,5.0,1.5,3.0,0.2,False,2,1,0.9,0.1,34,16,0.5223880597014925,0.6455525606469003,0.24672095855810722,0.2857142857142857,0.8571428571428571,0.42857142857142855,0.3775163605157256
negative_veto,5.0,1.5,3.0,0.2,False,2,1,0.7,0.3,34,8,0.7313432835820896,0.6462264150943396,0.453419096617626,0.3888888888888889,0.5,0.4375,0.18153767641777918
negative_veto,5.0,1.5,3.0,0.2,False,2,1,0.9,0.3,34,8,0.7313432835820896,0.6462264150943396,0.453419096617626,0.3888888888888889,0.5,0.4375,0.18153767641777918
negative_veto,5.0,1.5,3.0,0.2,False,2,1,0.9,0.1,34,8,0.7313432835820896,0.6462264150943396,0.42599381419234356,0.3888888888888889,0.5,0.4375,0.18485183587106885
two_way,5.0,1.5,3.0,0.2,False,2,1,0.7,0.3,34,24,0.5223880597014925,0.5404312668463611,0.40648885318168315,0.23529411764705882,0.5714285714285714,0.3333333333333333,0.2759236404898996
two_way,5.0,1.5,3.0,0.2,False,2,1,0.9,0.3,34,24,0.5223880597014925,0.5404312668463611,0.24038241060465243,0.23529411764705882,0.5714285714285714,0.3333333333333333,0.38918219282528044
two_way,5.0,1.5,3.0,0.2,False,2,1,0.9,0.1,34,24,0.5223880597014925,0.5404312668463611,0.22472318952394854,0.23529411764705882,0.5714285714285714,0.3333333333333333,0.39249635227857016
positive_rescue,5.0,1.5,3.0,0.2,False,2,2,0.7,0.3,33,15,0.5373134328358209,0.6549865229110512,0.5233271381054632,0.2926829268292683,0.8571428571428571,0.43636363636363634,0.25806280191022135
positive_rescue,5.0,1.5,3.0,0.2,False,2,2,0.9,0.3,33,15,0.5373134328358209,0.6549865229110512,0.2530417512234377,0.2926829268292683,0.8571428571428571,0.43636363636363634,0.3665452348426172
positive_rescue,5.0,1.5,3.0,0.2,False,2,2,0.9,0.1,33,15,0.5373134328358209,0.6549865229110512,0.2530417512234377,0.2926829268292683,0.8571428571428571,0.43636363636363634,0.3665452348426172
negative_veto,5.0,1.5,3.0,0.2,False,2,2,0.7,0.3,33,8,0.7313432835820896,0.6462264150943396,0.453419096617626,0.3888888888888889,0.5,0.4375,0.18153767641777918
negative_veto,5.0,1.5,3.0,0.2,False,2,2,0.9,0.3,33,8,0.7313432835820896,0.6462264150943396,0.453419096617626,0.3888888888888889,0.5,0.4375,0.18153767641777918
negative_veto,5.0,1.5,3.0,0.2,False,2,2,0.9,0.1,33,8,0.7313432835820896,0.6462264150943396,0.4259938141923436,0.3888888888888889,0.5,0.4375,0.18388266303671458
two_way,5.0,1.5,3.0,0.2,False,2,2,0.7,0.3,33,23,0.5373134328358209,0.5498652291105122,0.4101823463892429,0.24242424242424243,0.5714285714285714,0.3404255319148936,0.2697286342197763
two_way,5.0,1.5,3.0,0.2,False,2,2,0.9,0.3,33,23,0.5373134328358209,0.5498652291105122,0.24611308231997886,0.24242424242424243,0.5714285714285714,0.3404255319148936,0.37821106715217206
two_way,5.0,1.5,3.0,0.2,False,2,2,0.9,0.1,33,23,0.5373134328358209,0.5498652291105122,0.22879754653948203,0.24242424242424243,0.5714285714285714,0.3404255319148936,0.38055605377110746
positive_rescue,5.0,1.5,3.0,0.2,False,3,1,0.7,0.3,31,14,0.5522388059701493,0.6644204851752021,0.5214138148569815,0.3,0.8571428571428571,0.4444444444444444,0.2540137963286376
positive_rescue,5.0,1.5,3.0,0.2,False,3,1,0.9,0.3,31,14,0.5522388059701493,0.6644204851752021,0.24671654592008135,0.3,0.8571428571428571,0.4444444444444444,0.35891413970879454
positive_rescue,5.0,1.5,3.0,0.2,False,3,1,0.9,0.1,31,14,0.5522388059701493,0.6644204851752021,0.24671654592008135,0.3,0.8571428571428571,0.4444444444444444,0.35891413970879454
negative_veto,5.0,1.5,3.0,0.2,False,3,1,0.7,0.3,31,9,0.7164179104477612,0.610512129380054,0.44597862042714986,0.35294117647058826,0.42857142857142855,0.3870967741935484,0.1847572686149817
negative_veto,5.0,1.5,3.0,0.2,False,3,1,0.9,0.3,31,9,0.7164179104477612,0.610512129380054,0.44597862042714986,0.35294117647058826,0.42857142857142855,0.3870967741935484,0.1847572686149817
negative_veto,5.0,1.5,3.0,0.2,False,3,1,0.9,0.1,31,9,0.7164179104477612,0.610512129380054,0.41018032212885147,0.35294117647058826,0.42857142857142855,0.3870967741935484,0.1915137581705372
two_way,5.0,1.5,3.0,0.2,False,3,1,0.7,0.3,31,23,0.5373134328358209,0.5235849056603774,0.4107983697117823,0.22580645161290322,0.5,0.3111111111111111,0.26889922083539497
two_way,5.0,1.5,3.0,0.2,False,3,1,0.9,0.3,31,23,0.5373134328358209,0.5235849056603774,0.24198116541070702,0.22580645161290322,0.5,0.3111111111111111,0.3737995642155519
two_way,5.0,1.5,3.0,0.2,False,3,1,0.9,0.1,31,23,0.5373134328358209,0.5235849056603774,0.21814959234314074,0.22580645161290322,0.5,0.3111111111111111,0.38055605377110746
positive_rescue,5.0,1.5,3.0,0.2,False,3,2,0.7,0.3,31,14,0.5522388059701493,0.6644204851752021,0.5214138148569815,0.3,0.8571428571428571,0.4444444444444444,0.2540137963286376
positive_rescue,5.0,1.5,3.0,0.2,False,3,2,0.9,0.3,31,14,0.5522388059701493,0.6644204851752021,0.24671654592008135,0.3,0.8571428571428571,0.4444444444444444,0.35891413970879454
positive_rescue,5.0,1.5,3.0,0.2,False,3,2,0.9,0.1,31,14,0.5522388059701493,0.6644204851752021,0.24671654592008135,0.3,0.8571428571428571,0.4444444444444444,0.35891413970879454
negative_veto,5.0,1.5,3.0,0.2,False,3,2,0.7,0.3,31,9,0.7164179104477612,0.610512129380054,0.44597862042714986,0.35294117647058826,0.42857142857142855,0.3870967741935484,0.1847572686149817
negative_veto,5.0,1.5,3.0,0.2,False,3,2,0.9,0.3,31,9,0.7164179104477612,0.610512129380054,0.44597862042714986,0.35294117647058826,0.42857142857142855,0.3870967741935484,0.1847572686149817
negative_veto,5.0,1.5,3.0,0.2,False,3,2,0.9,0.1,31,9,0.7164179104477612,0.610512129380054,0.41018032212885147,0.35294117647058826,0.42857142857142855,0.3870967741935484,0.1915137581705372
two_way,5.0,1.5,3.0,0.2,False,3,2,0.7,0.3,31,23,0.5373134328358209,0.5235849056603774,0.4107983697117823,0.22580645161290322,0.5,0.3111111111111111,0.26889922083539497
two_way,5.0,1.5,3.0,0.2,False,3,2,0.9,0.3,31,23,0.5373134328358209,0.5235849056603774,0.24198116541070702,0.22580645161290322,0.5,0.3111111111111111,0.3737995642155519
two_way,5.0,1.5,3.0,0.2,False,3,2,0.9,0.1,31,23,0.5373134328358209,0.5235849056603774,0.21814959234314074,0.22580645161290322,0.5,0.3111111111111111,0.38055605377110746
positive_rescue,5.0,1.5,3.0,0.2,True,2,1,0.7,0.3,30,12,0.5522388059701493,0.6381401617250674,0.5221346771076837,0.2894736842105263,0.7857142857142857,0.4230769230769231,0.2501198019270572
positive_rescue,5.0,1.5,3.0,0.2,True,2,1,0.9,0.3,30,12,0.5522388059701493,0.6381401617250674,0.2505593534298255,0.2894736842105263,0.7857142857142857,0.4230769230769231,0.3502440259042291
positive_rescue,5.0,1.5,3.0,0.2,True,2,1,0.9,0.1,30,12,0.5522388059701493,0.6381401617250674,0.2505593534298255,0.2894736842105263,0.7857142857142857,0.4230769230769231,0.3502440259042291
negative_veto,5.0,1.5,3.0,0.2,True,2,1,0.7,0.3,30,8,0.7313432835820896,0.6462264150943396,0.453419096617626,0.3888888888888889,0.5,0.4375,0.18153767641777918
negative_veto,5.0,1.5,3.0,0.2,True,2,1,0.9,0.3,30,8,0.7313432835820896,0.6462264150943396,0.453419096617626,0.3888888888888889,0.5,0.4375,0.18153767641777918
negative_veto,5.0,1.5,3.0,0.2,True,2,1,0.9,0.1,30,8,0.7313432835820896,0.6462264150943396,0.41861286181139123,0.3888888888888889,0.5,0.4375,0.1882094125305277
two_way,5.0,1.5,3.0,0.2,True,2,1,0.7,0.3,30,20,0.5522388059701493,0.5330188679245282,0.41006306816107474,0.23333333333333334,0.5,0.3181818181818182,0.26178563423661205
two_way,5.0,1.5,3.0,0.2,True,2,1,0.9,0.3,30,20,0.5522388059701493,0.5330188679245282,0.24339640149440814,0.23333333333333334,0.5,0.3181818181818182,0.36190985821378396
two_way,5.0,1.5,3.0,0.2,True,2,1,0.9,0.1,30,20,0.5522388059701493,0.5330188679245282,0.2233861766648652,0.23333333333333334,0.5,0.3181818181818182,0.3685815943265324
positive_rescue,5.0,1.5,3.0,0.2,True,2,2,0.7,0.3,30,12,0.5522388059701493,0.6381401617250674,0.5221346771076837,0.2894736842105263,0.7857142857142857,0.4230769230769231,0.2501198019270572
positive_rescue,5.0,1.5,3.0,0.2,True,2,2,0.9,0.3,30,12,0.5522388059701493,0.6381401617250674,0.2505593534298255,0.2894736842105263,0.7857142857142857,0.4230769230769231,0.3502440259042291
positive_rescue,5.0,1.5,3.0,0.2,True,2,2,0.9,0.1,30,12,0.5522388059701493,0.6381401617250674,0.2505593534298255,0.2894736842105263,0.7857142857142857,0.4230769230769231,0.3502440259042291
negative_veto,5.0,1.5,3.0,0.2,True,2,2,0.7,0.3,30,8,0.7313432835820896,0.6462264150943396,0.453419096617626,0.3888888888888889,0.5,0.4375,0.18153767641777918
negative_veto,5.0,1.5,3.0,0.2,True,2,2,0.9,0.3,30,8,0.7313432835820896,0.6462264150943396,0.453419096617626,0.3888888888888889,0.5,0.4375,0.18153767641777918
negative_veto,5.0,1.5,3.0,0.2,True,2,2,0.9,0.1,30,8,0.7313432835820896,0.6462264150943396,0.41861286181139123,0.3888888888888889,0.5,0.4375,0.1882094125305277
two_way,5.0,1.5,3.0,0.2,True,2,2,0.7,0.3,30,20,0.5522388059701493,0.5330188679245282,0.41006306816107474,0.23333333333333334,0.5,0.3181818181818182,0.26178563423661205
two_way,5.0,1.5,3.0,0.2,True,2,2,0.9,0.3,30,20,0.5522388059701493,0.5330188679245282,0.24339640149440814,0.23333333333333334,0.5,0.3181818181818182,0.36190985821378396
two_way,5.0,1.5,3.0,0.2,True,2,2,0.9,0.1,30,20,0.5522388059701493,0.5330188679245282,0.2233861766648652,0.23333333333333334,0.5,0.3181818181818182,0.3685815943265324
positive_rescue,5.0,1.5,3.0,0.2,True,3,1,0.7,0.3,25,9,0.5970149253731343,0.6664420485175202,0.5287850208484294,0.3142857142857143,0.7857142857142857,0.4489795918367347,0.23444017223232053
positive_rescue,5.0,1.5,3.0,0.2,True,3,1,0.9,0.3,25,9,0.5970149253731343,0.6664420485175202,0.248310865374274,0.3142857142857143,0.7857142857142857,0.4489795918367347,0.32183359531607314
positive_rescue,5.0,1.5,3.0,0.2,True,3,1,0.9,0.1,25,9,0.5970149253731343,0.6664420485175202,0.248310865374274,0.3142857142857143,0.7857142857142857,0.4489795918367347,0.32183359531607314
negative_veto,5.0,1.5,3.0,0.2,True,3,1,0.7,0.3,25,10,0.7014925373134329,0.5747978436657682,0.378308218933219,0.3125,0.35714285714285715,0.3333333333333333,0.19085674516280693
negative_veto,5.0,1.5,3.0,0.2,True,3,1,0.9,0.3,25,10,0.7014925373134329,0.5747978436657682,0.378308218933219,0.3125,0.35714285714285715,0.3333333333333333,0.19085674516280693
negative_veto,5.0,1.5,3.0,0.2,True,3,1,0.9,0.1,25,10,0.7014925373134329,0.5747978436657682,0.3308035714285714,0.3125,0.35714285714285715,0.3333333333333333,0.204679544611221
two_way,5.0,1.5,3.0,0.2,True,3,1,0.7,0.3,25,19,0.5671641791044776,0.48989218328840967,0.34960222704125143,0.2,0.35714285714285715,0.2564102564102564,0.25542507328690317
two_way,5.0,1.5,3.0,0.2,True,3,1,0.9,0.3,25,19,0.5671641791044776,0.48989218328840967,0.24245936989839428,0.2,0.35714285714285715,0.2564102564102564,0.3428184963706557
two_way,5.0,1.5,3.0,0.2,True,3,1,0.9,0.1,25,19,0.5671641791044776,0.48989218328840967,0.20859304629796432,0.2,0.35714285714285715,0.2564102564102564,0.3566412958190698
positive_rescue,5.0,1.5,3.0,0.2,True,3,2,0.7,0.3,25,9,0.5970149253731343,0.6664420485175202,0.5287850208484294,0.3142857142857143,0.7857142857142857,0.4489795918367347,0.23444017223232053
positive_rescue,5.0,1.5,3.0,0.2,True,3,2,0.9,0.3,25,9,0.5970149253731343,0.6664420485175202,0.248310865374274,0.3142857142857143,0.7857142857142857,0.4489795918367347,0.32183359531607314
positive_rescue,5.0,1.5,3.0,0.2,True,3,2,0.9,0.1,25,9,0.5970149253731343,0.6664420485175202,0.248310865374274,0.3142857142857143,0.7857142857142857,0.4489795918367347,0.32183359531607314
negative_veto,5.0,1.5,3.0,0.2,True,3,2,0.7,0.3,25,10,0.7014925373134329,0.5747978436657682,0.378308218933219,0.3125,0.35714285714285715,0.3333333333333333,0.19085674516280693
negative_veto,5.0,1.5,3.0,0.2,True,3,2,0.9,0.3,25,10,0.7014925373134329,0.5747978436657682,0.378308218933219,0.3125,0.35714285714285715,0.3333333333333333,0.19085674516280693
negative_veto,5.0,1.5,3.0,0.2,True,3,2,0.9,0.1,25,10,0.7014925373134329,0.5747978436657682,0.3308035714285714,0.3125,0.35714285714285715,0.3333333333333333,0.204679544611221
two_way,5.0,1.5,3.0,0.2,True,3,2,0.7,0.3,25,19,0.5671641791044776,0.48989218328840967,0.34960222704125143,0.2,0.35714285714285715,0.2564102564102564,0.25542507328690317
two_way,5.0,1.5,3.0,0.2,True,3,2,0.9,0.3,25,19,0.5671641791044776,0.48989218328840967,0.24245936989839428,0.2,0.35714285714285715,0.2564102564102564,0.3428184963706557
two_way,5.0,1.5,3.0,0.2,True,3,2,0.9,0.1,25,19,0.5671641791044776,0.48989218328840967,0.20859304629796432,0.2,0.35714285714285715,0.2564102564102564,0.3566412958190698
positive_rescue,5.0,1.5,3.0,0.4,False,2,1,0.7,0.3,34,16,0.5223880597014925,0.6455525606469003,0.5199202382699919,0.2857142857142857,0.8571428571428571,0.42857142857142855,0.2642578081803447
positive_rescue,5.0,1.5,3.0,0.4,False,2,1,0.9,0.3,34,16,0.5223880597014925,0.6455525606469003,0.24672095855810722,0.2857142857142857,0.8571428571428571,0.42857142857142855,0.3775163605157256
positive_rescue,5.0,1.5,3.0,0.4,False,2,1,0.9,0.1,34,16,0.5223880597014925,0.6455525606469003,0.24672095855810722,0.2857142857142857,0.8571428571428571,0.42857142857142855,0.3775163605157256
negative_veto,5.0,1.5,3.0,0.4,False,2,1,0.7,0.3,34,8,0.7313432835820896,0.6462264150943396,0.453419096617626,0.3888888888888889,0.5,0.4375,0.18153767641777918
negative_veto,5.0,1.5,3.0,0.4,False,2,1,0.9,0.3,34,8,0.7313432835820896,0.6462264150943396,0.453419096617626,0.3888888888888889,0.5,0.4375,0.18153767641777918
negative_veto,5.0,1.5,3.0,0.4,False,2,1,0.9,0.1,34,8,0.7313432835820896,0.6462264150943396,0.42599381419234356,0.3888888888888889,0.5,0.4375,0.18485183587106885
two_way,5.0,1.5,3.0,0.4,False,2,1,0.7,0.3,34,24,0.5223880597014925,0.5404312668463611,0.40648885318168315,0.23529411764705882,0.5714285714285714,0.3333333333333333,0.2759236404898996
two_way,5.0,1.5,3.0,0.4,False,2,1,0.9,0.3,34,24,0.5223880597014925,0.5404312668463611,0.24038241060465243,0.23529411764705882,0.5714285714285714,0.3333333333333333,0.38918219282528044
two_way,5.0,1.5,3.0,0.4,False,2,1,0.9,0.1,34,24,0.5223880597014925,0.5404312668463611,0.22472318952394854,0.23529411764705882,0.5714285714285714,0.3333333333333333,0.39249635227857016
positive_rescue,5.0,1.5,3.0,0.4,False,2,2,0.7,0.3,33,15,0.5373134328358209,0.6549865229110512,0.5233271381054632,0.2926829268292683,0.8571428571428571,0.43636363636363634,0.25806280191022135
positive_rescue,5.0,1.5,3.0,0.4,False,2,2,0.9,0.3,33,15,0.5373134328358209,0.6549865229110512,0.2530417512234377,0.2926829268292683,0.8571428571428571,0.43636363636363634,0.3665452348426172
positive_rescue,5.0,1.5,3.0,0.4,False,2,2,0.9,0.1,33,15,0.5373134328358209,0.6549865229110512,0.2530417512234377,0.2926829268292683,0.8571428571428571,0.43636363636363634,0.3665452348426172
negative_veto,5.0,1.5,3.0,0.4,False,2,2,0.7,0.3,33,8,0.7313432835820896,0.6462264150943396,0.453419096617626,0.3888888888888889,0.5,0.4375,0.18153767641777918
negative_veto,5.0,1.5,3.0,0.4,False,2,2,0.9,0.3,33,8,0.7313432835820896,0.6462264150943396,0.453419096617626,0.3888888888888889,0.5,0.4375,0.18153767641777918
negative_veto,5.0,1.5,3.0,0.4,False,2,2,0.9,0.1,33,8,0.7313432835820896,0.6462264150943396,0.4259938141923436,0.3888888888888889,0.5,0.4375,0.18388266303671458
two_way,5.0,1.5,3.0,0.4,False,2,2,0.7,0.3,33,23,0.5373134328358209,0.5498652291105122,0.4101823463892429,0.24242424242424243,0.5714285714285714,0.3404255319148936,0.2697286342197763
two_way,5.0,1.5,3.0,0.4,False,2,2,0.9,0.3,33,23,0.5373134328358209,0.5498652291105122,0.24611308231997886,0.24242424242424243,0.5714285714285714,0.3404255319148936,0.37821106715217206
two_way,5.0,1.5,3.0,0.4,False,2,2,0.9,0.1,33,23,0.5373134328358209,0.5498652291105122,0.22879754653948203,0.24242424242424243,0.5714285714285714,0.3404255319148936,0.38055605377110746
positive_rescue,5.0,1.5,3.0,0.4,False,3,1,0.7,0.3,31,14,0.5522388059701493,0.6644204851752021,0.5214138148569815,0.3,0.8571428571428571,0.4444444444444444,0.2540137963286376
positive_rescue,5.0,1.5,3.0,0.4,False,3,1,0.9,0.3,31,14,0.5522388059701493,0.6644204851752021,0.24671654592008135,0.3,0.8571428571428571,0.4444444444444444,0.35891413970879454
positive_rescue,5.0,1.5,3.0,0.4,False,3,1,0.9,0.1,31,14,0.5522388059701493,0.6644204851752021,0.24671654592008135,0.3,0.8571428571428571,0.4444444444444444,0.35891413970879454
negative_veto,5.0,1.5,3.0,0.4,False,3,1,0.7,0.3,31,9,0.7164179104477612,0.610512129380054,0.44597862042714986,0.35294117647058826,0.42857142857142855,0.3870967741935484,0.1847572686149817
negative_veto,5.0,1.5,3.0,0.4,False,3,1,0.9,0.3,31,9,0.7164179104477612,0.610512129380054,0.44597862042714986,0.35294117647058826,0.42857142857142855,0.3870967741935484,0.1847572686149817
negative_veto,5.0,1.5,3.0,0.4,False,3,1,0.9,0.1,31,9,0.7164179104477612,0.610512129380054,0.41018032212885147,0.35294117647058826,0.42857142857142855,0.3870967741935484,0.1915137581705372
two_way,5.0,1.5,3.0,0.4,False,3,1,0.7,0.3,31,23,0.5373134328358209,0.5235849056603774,0.4107983697117823,0.22580645161290322,0.5,0.3111111111111111,0.26889922083539497
two_way,5.0,1.5,3.0,0.4,False,3,1,0.9,0.3,31,23,0.5373134328358209,0.5235849056603774,0.24198116541070702,0.22580645161290322,0.5,0.3111111111111111,0.3737995642155519
two_way,5.0,1.5,3.0,0.4,False,3,1,0.9,0.1,31,23,0.5373134328358209,0.5235849056603774,0.21814959234314074,0.22580645161290322,0.5,0.3111111111111111,0.38055605377110746
positive_rescue,5.0,1.5,3.0,0.4,False,3,2,0.7,0.3,31,14,0.5522388059701493,0.6644204851752021,0.5214138148569815,0.3,0.8571428571428571,0.4444444444444444,0.2540137963286376
positive_rescue,5.0,1.5,3.0,0.4,False,3,2,0.9,0.3,31,14,0.5522388059701493,0.6644204851752021,0.24671654592008135,0.3,0.8571428571428571,0.4444444444444444,0.35891413970879454
positive_rescue,5.0,1.5,3.0,0.4,False,3,2,0.9,0.1,31,14,0.5522388059701493,0.6644204851752021,0.24671654592008135,0.3,0.8571428571428571,0.4444444444444444,0.35891413970879454
negative_veto,5.0,1.5,3.0,0.4,False,3,2,0.7,0.3,31,9,0.7164179104477612,0.610512129380054,0.44597862042714986,0.35294117647058826,0.42857142857142855,0.3870967741935484,0.1847572686149817
negative_veto,5.0,1.5,3.0,0.4,False,3,2,0.9,0.3,31,9,0.7164179104477612,0.610512129380054,0.44597862042714986,0.35294117647058826,0.42857142857142855,0.3870967741935484,0.1847572686149817
negative_veto,5.0,1.5,3.0,0.4,False,3,2,0.9,0.1,31,9,0.7164179104477612,0.610512129380054,0.41018032212885147,0.35294117647058826,0.42857142857142855,0.3870967741935484,0.1915137581705372
two_way,5.0,1.5,3.0,0.4,False,3,2,0.7,0.3,31,23,0.5373134328358209,0.5235849056603774,0.4107983697117823,0.22580645161290322,0.5,0.3111111111111111,0.26889922083539497
two_way,5.0,1.5,3.0,0.4,False,3,2,0.9,0.3,31,23,0.5373134328358209,0.5235849056603774,0.24198116541070702,0.22580645161290322,0.5,0.3111111111111111,0.3737995642155519
two_way,5.0,1.5,3.0,0.4,False,3,2,0.9,0.1,31,23,0.5373134328358209,0.5235849056603774,0.21814959234314074,0.22580645161290322,0.5,0.3111111111111111,0.38055605377110746
positive_rescue,5.0,1.5,3.0,0.4,True,2,1,0.7,0.3,30,12,0.5522388059701493,0.6381401617250674,0.5221346771076837,0.2894736842105263,0.7857142857142857,0.4230769230769231,0.2501198019270572
positive_rescue,5.0,1.5,3.0,0.4,True,2,1,0.9,0.3,30,12,0.5522388059701493,0.6381401617250674,0.2505593534298255,0.2894736842105263,0.7857142857142857,0.4230769230769231,0.3502440259042291
positive_rescue,5.0,1.5,3.0,0.4,True,2,1,0.9,0.1,30,12,0.5522388059701493,0.6381401617250674,0.2505593534298255,0.2894736842105263,0.7857142857142857,0.4230769230769231,0.3502440259042291
negative_veto,5.0,1.5,3.0,0.4,True,2,1,0.7,0.3,30,8,0.7313432835820896,0.6462264150943396,0.453419096617626,0.3888888888888889,0.5,0.4375,0.18153767641777918
negative_veto,5.0,1.5,3.0,0.4,True,2,1,0.9,0.3,30,8,0.7313432835820896,0.6462264150943396,0.453419096617626,0.3888888888888889,0.5,0.4375,0.18153767641777918
negative_veto,5.0,1.5,3.0,0.4,True,2,1,0.9,0.1,30,8,0.7313432835820896,0.6462264150943396,0.41861286181139123,0.3888888888888889,0.5,0.4375,0.1882094125305277
two_way,5.0,1.5,3.0,0.4,True,2,1,0.7,0.3,30,20,0.5522388059701493,0.5330188679245282,0.41006306816107474,0.23333333333333334,0.5,0.3181818181818182,0.26178563423661205
two_way,5.0,1.5,3.0,0.4,True,2,1,0.9,0.3,30,20,0.5522388059701493,0.5330188679245282,0.24339640149440814,0.23333333333333334,0.5,0.3181818181818182,0.36190985821378396
two_way,5.0,1.5,3.0,0.4,True,2,1,0.9,0.1,30,20,0.5522388059701493,0.5330188679245282,0.2233861766648652,0.23333333333333334,0.5,0.3181818181818182,0.3685815943265324
positive_rescue,5.0,1.5,3.0,0.4,True,2,2,0.7,0.3,30,12,0.5522388059701493,0.6381401617250674,0.5221346771076837,0.2894736842105263,0.7857142857142857,0.4230769230769231,0.2501198019270572
positive_rescue,5.0,1.5,3.0,0.4,True,2,2,0.9,0.3,30,12,0.5522388059701493,0.6381401617250674,0.2505593534298255,0.2894736842105263,0.7857142857142857,0.4230769230769231,0.3502440259042291
positive_rescue,5.0,1.5,3.0,0.4,True,2,2,0.9,0.1,30,12,0.5522388059701493,0.6381401617250674,0.2505593534298255,0.2894736842105263,0.7857142857142857,0.4230769230769231,0.3502440259042291
negative_veto,5.0,1.5,3.0,0.4,True,2,2,0.7,0.3,30,8,0.7313432835820896,0.6462264150943396,0.453419096617626,0.3888888888888889,0.5,0.4375,0.18153767641777918
negative_veto,5.0,1.5,3.0,0.4,True,2,2,0.9,0.3,30,8,0.7313432835820896,0.6462264150943396,0.453419096617626,0.3888888888888889,0.5,0.4375,0.18153767641777918
negative_veto,5.0,1.5,3.0,0.4,True,2,2,0.9,0.1,30,8,0.7313432835820896,0.6462264150943396,0.41861286181139123,0.3888888888888889,0.5,0.4375,0.1882094125305277
two_way,5.0,1.5,3.0,0.4,True,2,2,0.7,0.3,30,20,0.5522388059701493,0.5330188679245282,0.41006306816107474,0.23333333333333334,0.5,0.3181818181818182,0.26178563423661205
two_way,5.0,1.5,3.0,0.4,True,2,2,0.9,0.3,30,20,0.5522388059701493,0.5330188679245282,0.24339640149440814,0.23333333333333334,0.5,0.3181818181818182,0.36190985821378396
two_way,5.0,1.5,3.0,0.4,True,2,2,0.9,0.1,30,20,0.5522388059701493,0.5330188679245282,0.2233861766648652,0.23333333333333334,0.5,0.3181818181818182,0.3685815943265324
positive_rescue,5.0,1.5,3.0,0.4,True,3,1,0.7,0.3,26,10,0.582089552238806,0.6570080862533693,0.5244627137085844,0.3055555555555556,0.7857142857142857,0.44,0.24124636578314487
positive_rescue,5.0,1.5,3.0,0.4,True,3,1,0.9,0.3,26,10,0.582089552238806,0.6570080862533693,0.24067315898306915,0.3055555555555556,0.7857142857142857,0.44,0.3334159082698825
positive_rescue,5.0,1.5,3.0,0.4,True,3,1,0.9,0.1,26,10,0.582089552238806,0.6570080862533693,0.24067315898306915,0.3055555555555556,0.7857142857142857,0.44,0.3334159082698825
negative_veto,5.0,1.5,3.0,0.4,True,3,1,0.7,0.3,26,10,0.7014925373134329,0.5747978436657682,0.378308218933219,0.3125,0.35714285714285715,0.3333333333333333,0.19085674516280693
negative_veto,5.0,1.5,3.0,0.4,True,3,1,0.9,0.3,26,10,0.7014925373134329,0.5747978436657682,0.378308218933219,0.3125,0.35714285714285715,0.3333333333333333,0.19085674516280693
negative_veto,5.0,1.5,3.0,0.4,True,3,1,0.9,0.1,26,10,0.7014925373134329,0.5747978436657682,0.3308035714285714,0.3125,0.35714285714285715,0.3333333333333333,0.20503753016487428
two_way,5.0,1.5,3.0,0.4,True,3,1,0.7,0.3,26,20,0.5522388059701493,0.4804582210242587,0.3448295171727227,0.19230769230769232,0.35714285714285715,0.25,0.26223126683772746
two_way,5.0,1.5,3.0,0.4,True,3,1,0.9,0.3,26,20,0.5522388059701493,0.4804582210242587,0.23603830838151396,0.19230769230769232,0.35714285714285715,0.25,0.3544008093244651
two_way,5.0,1.5,3.0,0.4,True,3,1,0.9,0.1,26,20,0.5522388059701493,0.4804582210242587,0.2058457935507116,0.19230769230769232,0.35714285714285715,0.25,0.3685815943265324
positive_rescue,5.0,1.5,3.0,0.4,True,3,2,0.7,0.3,26,10,0.582089552238806,0.6570080862533693,0.5244627137085844,0.3055555555555556,0.7857142857142857,0.44,0.24124636578314487
positive_rescue,5.0,1.5,3.0,0.4,True,3,2,0.9,0.3,26,10,0.582089552238806,0.6570080862533693,0.24067315898306915,0.3055555555555556,0.7857142857142857,0.44,0.3334159082698825
positive_rescue,5.0,1.5,3.0,0.4,True,3,2,0.9,0.1,26,10,0.582089552238806,0.6570080862533693,0.24067315898306915,0.3055555555555556,0.7857142857142857,0.44,0.3334159082698825
negative_veto,5.0,1.5,3.0,0.4,True,3,2,0.7,0.3,26,10,0.7014925373134329,0.5747978436657682,0.378308218933219,0.3125,0.35714285714285715,0.3333333333333333,0.19085674516280693
negative_veto,5.0,1.5,3.0,0.4,True,3,2,0.9,0.3,26,10,0.7014925373134329,0.5747978436657682,0.378308218933219,0.3125,0.35714285714285715,0.3333333333333333,0.19085674516280693
negative_veto,5.0,1.5,3.0,0.4,True,3,2,0.9,0.1,26,10,0.7014925373134329,0.5747978436657682,0.3308035714285714,0.3125,0.35714285714285715,0.3333333333333333,0.20503753016487428
two_way,5.0,1.5,3.0,0.4,True,3,2,0.7,0.3,26,20,0.5522388059701493,0.4804582210242587,0.3448295171727227,0.19230769230769232,0.35714285714285715,0.25,0.26223126683772746
two_way,5.0,1.5,3.0,0.4,True,3,2,0.9,0.3,26,20,0.5522388059701493,0.4804582210242587,0.23603830838151396,0.19230769230769232,0.35714285714285715,0.25,0.3544008093244651
two_way,5.0,1.5,3.0,0.4,True,3,2,0.9,0.1,26,20,0.5522388059701493,0.4804582210242587,0.2058457935507116,0.19230769230769232,0.35714285714285715,0.25,0.3685815943265324
positive_rescue,5.0,1.5,4.0,0.2,False,2,1,0.7,0.3,27,11,0.5671641791044776,0.6475741239892183,0.5211609581797979,0.2972972972972973,0.7857142857142857,0.43137254901960786,0.2465553399450134
positive_rescue,5.0,1.5,4.0,0.2,False,2,1,0.9,0.3,27,11,0.5671641791044776,0.6475741239892183,0.23430180838961367,0.2972972972972973,0.7857142857142857,0.43137254901960786,0.34350100183473614
positive_rescue,5.0,1.5,4.0,0.2,False,2,1,0.9,0.1,27,11,0.5671641791044776,0.6475741239892183,0.23430180838961367,0.2972972972972973,0.7857142857142857,0.43137254901960786,0.34350100183473614
negative_veto,5.0,1.5,4.0,0.2,False,2,1,0.7,0.3,27,10,0.7014925373134329,0.5747978436657682,0.378308218933219,0.3125,0.35714285714285715,0.3333333333333333,0.19151792025466968
negative_veto,5.0,1.5,4.0,0.2,False,2,1,0.9,0.3,27,10,0.7014925373134329,0.5747978436657682,0.378308218933219,0.3125,0.35714285714285715,0.3333333333333333,0.19151792025466968
negative_veto,5.0,1.5,4.0,0.2,False,2,1,0.9,0.1,27,10,0.7014925373134329,0.5747978436657682,0.3308035714285714,0.3125,0.35714285714285715,0.3333333333333333,0.20689273510748335
two_way,5.0,1.5,4.0,0.2,False,2,1,0.7,0.3,27,21,0.5373134328358209,0.4710242587601078,0.3438120161552217,0.18518518518518517,0.35714285714285715,0.24390243902439024,0.2682014160914588
two_way,5.0,1.5,4.0,0.2,False,2,1,0.9,0.3,27,21,0.5373134328358209,0.4710242587601078,0.2334945558377614,0.18518518518518517,0.35714285714285715,0.24390243902439024,0.36514707798118157
two_way,5.0,1.5,4.0,0.2,False,2,1,0.9,0.1,27,21,0.5373134328358209,0.4710242587601078,0.20330204100695903,0.18518518518518517,0.35714285714285715,0.24390243902439024,0.3805218928339952
positive_rescue,5.0,1.5,4.0,0.2,False,2,2,0.7,0.3,27,11,0.5671641791044776,0.6475741239892183,0.5211609581797979,0.2972972972972973,0.7857142857142857,0.43137254901960786,0.2465553399450134
positive_rescue,5.0,1.5,4.0,0.2,False,2,2,0.9,0.3,27,11,0.5671641791044776,0.6475741239892183,0.23430180838961367,0.2972972972972973,0.7857142857142857,0.43137254901960786,0.34350100183473614
positive_rescue,5.0,1.5,4.0,0.2,False,2,2,0.9,0.1,27,11,0.5671641791044776,0.6475741239892183,0.23430180838961367,0.2972972972972973,0.7857142857142857,0.43137254901960786,0.34350100183473614
negative_veto,5.0,1.5,4.0,0.2,False,2,2,0.7,0.3,27,10,0.7014925373134329,0.5747978436657682,0.378308218933219,0.3125,0.35714285714285715,0.3333333333333333,0.19151792025466968
negative_veto,5.0,1.5,4.0,0.2,False,2,2,0.9,0.3,27,10,0.7014925373134329,0.5747978436657682,0.378308218933219,0.3125,0.35714285714285715,0.3333333333333333,0.19151792025466968
negative_veto,5.0,1.5,4.0,0.2,False,2,2,0.9,0.1,27,10,0.7014925373134329,0.5747978436657682,0.3308035714285714,0.3125,0.35714285714285715,0.3333333333333333,0.20689273510748335
two_way,5.0,1.5,4.0,0.2,False,2,2,0.7,0.3,27,21,0.5373134328358209,0.4710242587601078,0.3438120161552217,0.18518518518518517,0.35714285714285715,0.24390243902439024,0.2682014160914588
two_way,5.0,1.5,4.0,0.2,False,2,2,0.9,0.3,27,21,0.5373134328358209,0.4710242587601078,0.2334945558377614,0.18518518518518517,0.35714285714285715,0.24390243902439024,0.36514707798118157
two_way,5.0,1.5,4.0,0.2,False,2,2,0.9,0.1,27,21,0.5373134328358209,0.4710242587601078,0.20330204100695903,0.18518518518518517,0.35714285714285715,0.24390243902439024,0.3805218928339952
positive_rescue,5.0,1.5,4.0,0.2,False,3,1,0.7,0.3,22,10,0.582089552238806,0.6570080862533693,0.5281208052977104,0.3055555555555556,0.7857142857142857,0.44,0.23915153565373015
positive_rescue,5.0,1.5,4.0,0.2,False,3,1,0.9,0.3,22,10,0.582089552238806,0.6570080862533693,0.24502409984075665,0.3055555555555556,0.7857142857142857,0.44,0.3194604077297837
positive_rescue,5.0,1.5,4.0,0.2,False,3,1,0.9,0.1,22,10,0.582089552238806,0.6570080862533693,0.24502409984075665,0.3055555555555556,0.7857142857142857,0.44,0.3194604077297837
negative_veto,5.0,1.5,4.0,0.2,False,3,1,0.7,0.3,22,14,0.7313432835820896,0.5673854447439353,0.37110223047723045,0.3333333333333333,0.2857142857142857,0.3076923076923077,0.1797376188372341
negative_veto,5.0,1.5,4.0,0.2,False,3,1,0.9,0.3,22,14,0.7313432835820896,0.5673854447439353,0.37110223047723045,0.3333333333333333,0.2857142857142857,0.3076923076923077,0.1797376188372341
negative_veto,5.0,1.5,4.0,0.2,False,3,1,0.9,0.1,22,14,0.7313432835820896,0.5673854447439353,0.31724837662337657,0.3333333333333333,0.2857142857142857,0.3076923076923077,0.19511243369004772
two_way,5.0,1.5,4.0,0.2,False,3,1,0.7,0.3,22,24,0.582089552238806,0.47304582210242585,0.3315423977880424,0.18181818181818182,0.2857142857142857,0.2222222222222222,0.24901731038273994
two_way,5.0,1.5,4.0,0.2,False,3,1,0.9,0.3,22,24,0.582089552238806,0.47304582210242585,0.2384688047144493,0.18181818181818182,0.2857142857142857,0.2222222222222222,0.32932618245879347
two_way,5.0,1.5,4.0,0.2,False,3,1,0.9,0.1,22,24,0.582089552238806,0.47304582210242585,0.20433500925304204,0.18181818181818182,0.2857142857142857,0.2222222222222222,0.3447009973116071
positive_rescue,5.0,1.5,4.0,0.2,False,3,2,0.7,0.3,22,10,0.582089552238806,0.6570080862533693,0.5281208052977104,0.3055555555555556,0.7857142857142857,0.44,0.23915153565373015
positive_rescue,5.0,1.5,4.0,0.2,False,3,2,0.9,0.3,22,10,0.582089552238806,0.6570080862533693,0.24502409984075665,0.3055555555555556,0.7857142857142857,0.44,0.3194604077297837
positive_rescue,5.0,1.5,4.0,0.2,False,3,2,0.9,0.1,22,10,0.582089552238806,0.6570080862533693,0.24502409984075665,0.3055555555555556,0.7857142857142857,0.44,0.3194604077297837
negative_veto,5.0,1.5,4.0,0.2,False,3,2,0.7,0.3,22,14,0.7313432835820896,0.5673854447439353,0.37110223047723045,0.3333333333333333,0.2857142857142857,0.3076923076923077,0.1797376188372341
negative_veto,5.0,1.5,4.0,0.2,False,3,2,0.9,0.3,22,14,0.7313432835820896,0.5673854447439353,0.37110223047723045,0.3333333333333333,0.2857142857142857,0.3076923076923077,0.1797376188372341
negative_veto,5.0,1.5,4.0,0.2,False,3,2,0.9,0.1,22,14,0.7313432835820896,0.5673854447439353,0.31724837662337657,0.3333333333333333,0.2857142857142857,0.3076923076923077,0.19511243369004772
two_way,5.0,1.5,4.0,0.2,False,3,2,0.7,0.3,22,24,0.582089552238806,0.47304582210242585,0.3315423977880424,0.18181818181818182,0.2857142857142857,0.2222222222222222,0.24901731038273994
two_way,5.0,1.5,4.0,0.2,False,3,2,0.9,0.3,22,24,0.582089552238806,0.47304582210242585,0.2384688047144493,0.18181818181818182,0.2857142857142857,0.2222222222222222,0.32932618245879347
two_way,5.0,1.5,4.0,0.2,False,3,2,0.9,0.1,22,24,0.582089552238806,0.47304582210242585,0.20433500925304204,0.18181818181818182,0.2857142857142857,0.2222222222222222,0.3447009973116071
positive_rescue,5.0,1.5,4.0,0.2,True,2,1,0.7,0.3,24,9,0.5970149253731343,0.6664420485175202,0.5287850208484294,0.3142857142857143,0.7857142857142857,0.4489795918367347,0.23444017223232053
positive_rescue,5.0,1.5,4.0,0.2,True,2,1,0.9,0.3,24,9,0.5970149253731343,0.6664420485175202,0.25265864722205583,0.3142857142857143,0.7857142857142857,0.4489795918367347,0.318854178190926
positive_rescue,5.0,1.5,4.0,0.2,True,2,1,0.9,0.1,24,9,0.5970149253731343,0.6664420485175202,0.25265864722205583,0.3142857142857143,0.7857142857142857,0.4489795918367347,0.318854178190926
negative_veto,5.0,1.5,4.0,0.2,True,2,1,0.7,0.3,24,11,0.7164179104477612,0.5842318059299192,0.4037759060080489,0.3333333333333333,0.35714285714285715,0.3448275862068966,0.1830898936312376
negative_veto,5.0,1.5,4.0,0.2,True,2,1,0.9,0.3,24,11,0.7164179104477612,0.5842318059299192,0.4037759060080489,0.3333333333333333,0.35714285714285715,0.3448275862068966,0.1830898936312376
negative_veto,5.0,1.5,4.0,0.2,True,2,1,0.9,0.1,24,11,0.7164179104477612,0.5842318059299192,0.35627125850340136,0.3333333333333333,0.35714285714285715,0.3448275862068966,0.19571866322890544
two_way,5.0,1.5,4.0,0.2,True,2,1,0.7,0.3,24,20,0.582089552238806,0.4993261455525606,0.37341175085077527,0.20833333333333334,0.35714285714285715,0.2631578947368421,0.2476582217553338
two_way,5.0,1.5,4.0,0.2,True,2,1,0.9,0.3,24,20,0.582089552238806,0.4993261455525606,0.24543556037458475,0.20833333333333334,0.35714285714285715,0.2631578947368421,0.3320722277139393
two_way,5.0,1.5,4.0,0.2,True,2,1,0.9,0.1,24,20,0.582089552238806,0.4993261455525606,0.2115692367741548,0.20833333333333334,0.35714285714285715,0.2631578947368421,0.3447009973116071
positive_rescue,5.0,1.5,4.0,0.2,True,2,2,0.7,0.3,23,8,0.6119402985074627,0.6758760107816711,0.5336282093482554,0.3235294117647059,0.7857142857142857,0.4583333333333333,0.22718476631779516
positive_rescue,5.0,1.5,4.0,0.2,True,2,2,0.9,0.3,23,8,0.6119402985074627,0.6758760107816711,0.2614644839547164,0.3235294117647059,0.7857142857142857,0.4583333333333333,0.30682265287341554
positive_rescue,5.0,1.5,4.0,0.2,True,2,2,0.9,0.1,23,8,0.6119402985074627,0.6758760107816711,0.2614644839547164,0.3235294117647059,0.7857142857142857,0.4583333333333333,0.30682265287341554
negative_veto,5.0,1.5,4.0,0.2,True,2,2,0.7,0.3,23,11,0.7164179104477612,0.5842318059299192,0.4037759060080489,0.3333333333333333,0.35714285714285715,0.3448275862068966,0.1830898936312376
negative_veto,5.0,1.5,4.0,0.2,True,2,2,0.9,0.3,23,11,0.7164179104477612,0.5842318059299192,0.4037759060080489,0.3333333333333333,0.35714285714285715,0.3448275862068966,0.1830898936312376
negative_veto,5.0,1.5,4.0,0.2,True,2,2,0.9,0.1,23,11,0.7164179104477612,0.5842318059299192,0.35627125850340136,0.3333333333333333,0.35714285714285715,0.3448275862068966,0.19571866322890544
two_way,5.0,1.5,4.0,0.2,True,2,2,0.7,0.3,23,19,0.5970149253731343,0.5087601078167115,0.3788034077436251,0.21739130434782608,0.35714285714285715,0.2702702702702703,0.24040281584080841
two_way,5.0,1.5,4.0,0.2,True,2,2,0.9,0.3,23,19,0.5970149253731343,0.5087601078167115,0.2527682110562545,0.21739130434782608,0.35714285714285715,0.2702702702702703,0.32004070239642884
two_way,5.0,1.5,4.0,0.2,True,2,2,0.9,0.1,23,19,0.5970149253731343,0.5087601078167115,0.21707427536231882,0.21739130434782608,0.35714285714285715,0.2702702702702703,0.33266947199409663
positive_rescue,5.0,1.5,4.0,0.2,True,3,1,0.7,0.3,20,9,0.5970149253731343,0.6664420485175202,0.5327164342626014,0.3142857142857143,0.7857142857142857,0.4489795918367347,0.2323453421029058
positive_rescue,5.0,1.5,4.0,0.2,True,3,1,0.9,0.3,20,9,0.5970149253731343,0.6664420485175202,0.25958444720204304,0.3142857142857143,0.7857142857142857,0.4489795918367347,0.3032500319296522
positive_rescue,5.0,1.5,4.0,0.2,True,3,1,0.9,0.1,20,9,0.5970149253731343,0.6664420485175202,0.25958444720204304,0.3142857142857143,0.7857142857142857,0.4489795918367347,0.3032500319296522
negative_veto,5.0,1.5,4.0,0.2,True,3,1,0.7,0.3,20,15,0.746268656716418,0.5768194070080863,0.3752147845897846,0.36363636363636365,0.2857142857142857,0.32,0.17361941302683973
negative_veto,5.0,1.5,4.0,0.2,True,3,1,0.9,0.3,20,15,0.746268656716418,0.5768194070080863,0.3752147845897846,0.36363636363636365,0.2857142857142857,0.32,0.17361941302683973
negative_veto,5.0,1.5,4.0,0.2,True,3,1,0.9,0.1,20,15,0.746268656716418,0.5768194070080863,0.32136093073593075,0.36363636363636365,0.2857142857142857,0.32,0.18744221247525386
two_way,5.0,1.5,4.0,0.2,True,3,1,0.7,0.3,20,24,0.6119402985074627,0.49191374663072773,0.33829270323172766,0.2,0.2857142857142857,0.23529411764705882,0.23609291102152125
two_way,5.0,1.5,4.0,0.2,True,3,1,0.9,0.3,20,24,0.6119402985074627,0.49191374663072773,0.24781651275553715,0.2,0.2857142857142857,0.23529411764705882,0.30699760084826766
two_way,5.0,1.5,4.0,0.2,True,3,1,0.9,0.1,20,24,0.6119402985074627,0.49191374663072773,0.20952981444784724,0.2,0.2857142857142857,0.23529411764705882,0.32082040029668174
positive_rescue,5.0,1.5,4.0,0.2,True,3,2,0.7,0.3,19,8,0.6119402985074627,0.6758760107816711,0.5378647928705531,0.3235294117647059,0.7857142857142857,0.4583333333333333,0.2250899361883804
positive_rescue,5.0,1.5,4.0,0.2,True,3,2,0.9,0.3,19,8,0.6119402985074627,0.6758760107816711,0.2696182448234168,0.3235294117647059,0.7857142857142857,0.4583333333333333,0.2912185066121417
positive_rescue,5.0,1.5,4.0,0.2,True,3,2,0.9,0.1,19,8,0.6119402985074627,0.6758760107816711,0.2696182448234168,0.3235294117647059,0.7857142857142857,0.4583333333333333,0.2912185066121417
negative_veto,5.0,1.5,4.0,0.2,True,3,2,0.7,0.3,19,15,0.746268656716418,0.5768194070080863,0.3752147845897846,0.36363636363636365,0.2857142857142857,0.32,0.17361941302683973
negative_veto,5.0,1.5,4.0,0.2,True,3,2,0.9,0.3,19,15,0.746268656716418,0.5768194070080863,0.3752147845897846,0.36363636363636365,0.2857142857142857,0.32,0.17361941302683973
negative_veto,5.0,1.5,4.0,0.2,True,3,2,0.9,0.1,19,15,0.746268656716418,0.5768194070080863,0.32136093073593075,0.36363636363636365,0.2857142857142857,0.32,0.18744221247525386
two_way,5.0,1.5,4.0,0.2,True,3,2,0.7,0.3,19,23,0.6268656716417911,0.5013477088948787,0.3443977866675235,0.21052631578947367,0.2857142857142857,0.24242424242424243,0.22883750510699585
two_way,5.0,1.5,4.0,0.2,True,3,2,0.9,0.3,19,23,0.6268656716417911,0.5013477088948787,0.25542535558982926,0.21052631578947367,0.2857142857142857,0.24242424242424243,0.2949660755307572
two_way,5.0,1.5,4.0,0.2,True,3,2,0.9,0.1,19,23,0.6268656716417911,0.5013477088948787,0.2150610902255639,0.21052631578947367,0.2857142857142857,0.24242424242424243,0.30878887497917124
positive_rescue,5.0,1.5,4.0,0.4,False,2,1,0.7,0.3,27,11,0.5671641791044776,0.6475741239892183,0.5211609581797979,0.2972972972972973,0.7857142857142857,0.43137254901960786,0.2465553399450134
positive_rescue,5.0,1.5,4.0,0.4,False,2,1,0.9,0.3,27,11,0.5671641791044776,0.6475741239892183,0.23430180838961367,0.2972972972972973,0.7857142857142857,0.43137254901960786,0.34350100183473614
positive_rescue,5.0,1.5,4.0,0.4,False,2,1,0.9,0.1,27,11,0.5671641791044776,0.6475741239892183,0.23430180838961367,0.2972972972972973,0.7857142857142857,0.43137254901960786,0.34350100183473614
negative_veto,5.0,1.5,4.0,0.4,False,2,1,0.7,0.3,27,10,0.7014925373134329,0.5747978436657682,0.378308218933219,0.3125,0.35714285714285715,0.3333333333333333,0.19151792025466968
negative_veto,5.0,1.5,4.0,0.4,False,2,1,0.9,0.3,27,10,0.7014925373134329,0.5747978436657682,0.378308218933219,0.3125,0.35714285714285715,0.3333333333333333,0.19151792025466968
negative_veto,5.0,1.5,4.0,0.4,False,2,1,0.9,0.1,27,10,0.7014925373134329,0.5747978436657682,0.3308035714285714,0.3125,0.35714285714285715,0.3333333333333333,0.20689273510748335
two_way,5.0,1.5,4.0,0.4,False,2,1,0.7,0.3,27,21,0.5373134328358209,0.4710242587601078,0.3438120161552217,0.18518518518518517,0.35714285714285715,0.24390243902439024,0.2682014160914588
two_way,5.0,1.5,4.0,0.4,False,2,1,0.9,0.3,27,21,0.5373134328358209,0.4710242587601078,0.2334945558377614,0.18518518518518517,0.35714285714285715,0.24390243902439024,0.36514707798118157
two_way,5.0,1.5,4.0,0.4,False,2,1,0.9,0.1,27,21,0.5373134328358209,0.4710242587601078,0.20330204100695903,0.18518518518518517,0.35714285714285715,0.24390243902439024,0.3805218928339952
positive_rescue,5.0,1.5,4.0,0.4,False,2,2,0.7,0.3,27,11,0.5671641791044776,0.6475741239892183,0.5211609581797979,0.2972972972972973,0.7857142857142857,0.43137254901960786,0.2465553399450134
positive_rescue,5.0,1.5,4.0,0.4,False,2,2,0.9,0.3,27,11,0.5671641791044776,0.6475741239892183,0.23430180838961367,0.2972972972972973,0.7857142857142857,0.43137254901960786,0.34350100183473614
positive_rescue,5.0,1.5,4.0,0.4,False,2,2,0.9,0.1,27,11,0.5671641791044776,0.6475741239892183,0.23430180838961367,0.2972972972972973,0.7857142857142857,0.43137254901960786,0.34350100183473614
negative_veto,5.0,1.5,4.0,0.4,False,2,2,0.7,0.3,27,10,0.7014925373134329,0.5747978436657682,0.378308218933219,0.3125,0.35714285714285715,0.3333333333333333,0.19151792025466968
negative_veto,5.0,1.5,4.0,0.4,False,2,2,0.9,0.3,27,10,0.7014925373134329,0.5747978436657682,0.378308218933219,0.3125,0.35714285714285715,0.3333333333333333,0.19151792025466968
negative_veto,5.0,1.5,4.0,0.4,False,2,2,0.9,0.1,27,10,0.7014925373134329,0.5747978436657682,0.3308035714285714,0.3125,0.35714285714285715,0.3333333333333333,0.20689273510748335
two_way,5.0,1.5,4.0,0.4,False,2,2,0.7,0.3,27,21,0.5373134328358209,0.4710242587601078,0.3438120161552217,0.18518518518518517,0.35714285714285715,0.24390243902439024,0.2682014160914588
two_way,5.0,1.5,4.0,0.4,False,2,2,0.9,0.3,27,21,0.5373134328358209,0.4710242587601078,0.2334945558377614,0.18518518518518517,0.35714285714285715,0.24390243902439024,0.36514707798118157
two_way,5.0,1.5,4.0,0.4,False,2,2,0.9,0.1,27,21,0.5373134328358209,0.4710242587601078,0.20330204100695903,0.18518518518518517,0.35714285714285715,0.24390243902439024,0.3805218928339952
positive_rescue,5.0,1.5,4.0,0.4,False,3,1,0.7,0.3,22,10,0.582089552238806,0.6570080862533693,0.5281208052977104,0.3055555555555556,0.7857142857142857,0.44,0.23915153565373015
positive_rescue,5.0,1.5,4.0,0.4,False,3,1,0.9,0.3,22,10,0.582089552238806,0.6570080862533693,0.24502409984075665,0.3055555555555556,0.7857142857142857,0.44,0.3194604077297837
positive_rescue,5.0,1.5,4.0,0.4,False,3,1,0.9,0.1,22,10,0.582089552238806,0.6570080862533693,0.24502409984075665,0.3055555555555556,0.7857142857142857,0.44,0.3194604077297837
negative_veto,5.0,1.5,4.0,0.4,False,3,1,0.7,0.3,22,14,0.7313432835820896,0.5673854447439353,0.37110223047723045,0.3333333333333333,0.2857142857142857,0.3076923076923077,0.1797376188372341
negative_veto,5.0,1.5,4.0,0.4,False,3,1,0.9,0.3,22,14,0.7313432835820896,0.5673854447439353,0.37110223047723045,0.3333333333333333,0.2857142857142857,0.3076923076923077,0.1797376188372341
negative_veto,5.0,1.5,4.0,0.4,False,3,1,0.9,0.1,22,14,0.7313432835820896,0.5673854447439353,0.31724837662337657,0.3333333333333333,0.2857142857142857,0.3076923076923077,0.19511243369004772
two_way,5.0,1.5,4.0,0.4,False,3,1,0.7,0.3,22,24,0.582089552238806,0.47304582210242585,0.3315423977880424,0.18181818181818182,0.2857142857142857,0.2222222222222222,0.24901731038273994
two_way,5.0,1.5,4.0,0.4,False,3,1,0.9,0.3,22,24,0.582089552238806,0.47304582210242585,0.2384688047144493,0.18181818181818182,0.2857142857142857,0.2222222222222222,0.32932618245879347
two_way,5.0,1.5,4.0,0.4,False,3,1,0.9,0.1,22,24,0.582089552238806,0.47304582210242585,0.20433500925304204,0.18181818181818182,0.2857142857142857,0.2222222222222222,0.3447009973116071
positive_rescue,5.0,1.5,4.0,0.4,False,3,2,0.7,0.3,22,10,0.582089552238806,0.6570080862533693,0.5281208052977104,0.3055555555555556,0.7857142857142857,0.44,0.23915153565373015
positive_rescue,5.0,1.5,4.0,0.4,False,3,2,0.9,0.3,22,10,0.582089552238806,0.6570080862533693,0.24502409984075665,0.3055555555555556,0.7857142857142857,0.44,0.3194604077297837
positive_rescue,5.0,1.5,4.0,0.4,False,3,2,0.9,0.1,22,10,0.582089552238806,0.6570080862533693,0.24502409984075665,0.3055555555555556,0.7857142857142857,0.44,0.3194604077297837
negative_veto,5.0,1.5,4.0,0.4,False,3,2,0.7,0.3,22,14,0.7313432835820896,0.5673854447439353,0.37110223047723045,0.3333333333333333,0.2857142857142857,0.3076923076923077,0.1797376188372341
negative_veto,5.0,1.5,4.0,0.4,False,3,2,0.9,0.3,22,14,0.7313432835820896,0.5673854447439353,0.37110223047723045,0.3333333333333333,0.2857142857142857,0.3076923076923077,0.1797376188372341
negative_veto,5.0,1.5,4.0,0.4,False,3,2,0.9,0.1,22,14,0.7313432835820896,0.5673854447439353,0.31724837662337657,0.3333333333333333,0.2857142857142857,0.3076923076923077,0.19511243369004772
two_way,5.0,1.5,4.0,0.4,False,3,2,0.7,0.3,22,24,0.582089552238806,0.47304582210242585,0.3315423977880424,0.18181818181818182,0.2857142857142857,0.2222222222222222,0.24901731038273994
two_way,5.0,1.5,4.0,0.4,False,3,2,0.9,0.3,22,24,0.582089552238806,0.47304582210242585,0.2384688047144493,0.18181818181818182,0.2857142857142857,0.2222222222222222,0.32932618245879347
two_way,5.0,1.5,4.0,0.4,False,3,2,0.9,0.1,22,24,0.582089552238806,0.47304582210242585,0.20433500925304204,0.18181818181818182,0.2857142857142857,0.2222222222222222,0.3447009973116071
positive_rescue,5.0,1.5,4.0,0.4,True,2,1,0.7,0.3,24,9,0.5970149253731343,0.6664420485175202,0.5287850208484294,0.3142857142857143,0.7857142857142857,0.4489795918367347,0.23444017223232053
positive_rescue,5.0,1.5,4.0,0.4,True,2,1,0.9,0.3,24,9,0.5970149253731343,0.6664420485175202,0.25265864722205583,0.3142857142857143,0.7857142857142857,0.4489795918367347,0.318854178190926
positive_rescue,5.0,1.5,4.0,0.4,True,2,1,0.9,0.1,24,9,0.5970149253731343,0.6664420485175202,0.25265864722205583,0.3142857142857143,0.7857142857142857,0.4489795918367347,0.318854178190926
negative_veto,5.0,1.5,4.0,0.4,True,2,1,0.7,0.3,24,11,0.7164179104477612,0.5842318059299192,0.4037759060080489,0.3333333333333333,0.35714285714285715,0.3448275862068966,0.1830898936312376
negative_veto,5.0,1.5,4.0,0.4,True,2,1,0.9,0.3,24,11,0.7164179104477612,0.5842318059299192,0.4037759060080489,0.3333333333333333,0.35714285714285715,0.3448275862068966,0.1830898936312376
negative_veto,5.0,1.5,4.0,0.4,True,2,1,0.9,0.1,24,11,0.7164179104477612,0.5842318059299192,0.35627125850340136,0.3333333333333333,0.35714285714285715,0.3448275862068966,0.19571866322890544
two_way,5.0,1.5,4.0,0.4,True,2,1,0.7,0.3,24,20,0.582089552238806,0.4993261455525606,0.37341175085077527,0.20833333333333334,0.35714285714285715,0.2631578947368421,0.2476582217553338
two_way,5.0,1.5,4.0,0.4,True,2,1,0.9,0.3,24,20,0.582089552238806,0.4993261455525606,0.24543556037458475,0.20833333333333334,0.35714285714285715,0.2631578947368421,0.3320722277139393
two_way,5.0,1.5,4.0,0.4,True,2,1,0.9,0.1,24,20,0.582089552238806,0.4993261455525606,0.2115692367741548,0.20833333333333334,0.35714285714285715,0.2631578947368421,0.3447009973116071
positive_rescue,5.0,1.5,4.0,0.4,True,2,2,0.7,0.3,23,8,0.6119402985074627,0.6758760107816711,0.5336282093482554,0.3235294117647059,0.7857142857142857,0.4583333333333333,0.22718476631779516
positive_rescue,5.0,1.5,4.0,0.4,True,2,2,0.9,0.3,23,8,0.6119402985074627,0.6758760107816711,0.2614644839547164,0.3235294117647059,0.7857142857142857,0.4583333333333333,0.30682265287341554
positive_rescue,5.0,1.5,4.0,0.4,True,2,2,0.9,0.1,23,8,0.6119402985074627,0.6758760107816711,0.2614644839547164,0.3235294117647059,0.7857142857142857,0.4583333333333333,0.30682265287341554
negative_veto,5.0,1.5,4.0,0.4,True,2,2,0.7,0.3,23,11,0.7164179104477612,0.5842318059299192,0.4037759060080489,0.3333333333333333,0.35714285714285715,0.3448275862068966,0.1830898936312376
negative_veto,5.0,1.5,4.0,0.4,True,2,2,0.9,0.3,23,11,0.7164179104477612,0.5842318059299192,0.4037759060080489,0.3333333333333333,0.35714285714285715,0.3448275862068966,0.1830898936312376
negative_veto,5.0,1.5,4.0,0.4,True,2,2,0.9,0.1,23,11,0.7164179104477612,0.5842318059299192,0.35627125850340136,0.3333333333333333,0.35714285714285715,0.3448275862068966,0.19571866322890544
two_way,5.0,1.5,4.0,0.4,True,2,2,0.7,0.3,23,19,0.5970149253731343,0.5087601078167115,0.3788034077436251,0.21739130434782608,0.35714285714285715,0.2702702702702703,0.24040281584080841
two_way,5.0,1.5,4.0,0.4,True,2,2,0.9,0.3,23,19,0.5970149253731343,0.5087601078167115,0.2527682110562545,0.21739130434782608,0.35714285714285715,0.2702702702702703,0.32004070239642884
two_way,5.0,1.5,4.0,0.4,True,2,2,0.9,0.1,23,19,0.5970149253731343,0.5087601078167115,0.21707427536231882,0.21739130434782608,0.35714285714285715,0.2702702702702703,0.33266947199409663
positive_rescue,5.0,1.5,4.0,0.4,True,3,1,0.7,0.3,20,9,0.5970149253731343,0.6664420485175202,0.5327164342626014,0.3142857142857143,0.7857142857142857,0.4489795918367347,0.2323453421029058
positive_rescue,5.0,1.5,4.0,0.4,True,3,1,0.9,0.3,20,9,0.5970149253731343,0.6664420485175202,0.25958444720204304,0.3142857142857143,0.7857142857142857,0.4489795918367347,0.3032500319296522
positive_rescue,5.0,1.5,4.0,0.4,True,3,1,0.9,0.1,20,9,0.5970149253731343,0.6664420485175202,0.25958444720204304,0.3142857142857143,0.7857142857142857,0.4489795918367347,0.3032500319296522
negative_veto,5.0,1.5,4.0,0.4,True,3,1,0.7,0.3,20,15,0.746268656716418,0.5768194070080863,0.3752147845897846,0.36363636363636365,0.2857142857142857,0.32,0.17361941302683973
negative_veto,5.0,1.5,4.0,0.4,True,3,1,0.9,0.3,20,15,0.746268656716418,0.5768194070080863,0.3752147845897846,0.36363636363636365,0.2857142857142857,0.32,0.17361941302683973
negative_veto,5.0,1.5,4.0,0.4,True,3,1,0.9,0.1,20,15,0.746268656716418,0.5768194070080863,0.32136093073593075,0.36363636363636365,0.2857142857142857,0.32,0.18744221247525386
two_way,5.0,1.5,4.0,0.4,True,3,1,0.7,0.3,20,24,0.6119402985074627,0.49191374663072773,0.33829270323172766,0.2,0.2857142857142857,0.23529411764705882,0.23609291102152125
two_way,5.0,1.5,4.0,0.4,True,3,1,0.9,0.3,20,24,0.6119402985074627,0.49191374663072773,0.24781651275553715,0.2,0.2857142857142857,0.23529411764705882,0.30699760084826766
two_way,5.0,1.5,4.0,0.4,True,3,1,0.9,0.1,20,24,0.6119402985074627,0.49191374663072773,0.20952981444784724,0.2,0.2857142857142857,0.23529411764705882,0.32082040029668174
positive_rescue,5.0,1.5,4.0,0.4,True,3,2,0.7,0.3,19,8,0.6119402985074627,0.6758760107816711,0.5378647928705531,0.3235294117647059,0.7857142857142857,0.4583333333333333,0.2250899361883804
positive_rescue,5.0,1.5,4.0,0.4,True,3,2,0.9,0.3,19,8,0.6119402985074627,0.6758760107816711,0.2696182448234168,0.3235294117647059,0.7857142857142857,0.4583333333333333,0.2912185066121417
positive_rescue,5.0,1.5,4.0,0.4,True,3,2,0.9,0.1,19,8,0.6119402985074627,0.6758760107816711,0.2696182448234168,0.3235294117647059,0.7857142857142857,0.4583333333333333,0.2912185066121417
negative_veto,5.0,1.5,4.0,0.4,True,3,2,0.7,0.3,19,15,0.746268656716418,0.5768194070080863,0.3752147845897846,0.36363636363636365,0.2857142857142857,0.32,0.17361941302683973
negative_veto,5.0,1.5,4.0,0.4,True,3,2,0.9,0.3,19,15,0.746268656716418,0.5768194070080863,0.3752147845897846,0.36363636363636365,0.2857142857142857,0.32,0.17361941302683973
negative_veto,5.0,1.5,4.0,0.4,True,3,2,0.9,0.1,19,15,0.746268656716418,0.5768194070080863,0.32136093073593075,0.36363636363636365,0.2857142857142857,0.32,0.18744221247525386
two_way,5.0,1.5,4.0,0.4,True,3,2,0.7,0.3,19,23,0.6268656716417911,0.5013477088948787,0.3443977866675235,0.21052631578947367,0.2857142857142857,0.24242424242424243,0.22883750510699585
two_way,5.0,1.5,4.0,0.4,True,3,2,0.9,0.3,19,23,0.6268656716417911,0.5013477088948787,0.25542535558982926,0.21052631578947367,0.2857142857142857,0.24242424242424243,0.2949660755307572
two_way,5.0,1.5,4.0,0.4,True,3,2,0.9,0.1,19,23,0.6268656716417911,0.5013477088948787,0.2150610902255639,0.21052631578947367,0.2857142857142857,0.24242424242424243,0.30878887497917124
positive_rescue,5.0,2.0,1.0,0.2,False,2,1,0.7,0.3,46,26,0.40298507462686567,0.5963611859838275,0.500170863276186,0.25,0.9285714285714286,0.3939393939393939,0.31969565287417884
positive_rescue,5.0,2.0,1.0,0.2,False,2,1,0.9,0.3,46,26,0.40298507462686567,0.5963611859838275,0.20917204006512546,0.25,0.9285714285714286,0.3939393939393939,0.48429748879164924
positive_rescue,5.0,2.0,1.0,0.2,False,2,1,0.9,0.1,46,26,0.40298507462686567,0.5963611859838275,0.20917204006512546,0.25,0.9285714285714286,0.3939393939393939,0.48429748879164924
negative_veto,5.0,2.0,1.0,0.2,False,2,1,0.7,0.3,46,6,0.7014925373134329,0.6273584905660378,0.4477526633776634,0.35,0.5,0.4117647058823529,0.1859486471998369
negative_veto,5.0,2.0,1.0,0.2,False,2,1,0.9,0.3,46,6,0.7014925373134329,0.6273584905660378,0.4477526633776634,0.35,0.5,0.4117647058823529,0.1859486471998369
negative_veto,5.0,2.0,1.0,0.2,False,2,1,0.9,0.1,46,6,0.7014925373134329,0.6273584905660378,0.4178784013605442,0.35,0.5,0.4117647058823529,0.19692353044182395
two_way,5.0,2.0,1.0,0.2,False,2,1,0.7,0.3,46,32,0.373134328358209,0.47237196765498657,0.38687060952138086,0.1956521739130435,0.6428571428571429,0.3,0.33577245596579136
two_way,5.0,2.0,1.0,0.2,False,2,1,0.9,0.3,46,32,0.373134328358209,0.47237196765498657,0.20943789730606,0.1956521739130435,0.6428571428571429,0.3,0.5003742918832619
two_way,5.0,2.0,1.0,0.2,False,2,1,0.9,0.1,46,32,0.373134328358209,0.47237196765498657,0.20269947443860487,0.1956521739130435,0.6428571428571429,0.3,0.5113491751252489
positive_rescue,5.0,2.0,1.0,0.2,False,2,2,0.7,0.3,46,26,0.40298507462686567,0.5963611859838275,0.500170863276186,0.25,0.9285714285714286,0.3939393939393939,0.31969565287417884
positive_rescue,5.0,2.0,1.0,0.2,False,2,2,0.9,0.3,46,26,0.40298507462686567,0.5963611859838275,0.20917204006512546,0.25,0.9285714285714286,0.3939393939393939,0.48429748879164924
positive_rescue,5.0,2.0,1.0,0.2,False,2,2,0.9,0.1,46,26,0.40298507462686567,0.5963611859838275,0.20917204006512546,0.25,0.9285714285714286,0.3939393939393939,0.48429748879164924
negative_veto,5.0,2.0,1.0,0.2,False,2,2,0.7,0.3,46,6,0.7014925373134329,0.6273584905660378,0.4477526633776634,0.35,0.5,0.4117647058823529,0.1859486471998369
negative_veto,5.0,2.0,1.0,0.2,False,2,2,0.9,0.3,46,6,0.7014925373134329,0.6273584905660378,0.4477526633776634,0.35,0.5,0.4117647058823529,0.1859486471998369
negative_veto,5.0,2.0,1.0,0.2,False,2,2,0.9,0.1,46,6,0.7014925373134329,0.6273584905660378,0.4178784013605442,0.35,0.5,0.4117647058823529,0.19692353044182395
two_way,5.0,2.0,1.0,0.2,False,2,2,0.7,0.3,46,32,0.373134328358209,0.47237196765498657,0.38687060952138086,0.1956521739130435,0.6428571428571429,0.3,0.33577245596579136
two_way,5.0,2.0,1.0,0.2,False,2,2,0.9,0.3,46,32,0.373134328358209,0.47237196765498657,0.20943789730606,0.1956521739130435,0.6428571428571429,0.3,0.5003742918832619
two_way,5.0,2.0,1.0,0.2,False,2,2,0.9,0.1,46,32,0.373134328358209,0.47237196765498657,0.20269947443860487,0.1956521739130435,0.6428571428571429,0.3,0.5113491751252489
positive_rescue,5.0,2.0,1.0,0.2,False,3,1,0.7,0.3,44,25,0.3880597014925373,0.5606469002695418,0.49284257983962476,0.23529411764705882,0.8571428571428571,0.36923076923076925,0.32901437682889484
positive_rescue,5.0,2.0,1.0,0.2,False,3,1,0.9,0.3,44,25,0.3880597014925373,0.5606469002695418,0.19794394845031021,0.23529411764705882,0.8571428571428571,0.36923076923076925,0.4900341231941266
positive_rescue,5.0,2.0,1.0,0.2,False,3,1,0.9,0.1,44,25,0.3880597014925373,0.5606469002695418,0.19794394845031021,0.23529411764705882,0.8571428571428571,0.36923076923076925,0.4900341231941266
negative_veto,5.0,2.0,1.0,0.2,False,3,1,0.7,0.3,44,7,0.7164179104477612,0.6367924528301887,0.4519571083135324,0.3684210526315789,0.5,0.42424242424242425,0.18203787149561498
negative_veto,5.0,2.0,1.0,0.2,False,3,1,0.9,0.3,44,7,0.7164179104477612,0.6367924528301887,0.4519571083135324,0.3684210526315789,0.5,0.42424242424242425,0.18203787149561498
negative_veto,5.0,2.0,1.0,0.2,False,3,1,0.9,0.1,44,7,0.7164179104477612,0.6367924528301887,0.4228387041951283,0.3684210526315789,0.5,0.42424242424242425,0.19181872488685578
two_way,5.0,2.0,1.0,0.2,False,3,1,0.7,0.3,44,32,0.373134328358209,0.4460916442048517,0.3791474463605611,0.18181818181818182,0.5714285714285714,0.27586206896551724,0.34118040421628554
two_way,5.0,2.0,1.0,0.2,False,3,1,0.9,0.3,44,32,0.373134328358209,0.4460916442048517,0.1977621649752797,0.18181818181818182,0.5714285714285714,0.27586206896551724,0.5022001505815172
two_way,5.0,2.0,1.0,0.2,False,3,1,0.9,0.1,44,32,0.373134328358209,0.4460916442048517,0.19159226190476192,0.18181818181818182,0.5714285714285714,0.27586206896551724,0.511981003972758
positive_rescue,5.0,2.0,1.0,0.2,False,3,2,0.7,0.3,44,25,0.3880597014925373,0.5606469002695418,0.49284257983962476,0.23529411764705882,0.8571428571428571,0.36923076923076925,0.32901437682889484
positive_rescue,5.0,2.0,1.0,0.2,False,3,2,0.9,0.3,44,25,0.3880597014925373,0.5606469002695418,0.19794394845031021,0.23529411764705882,0.8571428571428571,0.36923076923076925,0.4900341231941266
positive_rescue,5.0,2.0,1.0,0.2,False,3,2,0.9,0.1,44,25,0.3880597014925373,0.5606469002695418,0.19794394845031021,0.23529411764705882,0.8571428571428571,0.36923076923076925,0.4900341231941266
negative_veto,5.0,2.0,1.0,0.2,False,3,2,0.7,0.3,44,7,0.7164179104477612,0.6367924528301887,0.4519571083135324,0.3684210526315789,0.5,0.42424242424242425,0.18203787149561498
negative_veto,5.0,2.0,1.0,0.2,False,3,2,0.9,0.3,44,7,0.7164179104477612,0.6367924528301887,0.4519571083135324,0.3684210526315789,0.5,0.42424242424242425,0.18203787149561498
negative_veto,5.0,2.0,1.0,0.2,False,3,2,0.9,0.1,44,7,0.7164179104477612,0.6367924528301887,0.4228387041951283,0.3684210526315789,0.5,0.42424242424242425,0.19181872488685578
two_way,5.0,2.0,1.0,0.2,False,3,2,0.7,0.3,44,32,0.373134328358209,0.4460916442048517,0.3791474463605611,0.18181818181818182,0.5714285714285714,0.27586206896551724,0.34118040421628554
two_way,5.0,2.0,1.0,0.2,False,3,2,0.9,0.3,44,32,0.373134328358209,0.4460916442048517,0.1977621649752797,0.18181818181818182,0.5714285714285714,0.27586206896551724,0.5022001505815172
two_way,5.0,2.0,1.0,0.2,False,3,2,0.9,0.1,44,32,0.373134328358209,0.4460916442048517,0.19159226190476192,0.18181818181818182,0.5714285714285714,0.27586206896551724,0.511981003972758
positive_rescue,5.0,2.0,1.0,0.2,True,2,1,0.7,0.3,45,25,0.417910447761194,0.6057951482479784,0.5026408284659093,0.2549019607843137,0.9285714285714286,0.4,0.3134108872321992
positive_rescue,5.0,2.0,1.0,0.2,True,2,1,0.9,0.3,45,25,0.417910447761194,0.6057951482479784,0.21337430779658706,0.2549019607843137,0.9285714285714286,0.4,0.4732366037466846
positive_rescue,5.0,2.0,1.0,0.2,True,2,1,0.9,0.1,45,25,0.417910447761194,0.6057951482479784,0.21337430779658706,0.2549019607843137,0.9285714285714286,0.4,0.4732366037466846
negative_veto,5.0,2.0,1.0,0.2,True,2,1,0.7,0.3,45,6,0.7014925373134329,0.6273584905660378,0.4477526633776634,0.35,0.5,0.4117647058823529,0.1859486471998369
negative_veto,5.0,2.0,1.0,0.2,True,2,1,0.9,0.3,45,6,0.7014925373134329,0.6273584905660378,0.4477526633776634,0.35,0.5,0.4117647058823529,0.1859486471998369
negative_veto,5.0,2.0,1.0,0.2,True,2,1,0.9,0.1,45,6,0.7014925373134329,0.6273584905660378,0.4178784013605442,0.35,0.5,0.4117647058823529,0.19604411697932603
two_way,5.0,2.0,1.0,0.2,True,2,1,0.7,0.3,45,31,0.3880597014925373,0.4818059299191375,0.389674005803038,0.2,0.6428571428571429,0.3050847457627119,0.3294876903238117
two_way,5.0,2.0,1.0,0.2,True,2,1,0.9,0.3,45,31,0.3880597014925373,0.4818059299191375,0.21348352961256187,0.2,0.6428571428571429,0.3050847457627119,0.48931340683829716
two_way,5.0,2.0,1.0,0.2,True,2,1,0.9,0.1,45,31,0.3880597014925373,0.4818059299191375,0.20549450549450549,0.2,0.6428571428571429,0.3050847457627119,0.49940887661778627
positive_rescue,5.0,2.0,1.0,0.2,True,2,2,0.7,0.3,45,25,0.417910447761194,0.6057951482479784,0.5026408284659093,0.2549019607843137,0.9285714285714286,0.4,0.3134108872321992
positive_rescue,5.0,2.0,1.0,0.2,True,2,2,0.9,0.3,45,25,0.417910447761194,0.6057951482479784,0.21337430779658706,0.2549019607843137,0.9285714285714286,0.4,0.4732366037466846
positive_rescue,5.0,2.0,1.0,0.2,True,2,2,0.9,0.1,45,25,0.417910447761194,0.6057951482479784,0.21337430779658706,0.2549019607843137,0.9285714285714286,0.4,0.4732366037466846
negative_veto,5.0,2.0,1.0,0.2,True,2,2,0.7,0.3,45,6,0.7014925373134329,0.6273584905660378,0.4477526633776634,0.35,0.5,0.4117647058823529,0.1859486471998369
negative_veto,5.0,2.0,1.0,0.2,True,2,2,0.9,0.3,45,6,0.7014925373134329,0.6273584905660378,0.4477526633776634,0.35,0.5,0.4117647058823529,0.1859486471998369
negative_veto,5.0,2.0,1.0,0.2,True,2,2,0.9,0.1,45,6,0.7014925373134329,0.6273584905660378,0.4178784013605442,0.35,0.5,0.4117647058823529,0.19604411697932603
two_way,5.0,2.0,1.0,0.2,True,2,2,0.7,0.3,45,31,0.3880597014925373,0.4818059299191375,0.389674005803038,0.2,0.6428571428571429,0.3050847457627119,0.3294876903238117
two_way,5.0,2.0,1.0,0.2,True,2,2,0.9,0.3,45,31,0.3880597014925373,0.4818059299191375,0.21348352961256187,0.2,0.6428571428571429,0.3050847457627119,0.48931340683829716
two_way,5.0,2.0,1.0,0.2,True,2,2,0.9,0.1,45,31,0.3880597014925373,0.4818059299191375,0.20549450549450549,0.2,0.6428571428571429,0.3050847457627119,0.49940887661778627
positive_rescue,5.0,2.0,1.0,0.2,True,3,1,0.7,0.3,43,24,0.40298507462686567,0.5700808625336927,0.49493611643050894,0.24,0.8571428571428571,0.375,0.32272961118691523
positive_rescue,5.0,2.0,1.0,0.2,True,3,1,0.9,0.3,43,24,0.40298507462686567,0.5700808625336927,0.2017431521411991,0.24,0.8571428571428571,0.375,0.4789732381491618
positive_rescue,5.0,2.0,1.0,0.2,True,3,1,0.9,0.1,43,24,0.40298507462686567,0.5700808625336927,0.2017431521411991,0.24,0.8571428571428571,0.375,0.4789732381491618
negative_veto,5.0,2.0,1.0,0.2,True,3,1,0.7,0.3,43,7,0.7164179104477612,0.6367924528301887,0.4519571083135324,0.3684210526315789,0.5,0.42424242424242425,0.18203787149561498
negative_veto,5.0,2.0,1.0,0.2,True,3,1,0.9,0.3,43,7,0.7164179104477612,0.6367924528301887,0.4519571083135324,0.3684210526315789,0.5,0.42424242424242425,0.18203787149561498
negative_veto,5.0,2.0,1.0,0.2,True,3,1,0.9,0.1,43,7,0.7164179104477612,0.6367924528301887,0.42283870419512826,0.3684210526315789,0.5,0.42424242424242425,0.19093931142435785
two_way,5.0,2.0,1.0,0.2,True,3,1,0.7,0.3,43,31,0.3880597014925373,0.45552560646900264,0.38155350405402555,0.18604651162790697,0.5714285714285714,0.2807017543859649,0.3348956385743059
two_way,5.0,2.0,1.0,0.2,True,3,1,0.9,0.3,43,31,0.3880597014925373,0.45552560646900264,0.20137631690009422,0.18604651162790697,0.5714285714285714,0.2807017543859649,0.49113926553655257
two_way,5.0,2.0,1.0,0.2,True,3,1,0.9,0.1,43,31,0.3880597014925373,0.45552560646900264,0.194008450367462,0.18604651162790697,0.5714285714285714,0.2807017543859649,0.5000407054652953
positive_rescue,5.0,2.0,1.0,0.2,True,3,2,0.7,0.3,43,24,0.40298507462686567,0.5700808625336927,0.49493611643050894,0.24,0.8571428571428571,0.375,0.32272961118691523
positive_rescue,5.0,2.0,1.0,0.2,True,3,2,0.9,0.3,43,24,0.40298507462686567,0.5700808625336927,0.2017431521411991,0.24,0.8571428571428571,0.375,0.4789732381491618
positive_rescue,5.0,2.0,1.0,0.2,True,3,2,0.9,0.1,43,24,0.40298507462686567,0.5700808625336927,0.2017431521411991,0.24,0.8571428571428571,0.375,0.4789732381491618
negative_veto,5.0,2.0,1.0,0.2,True,3,2,0.7,0.3,43,7,0.7164179104477612,0.6367924528301887,0.4519571083135324,0.3684210526315789,0.5,0.42424242424242425,0.18203787149561498
negative_veto,5.0,2.0,1.0,0.2,True,3,2,0.9,0.3,43,7,0.7164179104477612,0.6367924528301887,0.4519571083135324,0.3684210526315789,0.5,0.42424242424242425,0.18203787149561498
negative_veto,5.0,2.0,1.0,0.2,True,3,2,0.9,0.1,43,7,0.7164179104477612,0.6367924528301887,0.42283870419512826,0.3684210526315789,0.5,0.42424242424242425,0.19093931142435785
two_way,5.0,2.0,1.0,0.2,True,3,2,0.7,0.3,43,31,0.3880597014925373,0.45552560646900264,0.38155350405402555,0.18604651162790697,0.5714285714285714,0.2807017543859649,0.3348956385743059
two_way,5.0,2.0,1.0,0.2,True,3,2,0.9,0.3,43,31,0.3880597014925373,0.45552560646900264,0.20137631690009422,0.18604651162790697,0.5714285714285714,0.2807017543859649,0.49113926553655257
two_way,5.0,2.0,1.0,0.2,True,3,2,0.9,0.1,43,31,0.3880597014925373,0.45552560646900264,0.194008450367462,0.18604651162790697,0.5714285714285714,0.2807017543859649,0.5000407054652953
positive_rescue,5.0,2.0,1.0,0.4,False,2,1,0.7,0.3,46,26,0.40298507462686567,0.5963611859838275,0.500170863276186,0.25,0.9285714285714286,0.3939393939393939,0.31969565287417884
positive_rescue,5.0,2.0,1.0,0.4,False,2,1,0.9,0.3,46,26,0.40298507462686567,0.5963611859838275,0.20917204006512546,0.25,0.9285714285714286,0.3939393939393939,0.48429748879164924
positive_rescue,5.0,2.0,1.0,0.4,False,2,1,0.9,0.1,46,26,0.40298507462686567,0.5963611859838275,0.20917204006512546,0.25,0.9285714285714286,0.3939393939393939,0.48429748879164924
negative_veto,5.0,2.0,1.0,0.4,False,2,1,0.7,0.3,46,6,0.7014925373134329,0.6273584905660378,0.4477526633776634,0.35,0.5,0.4117647058823529,0.1859486471998369
negative_veto,5.0,2.0,1.0,0.4,False,2,1,0.9,0.3,46,6,0.7014925373134329,0.6273584905660378,0.4477526633776634,0.35,0.5,0.4117647058823529,0.1859486471998369
negative_veto,5.0,2.0,1.0,0.4,False,2,1,0.9,0.1,46,6,0.7014925373134329,0.6273584905660378,0.4178784013605442,0.35,0.5,0.4117647058823529,0.19692353044182395
two_way,5.0,2.0,1.0,0.4,False,2,1,0.7,0.3,46,32,0.373134328358209,0.47237196765498657,0.38687060952138086,0.1956521739130435,0.6428571428571429,0.3,0.33577245596579136
two_way,5.0,2.0,1.0,0.4,False,2,1,0.9,0.3,46,32,0.373134328358209,0.47237196765498657,0.20943789730606,0.1956521739130435,0.6428571428571429,0.3,0.5003742918832619
two_way,5.0,2.0,1.0,0.4,False,2,1,0.9,0.1,46,32,0.373134328358209,0.47237196765498657,0.20269947443860487,0.1956521739130435,0.6428571428571429,0.3,0.5113491751252489
positive_rescue,5.0,2.0,1.0,0.4,False,2,2,0.7,0.3,46,26,0.40298507462686567,0.5963611859838275,0.500170863276186,0.25,0.9285714285714286,0.3939393939393939,0.31969565287417884
positive_rescue,5.0,2.0,1.0,0.4,False,2,2,0.9,0.3,46,26,0.40298507462686567,0.5963611859838275,0.20917204006512546,0.25,0.9285714285714286,0.3939393939393939,0.48429748879164924
positive_rescue,5.0,2.0,1.0,0.4,False,2,2,0.9,0.1,46,26,0.40298507462686567,0.5963611859838275,0.20917204006512546,0.25,0.9285714285714286,0.3939393939393939,0.48429748879164924
negative_veto,5.0,2.0,1.0,0.4,False,2,2,0.7,0.3,46,6,0.7014925373134329,0.6273584905660378,0.4477526633776634,0.35,0.5,0.4117647058823529,0.1859486471998369
negative_veto,5.0,2.0,1.0,0.4,False,2,2,0.9,0.3,46,6,0.7014925373134329,0.6273584905660378,0.4477526633776634,0.35,0.5,0.4117647058823529,0.1859486471998369
negative_veto,5.0,2.0,1.0,0.4,False,2,2,0.9,0.1,46,6,0.7014925373134329,0.6273584905660378,0.4178784013605442,0.35,0.5,0.4117647058823529,0.19692353044182395
two_way,5.0,2.0,1.0,0.4,False,2,2,0.7,0.3,46,32,0.373134328358209,0.47237196765498657,0.38687060952138086,0.1956521739130435,0.6428571428571429,0.3,0.33577245596579136
two_way,5.0,2.0,1.0,0.4,False,2,2,0.9,0.3,46,32,0.373134328358209,0.47237196765498657,0.20943789730606,0.1956521739130435,0.6428571428571429,0.3,0.5003742918832619
two_way,5.0,2.0,1.0,0.4,False,2,2,0.9,0.1,46,32,0.373134328358209,0.47237196765498657,0.20269947443860487,0.1956521739130435,0.6428571428571429,0.3,0.5113491751252489
positive_rescue,5.0,2.0,1.0,0.4,False,3,1,0.7,0.3,44,25,0.3880597014925373,0.5606469002695418,0.49284257983962476,0.23529411764705882,0.8571428571428571,0.36923076923076925,0.32901437682889484
positive_rescue,5.0,2.0,1.0,0.4,False,3,1,0.9,0.3,44,25,0.3880597014925373,0.5606469002695418,0.19794394845031021,0.23529411764705882,0.8571428571428571,0.36923076923076925,0.4900341231941266
positive_rescue,5.0,2.0,1.0,0.4,False,3,1,0.9,0.1,44,25,0.3880597014925373,0.5606469002695418,0.19794394845031021,0.23529411764705882,0.8571428571428571,0.36923076923076925,0.4900341231941266
negative_veto,5.0,2.0,1.0,0.4,False,3,1,0.7,0.3,44,7,0.7164179104477612,0.6367924528301887,0.4519571083135324,0.3684210526315789,0.5,0.42424242424242425,0.18203787149561498
negative_veto,5.0,2.0,1.0,0.4,False,3,1,0.9,0.3,44,7,0.7164179104477612,0.6367924528301887,0.4519571083135324,0.3684210526315789,0.5,0.42424242424242425,0.18203787149561498
negative_veto,5.0,2.0,1.0,0.4,False,3,1,0.9,0.1,44,7,0.7164179104477612,0.6367924528301887,0.4228387041951283,0.3684210526315789,0.5,0.42424242424242425,0.19181872488685578
two_way,5.0,2.0,1.0,0.4,False,3,1,0.7,0.3,44,32,0.373134328358209,0.4460916442048517,0.3791474463605611,0.18181818181818182,0.5714285714285714,0.27586206896551724,0.34118040421628554
two_way,5.0,2.0,1.0,0.4,False,3,1,0.9,0.3,44,32,0.373134328358209,0.4460916442048517,0.1977621649752797,0.18181818181818182,0.5714285714285714,0.27586206896551724,0.5022001505815172
two_way,5.0,2.0,1.0,0.4,False,3,1,0.9,0.1,44,32,0.373134328358209,0.4460916442048517,0.19159226190476192,0.18181818181818182,0.5714285714285714,0.27586206896551724,0.511981003972758
positive_rescue,5.0,2.0,1.0,0.4,False,3,2,0.7,0.3,44,25,0.3880597014925373,0.5606469002695418,0.49284257983962476,0.23529411764705882,0.8571428571428571,0.36923076923076925,0.32901437682889484
positive_rescue,5.0,2.0,1.0,0.4,False,3,2,0.9,0.3,44,25,0.3880597014925373,0.5606469002695418,0.19794394845031021,0.23529411764705882,0.8571428571428571,0.36923076923076925,0.4900341231941266
positive_rescue,5.0,2.0,1.0,0.4,False,3,2,0.9,0.1,44,25,0.3880597014925373,0.5606469002695418,0.19794394845031021,0.23529411764705882,0.8571428571428571,0.36923076923076925,0.4900341231941266
negative_veto,5.0,2.0,1.0,0.4,False,3,2,0.7,0.3,44,7,0.7164179104477612,0.6367924528301887,0.4519571083135324,0.3684210526315789,0.5,0.42424242424242425,0.18203787149561498
negative_veto,5.0,2.0,1.0,0.4,False,3,2,0.9,0.3,44,7,0.7164179104477612,0.6367924528301887,0.4519571083135324,0.3684210526315789,0.5,0.42424242424242425,0.18203787149561498
negative_veto,5.0,2.0,1.0,0.4,False,3,2,0.9,0.1,44,7,0.7164179104477612,0.6367924528301887,0.4228387041951283,0.3684210526315789,0.5,0.42424242424242425,0.19181872488685578
two_way,5.0,2.0,1.0,0.4,False,3,2,0.7,0.3,44,32,0.373134328358209,0.4460916442048517,0.3791474463605611,0.18181818181818182,0.5714285714285714,0.27586206896551724,0.34118040421628554
two_way,5.0,2.0,1.0,0.4,False,3,2,0.9,0.3,44,32,0.373134328358209,0.4460916442048517,0.1977621649752797,0.18181818181818182,0.5714285714285714,0.27586206896551724,0.5022001505815172
two_way,5.0,2.0,1.0,0.4,False,3,2,0.9,0.1,44,32,0.373134328358209,0.4460916442048517,0.19159226190476192,0.18181818181818182,0.5714285714285714,0.27586206896551724,0.511981003972758
positive_rescue,5.0,2.0,1.0,0.4,True,2,1,0.7,0.3,45,25,0.417910447761194,0.6057951482479784,0.5026408284659093,0.2549019607843137,0.9285714285714286,0.4,0.3134108872321992
positive_rescue,5.0,2.0,1.0,0.4,True,2,1,0.9,0.3,45,25,0.417910447761194,0.6057951482479784,0.21337430779658706,0.2549019607843137,0.9285714285714286,0.4,0.4732366037466846
positive_rescue,5.0,2.0,1.0,0.4,True,2,1,0.9,0.1,45,25,0.417910447761194,0.6057951482479784,0.21337430779658706,0.2549019607843137,0.9285714285714286,0.4,0.4732366037466846
negative_veto,5.0,2.0,1.0,0.4,True,2,1,0.7,0.3,45,6,0.7014925373134329,0.6273584905660378,0.4477526633776634,0.35,0.5,0.4117647058823529,0.1859486471998369
negative_veto,5.0,2.0,1.0,0.4,True,2,1,0.9,0.3,45,6,0.7014925373134329,0.6273584905660378,0.4477526633776634,0.35,0.5,0.4117647058823529,0.1859486471998369
negative_veto,5.0,2.0,1.0,0.4,True,2,1,0.9,0.1,45,6,0.7014925373134329,0.6273584905660378,0.4178784013605442,0.35,0.5,0.4117647058823529,0.19604411697932603
two_way,5.0,2.0,1.0,0.4,True,2,1,0.7,0.3,45,31,0.3880597014925373,0.4818059299191375,0.389674005803038,0.2,0.6428571428571429,0.3050847457627119,0.3294876903238117
two_way,5.0,2.0,1.0,0.4,True,2,1,0.9,0.3,45,31,0.3880597014925373,0.4818059299191375,0.21348352961256187,0.2,0.6428571428571429,0.3050847457627119,0.48931340683829716
two_way,5.0,2.0,1.0,0.4,True,2,1,0.9,0.1,45,31,0.3880597014925373,0.4818059299191375,0.20549450549450549,0.2,0.6428571428571429,0.3050847457627119,0.49940887661778627
positive_rescue,5.0,2.0,1.0,0.4,True,2,2,0.7,0.3,45,25,0.417910447761194,0.6057951482479784,0.5026408284659093,0.2549019607843137,0.9285714285714286,0.4,0.3134108872321992
positive_rescue,5.0,2.0,1.0,0.4,True,2,2,0.9,0.3,45,25,0.417910447761194,0.6057951482479784,0.21337430779658706,0.2549019607843137,0.9285714285714286,0.4,0.4732366037466846
positive_rescue,5.0,2.0,1.0,0.4,True,2,2,0.9,0.1,45,25,0.417910447761194,0.6057951482479784,0.21337430779658706,0.2549019607843137,0.9285714285714286,0.4,0.4732366037466846
negative_veto,5.0,2.0,1.0,0.4,True,2,2,0.7,0.3,45,6,0.7014925373134329,0.6273584905660378,0.4477526633776634,0.35,0.5,0.4117647058823529,0.1859486471998369
negative_veto,5.0,2.0,1.0,0.4,True,2,2,0.9,0.3,45,6,0.7014925373134329,0.6273584905660378,0.4477526633776634,0.35,0.5,0.4117647058823529,0.1859486471998369
negative_veto,5.0,2.0,1.0,0.4,True,2,2,0.9,0.1,45,6,0.7014925373134329,0.6273584905660378,0.4178784013605442,0.35,0.5,0.4117647058823529,0.19604411697932603
two_way,5.0,2.0,1.0,0.4,True,2,2,0.7,0.3,45,31,0.3880597014925373,0.4818059299191375,0.389674005803038,0.2,0.6428571428571429,0.3050847457627119,0.3294876903238117
two_way,5.0,2.0,1.0,0.4,True,2,2,0.9,0.3,45,31,0.3880597014925373,0.4818059299191375,0.21348352961256187,0.2,0.6428571428571429,0.3050847457627119,0.48931340683829716
two_way,5.0,2.0,1.0,0.4,True,2,2,0.9,0.1,45,31,0.3880597014925373,0.4818059299191375,0.20549450549450549,0.2,0.6428571428571429,0.3050847457627119,0.49940887661778627
positive_rescue,5.0,2.0,1.0,0.4,True,3,1,0.7,0.3,43,24,0.40298507462686567,0.5700808625336927,0.49493611643050894,0.24,0.8571428571428571,0.375,0.32272961118691523
positive_rescue,5.0,2.0,1.0,0.4,True,3,1,0.9,0.3,43,24,0.40298507462686567,0.5700808625336927,0.2017431521411991,0.24,0.8571428571428571,0.375,0.4789732381491618
positive_rescue,5.0,2.0,1.0,0.4,True,3,1,0.9,0.1,43,24,0.40298507462686567,0.5700808625336927,0.2017431521411991,0.24,0.8571428571428571,0.375,0.4789732381491618
negative_veto,5.0,2.0,1.0,0.4,True,3,1,0.7,0.3,43,7,0.7164179104477612,0.6367924528301887,0.4519571083135324,0.3684210526315789,0.5,0.42424242424242425,0.18203787149561498
negative_veto,5.0,2.0,1.0,0.4,True,3,1,0.9,0.3,43,7,0.7164179104477612,0.6367924528301887,0.4519571083135324,0.3684210526315789,0.5,0.42424242424242425,0.18203787149561498
negative_veto,5.0,2.0,1.0,0.4,True,3,1,0.9,0.1,43,7,0.7164179104477612,0.6367924528301887,0.42283870419512826,0.3684210526315789,0.5,0.42424242424242425,0.19093931142435785
two_way,5.0,2.0,1.0,0.4,True,3,1,0.7,0.3,43,31,0.3880597014925373,0.45552560646900264,0.38155350405402555,0.18604651162790697,0.5714285714285714,0.2807017543859649,0.3348956385743059
two_way,5.0,2.0,1.0,0.4,True,3,1,0.9,0.3,43,31,0.3880597014925373,0.45552560646900264,0.20137631690009422,0.18604651162790697,0.5714285714285714,0.2807017543859649,0.49113926553655257
two_way,5.0,2.0,1.0,0.4,True,3,1,0.9,0.1,43,31,0.3880597014925373,0.45552560646900264,0.194008450367462,0.18604651162790697,0.5714285714285714,0.2807017543859649,0.5000407054652953
positive_rescue,5.0,2.0,1.0,0.4,True,3,2,0.7,0.3,43,24,0.40298507462686567,0.5700808625336927,0.49493611643050894,0.24,0.8571428571428571,0.375,0.32272961118691523
positive_rescue,5.0,2.0,1.0,0.4,True,3,2,0.9,0.3,43,24,0.40298507462686567,0.5700808625336927,0.2017431521411991,0.24,0.8571428571428571,0.375,0.4789732381491618
positive_rescue,5.0,2.0,1.0,0.4,True,3,2,0.9,0.1,43,24,0.40298507462686567,0.5700808625336927,0.2017431521411991,0.24,0.8571428571428571,0.375,0.4789732381491618
negative_veto,5.0,2.0,1.0,0.4,True,3,2,0.7,0.3,43,7,0.7164179104477612,0.6367924528301887,0.4519571083135324,0.3684210526315789,0.5,0.42424242424242425,0.18203787149561498
negative_veto,5.0,2.0,1.0,0.4,True,3,2,0.9,0.3,43,7,0.7164179104477612,0.6367924528301887,0.4519571083135324,0.3684210526315789,0.5,0.42424242424242425,0.18203787149561498
negative_veto,5.0,2.0,1.0,0.4,True,3,2,0.9,0.1,43,7,0.7164179104477612,0.6367924528301887,0.42283870419512826,0.3684210526315789,0.5,0.42424242424242425,0.19093931142435785
two_way,5.0,2.0,1.0,0.4,True,3,2,0.7,0.3,43,31,0.3880597014925373,0.45552560646900264,0.38155350405402555,0.18604651162790697,0.5714285714285714,0.2807017543859649,0.3348956385743059
two_way,5.0,2.0,1.0,0.4,True,3,2,0.9,0.3,43,31,0.3880597014925373,0.45552560646900264,0.20137631690009422,0.18604651162790697,0.5714285714285714,0.2807017543859649,0.49113926553655257
two_way,5.0,2.0,1.0,0.4,True,3,2,0.9,0.1,43,31,0.3880597014925373,0.45552560646900264,0.194008450367462,0.18604651162790697,0.5714285714285714,0.2807017543859649,0.5000407054652953
positive_rescue,5.0,2.0,2.0,0.2,False,2,1,0.7,0.3,43,24,0.40298507462686567,0.5700808625336927,0.4953005479173894,0.24,0.8571428571428571,0.375,0.3200690635248036
positive_rescue,5.0,2.0,2.0,0.2,False,2,1,0.9,0.3,43,24,0.40298507462686567,0.5700808625336927,0.20210758362807957,0.24,0.8571428571428571,0.375,0.47631269048705016
positive_rescue,5.0,2.0,2.0,0.2,False,2,1,0.9,0.1,43,24,0.40298507462686567,0.5700808625336927,0.20210758362807957,0.24,0.8571428571428571,0.375,0.47631269048705016
negative_veto,5.0,2.0,2.0,0.2,False,2,1,0.7,0.3,43,7,0.7164179104477612,0.6367924528301887,0.44906845285134755,0.3684210526315789,0.5,0.42424242424242425,0.1846984191577266
negative_veto,5.0,2.0,2.0,0.2,False,2,1,0.9,0.3,43,7,0.7164179104477612,0.6367924528301887,0.44906845285134755,0.3684210526315789,0.5,0.42424242424242425,0.1846984191577266
negative_veto,5.0,2.0,2.0,0.2,False,2,1,0.9,0.1,43,7,0.7164179104477612,0.6367924528301887,0.4199500487329434,0.3684210526315789,0.5,0.42424242424242425,0.19359985908646943
two_way,5.0,2.0,2.0,0.2,False,2,1,0.7,0.3,43,31,0.3880597014925373,0.45552560646900264,0.38155350405402555,0.18604651162790697,0.5714285714285714,0.2807017543859649,0.3348956385743059
two_way,5.0,2.0,2.0,0.2,False,2,1,0.9,0.3,43,31,0.3880597014925373,0.45552560646900264,0.20137631690009422,0.18604651162790697,0.5714285714285714,0.2807017543859649,0.49113926553655257
two_way,5.0,2.0,2.0,0.2,False,2,1,0.9,0.1,43,31,0.3880597014925373,0.45552560646900264,0.194008450367462,0.18604651162790697,0.5714285714285714,0.2807017543859649,0.5000407054652953
positive_rescue,5.0,2.0,2.0,0.2,False,2,2,0.7,0.3,42,23,0.417910447761194,0.5795148247978437,0.4975030606888198,0.24489795918367346,0.8571428571428571,0.38095238095238093,0.31390630499082867
positive_rescue,5.0,2.0,2.0,0.2,False,2,2,0.9,0.3,42,23,0.417910447761194,0.5795148247978437,0.2060988668759881,0.24489795918367346,0.8571428571428571,0.38095238095238093,0.4653738125500902
positive_rescue,5.0,2.0,2.0,0.2,False,2,2,0.9,0.1,42,23,0.417910447761194,0.5795148247978437,0.2060988668759881,0.24489795918367346,0.8571428571428571,0.38095238095238093,0.4653738125500902
negative_veto,5.0,2.0,2.0,0.2,False,2,2,0.7,0.3,42,7,0.7164179104477612,0.6367924528301887,0.44906845285134755,0.3684210526315789,0.5,0.42424242424242425,0.1846984191577266
negative_veto,5.0,2.0,2.0,0.2,False,2,2,0.9,0.3,42,7,0.7164179104477612,0.6367924528301887,0.44906845285134755,0.3684210526315789,0.5,0.42424242424242425,0.1846984191577266
negative_veto,5.0,2.0,2.0,0.2,False,2,2,0.9,0.1,42,7,0.7164179104477612,0.6367924528301887,0.4199500487329434,0.3684210526315789,0.5,0.42424242424242425,0.19259843851596675
two_way,5.0,2.0,2.0,0.2,False,2,2,0.7,0.3,42,30,0.40298507462686567,0.4649595687331536,0.3840631655619946,0.19047619047619047,0.5714285714285714,0.2857142857142857,0.32873288004033097
two_way,5.0,2.0,2.0,0.2,False,2,2,0.9,0.3,42,30,0.40298507462686567,0.4649595687331536,0.20515160093614426,0.19047619047619047,0.5714285714285714,0.2857142857142857,0.4802003875995924
two_way,5.0,2.0,2.0,0.2,False,2,2,0.9,0.1,42,30,0.40298507462686567,0.4649595687331536,0.19653969542362398,0.19047619047619047,0.5714285714285714,0.2857142857142857,0.4881004069578326
positive_rescue,5.0,2.0,2.0,0.2,False,3,1,0.7,0.3,41,23,0.417910447761194,0.5795148247978437,0.4994100038748327,0.24489795918367346,0.8571428571428571,0.38095238095238093,0.31184693144131925
positive_rescue,5.0,2.0,2.0,0.2,False,3,1,0.9,0.3,41,23,0.417910447761194,0.5795148247978437,0.20988389848088848,0.24489795918367346,0.8571428571428571,0.38095238095238093,0.45853831959759567
positive_rescue,5.0,2.0,2.0,0.2,False,3,1,0.9,0.1,41,23,0.417910447761194,0.5795148247978437,0.20988389848088848,0.24489795918367346,0.8571428571428571,0.38095238095238093,0.45853831959759567
negative_veto,5.0,2.0,2.0,0.2,False,3,1,0.7,0.3,41,8,0.7313432835820896,0.6462264150943396,0.453419096617626,0.3888888888888889,0.5,0.4375,0.18078764345350468
negative_veto,5.0,2.0,2.0,0.2,False,3,1,0.9,0.3,41,8,0.7313432835820896,0.6462264150943396,0.453419096617626,0.3888888888888889,0.5,0.4375,0.18078764345350468
negative_veto,5.0,2.0,2.0,0.2,False,3,1,0.9,0.1,41,8,0.7313432835820896,0.6462264150943396,0.4251146933132227,0.3888888888888889,0.5,0.4375,0.1874936329609986
two_way,5.0,2.0,2.0,0.2,False,3,1,0.7,0.3,41,31,0.417910447761194,0.4743935309973046,0.3853905257743723,0.1951219512195122,0.5714285714285714,0.2909090909090909,0.3227627307865996
two_way,5.0,2.0,2.0,0.2,False,3,1,0.9,0.3,41,31,0.417910447761194,0.4743935309973046,0.20780632136089955,0.1951219512195122,0.5714285714285714,0.2909090909090909,0.46945411894287603
two_way,5.0,2.0,2.0,0.2,False,3,1,0.9,0.1,41,31,0.417910447761194,0.4743935309973046,0.19919441584837927,0.1951219512195122,0.5714285714285714,0.2909090909090909,0.47616010845036993
positive_rescue,5.0,2.0,2.0,0.2,False,3,2,0.7,0.3,41,23,0.417910447761194,0.5795148247978437,0.4994100038748327,0.24489795918367346,0.8571428571428571,0.38095238095238093,0.31184693144131925
positive_rescue,5.0,2.0,2.0,0.2,False,3,2,0.9,0.3,41,23,0.417910447761194,0.5795148247978437,0.20988389848088848,0.24489795918367346,0.8571428571428571,0.38095238095238093,0.45853831959759567
positive_rescue,5.0,2.0,2.0,0.2,False,3,2,0.9,0.1,41,23,0.417910447761194,0.5795148247978437,0.20988389848088848,0.24489795918367346,0.8571428571428571,0.38095238095238093,0.45853831959759567
negative_veto,5.0,2.0,2.0,0.2,False,3,2,0.7,0.3,41,8,0.7313432835820896,0.6462264150943396,0.453419096617626,0.3888888888888889,0.5,0.4375,0.18078764345350468
negative_veto,5.0,2.0,2.0,0.2,False,3,2,0.9,0.3,41,8,0.7313432835820896,0.6462264150943396,0.453419096617626,0.3888888888888889,0.5,0.4375,0.18078764345350468
negative_veto,5.0,2.0,2.0,0.2,False,3,2,0.9,0.1,41,8,0.7313432835820896,0.6462264150943396,0.4251146933132227,0.3888888888888889,0.5,0.4375,0.1874936329609986
two_way,5.0,2.0,2.0,0.2,False,3,2,0.7,0.3,41,31,0.417910447761194,0.4743935309973046,0.3853905257743723,0.1951219512195122,0.5714285714285714,0.2909090909090909,0.3227627307865996
two_way,5.0,2.0,2.0,0.2,False,3,2,0.9,0.3,41,31,0.417910447761194,0.4743935309973046,0.20780632136089955,0.1951219512195122,0.5714285714285714,0.2909090909090909,0.46945411894287603
two_way,5.0,2.0,2.0,0.2,False,3,2,0.9,0.1,41,31,0.417910447761194,0.4743935309973046,0.19919441584837927,0.1951219512195122,0.5714285714285714,0.2909090909090909,0.47616010845036993
positive_rescue,5.0,2.0,2.0,0.2,True,2,1,0.7,0.3,38,20,0.4626865671641791,0.6078167115902965,0.5071971582424543,0.2608695652173913,0.8571428571428571,0.4,0.29096720228060596
positive_rescue,5.0,2.0,2.0,0.2,True,2,1,0.9,0.3,38,20,0.4626865671641791,0.6078167115902965,0.22391339939478577,0.2608695652173913,0.8571428571428571,0.4,0.4233302322279272
positive_rescue,5.0,2.0,2.0,0.2,True,2,1,0.9,0.1,38,20,0.4626865671641791,0.6078167115902965,0.22391339939478577,0.2608695652173913,0.8571428571428571,0.4,0.4233302322279272
negative_veto,5.0,2.0,2.0,0.2,True,2,1,0.7,0.3,38,8,0.7313432835820896,0.6462264150943396,0.453419096617626,0.3888888888888889,0.5,0.4375,0.18169787297849951
negative_veto,5.0,2.0,2.0,0.2,True,2,1,0.9,0.3,38,8,0.7313432835820896,0.6462264150943396,0.453419096617626,0.3888888888888889,0.5,0.4375,0.18169787297849951
negative_veto,5.0,2.0,2.0,0.2,True,2,1,0.9,0.1,38,8,0.7313432835820896,0.6462264150943396,0.4251146933132227,0.3888888888888889,0.5,0.4375,0.18688082480827903
two_way,5.0,2.0,2.0,0.2,True,2,1,0.7,0.3,38,28,0.4626865671641791,0.5026954177897573,0.39408226038193805,0.21052631578947367,0.5714285714285714,0.3076923076923077,0.3027932311508812
two_way,5.0,2.0,2.0,0.2,True,2,1,0.9,0.3,38,28,0.4626865671641791,0.5026954177897573,0.22089930298845445,0.21052631578947367,0.5714285714285714,0.3076923076923077,0.4351562610982024
two_way,5.0,2.0,2.0,0.2,True,2,1,0.9,0.1,38,28,0.4626865671641791,0.5026954177897573,0.20799690988835726,0.21052631578947367,0.5714285714285714,0.3076923076923077,0.44033921292798184
positive_rescue,5.0,2.0,2.0,0.2,True,2,2,0.7,0.3,38,20,0.4626865671641791,0.6078167115902965,0.5071971582424543,0.2608695652173913,0.8571428571428571,0.4,0.29096720228060596
positive_rescue,5.0,2.0,2.0,0.2,True,2,2,0.9,0.3,38,20,0.4626865671641791,0.6078167115902965,0.22391339939478577,0.2608695652173913,0.8571428571428571,0.4,0.4233302322279272
positive_rescue,5.0,2.0,2.0,0.2,True,2,2,0.9,0.1,38,20,0.4626865671641791,0.6078167115902965,0.22391339939478577,0.2608695652173913,0.8571428571428571,0.4,0.4233302322279272
negative_veto,5.0,2.0,2.0,0.2,True,2,2,0.7,0.3,38,8,0.7313432835820896,0.6462264150943396,0.453419096617626,0.3888888888888889,0.5,0.4375,0.18169787297849951
negative_veto,5.0,2.0,2.0,0.2,True,2,2,0.9,0.3,38,8,0.7313432835820896,0.6462264150943396,0.453419096617626,0.3888888888888889,0.5,0.4375,0.18169787297849951
negative_veto,5.0,2.0,2.0,0.2,True,2,2,0.9,0.1,38,8,0.7313432835820896,0.6462264150943396,0.4251146933132227,0.3888888888888889,0.5,0.4375,0.18688082480827903
two_way,5.0,2.0,2.0,0.2,True,2,2,0.7,0.3,38,28,0.4626865671641791,0.5026954177897573,0.39408226038193805,0.21052631578947367,0.5714285714285714,0.3076923076923077,0.3027932311508812
two_way,5.0,2.0,2.0,0.2,True,2,2,0.9,0.3,38,28,0.4626865671641791,0.5026954177897573,0.22089930298845445,0.21052631578947367,0.5714285714285714,0.3076923076923077,0.4351562610982024
two_way,5.0,2.0,2.0,0.2,True,2,2,0.9,0.1,38,28,0.4626865671641791,0.5026954177897573,0.20799690988835726,0.21052631578947367,0.5714285714285714,0.3076923076923077,0.44033921292798184
positive_rescue,5.0,2.0,2.0,0.2,True,3,1,0.7,0.3,30,14,0.5522388059701493,0.6644204851752021,0.5304176620961228,0.3,0.8571428571428571,0.4444444444444444,0.25047477519863626
positive_rescue,5.0,2.0,2.0,0.2,True,3,1,0.9,0.3,30,14,0.5522388059701493,0.6644204851752021,0.2541751306260569,0.3,0.8571428571428571,0.4444444444444444,0.3499337523270854
positive_rescue,5.0,2.0,2.0,0.2,True,3,1,0.9,0.1,30,14,0.5522388059701493,0.6644204851752021,0.2541751306260569,0.3,0.8571428571428571,0.4444444444444444,0.3499337523270854
negative_veto,5.0,2.0,2.0,0.2,True,3,1,0.7,0.3,30,10,0.7313432835820896,0.6199460916442049,0.38768703456203457,0.375,0.42857142857142855,0.4,0.1836011217241486
negative_veto,5.0,2.0,2.0,0.2,True,3,1,0.9,0.3,30,10,0.7313432835820896,0.6199460916442049,0.38768703456203457,0.375,0.42857142857142855,0.4,0.1836011217241486
negative_veto,5.0,2.0,2.0,0.2,True,3,1,0.9,0.1,30,10,0.7313432835820896,0.6199460916442049,0.3537826756576756,0.375,0.42857142857142855,0.4,0.1885538470447837
two_way,5.0,2.0,2.0,0.2,True,3,1,0.7,0.3,30,24,0.5522388059701493,0.5330188679245282,0.3435801041064199,0.23333333333333334,0.5,0.3181818181818182,0.26420405281456055
two_way,5.0,2.0,2.0,0.2,True,3,1,0.9,0.3,30,24,0.5522388059701493,0.5330188679245282,0.2435801041064199,0.23333333333333334,0.5,0.3181818181818182,0.3636630299430097
two_way,5.0,2.0,2.0,0.2,True,3,1,0.9,0.1,30,24,0.5522388059701493,0.5330188679245282,0.2219130332033558,0.23333333333333334,0.5,0.3181818181818182,0.36861575526364476
positive_rescue,5.0,2.0,2.0,0.2,True,3,2,0.7,0.3,30,14,0.5522388059701493,0.6644204851752021,0.5304176620961228,0.3,0.8571428571428571,0.4444444444444444,0.25047477519863626
positive_rescue,5.0,2.0,2.0,0.2,True,3,2,0.9,0.3,30,14,0.5522388059701493,0.6644204851752021,0.2541751306260569,0.3,0.8571428571428571,0.4444444444444444,0.3499337523270854
positive_rescue,5.0,2.0,2.0,0.2,True,3,2,0.9,0.1,30,14,0.5522388059701493,0.6644204851752021,0.2541751306260569,0.3,0.8571428571428571,0.4444444444444444,0.3499337523270854
negative_veto,5.0,2.0,2.0,0.2,True,3,2,0.7,0.3,30,10,0.7313432835820896,0.6199460916442049,0.38768703456203457,0.375,0.42857142857142855,0.4,0.1836011217241486
negative_veto,5.0,2.0,2.0,0.2,True,3,2,0.9,0.3,30,10,0.7313432835820896,0.6199460916442049,0.38768703456203457,0.375,0.42857142857142855,0.4,0.1836011217241486
negative_veto,5.0,2.0,2.0,0.2,True,3,2,0.9,0.1,30,10,0.7313432835820896,0.6199460916442049,0.3537826756576756,0.375,0.42857142857142855,0.4,0.1885538470447837
two_way,5.0,2.0,2.0,0.2,True,3,2,0.7,0.3,30,24,0.5522388059701493,0.5330188679245282,0.3435801041064199,0.23333333333333334,0.5,0.3181818181818182,0.26420405281456055
two_way,5.0,2.0,2.0,0.2,True,3,2,0.9,0.3,30,24,0.5522388059701493,0.5330188679245282,0.2435801041064199,0.23333333333333334,0.5,0.3181818181818182,0.3636630299430097
two_way,5.0,2.0,2.0,0.2,True,3,2,0.9,0.1,30,24,0.5522388059701493,0.5330188679245282,0.2219130332033558,0.23333333333333334,0.5,0.3181818181818182,0.36861575526364476
positive_rescue,5.0,2.0,2.0,0.4,False,2,1,0.7,0.3,43,24,0.40298507462686567,0.5700808625336927,0.4953005479173894,0.24,0.8571428571428571,0.375,0.3200690635248036
positive_rescue,5.0,2.0,2.0,0.4,False,2,1,0.9,0.3,43,24,0.40298507462686567,0.5700808625336927,0.20210758362807957,0.24,0.8571428571428571,0.375,0.47631269048705016
positive_rescue,5.0,2.0,2.0,0.4,False,2,1,0.9,0.1,43,24,0.40298507462686567,0.5700808625336927,0.20210758362807957,0.24,0.8571428571428571,0.375,0.47631269048705016
negative_veto,5.0,2.0,2.0,0.4,False,2,1,0.7,0.3,43,7,0.7164179104477612,0.6367924528301887,0.44906845285134755,0.3684210526315789,0.5,0.42424242424242425,0.1846984191577266
negative_veto,5.0,2.0,2.0,0.4,False,2,1,0.9,0.3,43,7,0.7164179104477612,0.6367924528301887,0.44906845285134755,0.3684210526315789,0.5,0.42424242424242425,0.1846984191577266
negative_veto,5.0,2.0,2.0,0.4,False,2,1,0.9,0.1,43,7,0.7164179104477612,0.6367924528301887,0.4199500487329434,0.3684210526315789,0.5,0.42424242424242425,0.19359985908646943
two_way,5.0,2.0,2.0,0.4,False,2,1,0.7,0.3,43,31,0.3880597014925373,0.45552560646900264,0.38155350405402555,0.18604651162790697,0.5714285714285714,0.2807017543859649,0.3348956385743059
two_way,5.0,2.0,2.0,0.4,False,2,1,0.9,0.3,43,31,0.3880597014925373,0.45552560646900264,0.20137631690009422,0.18604651162790697,0.5714285714285714,0.2807017543859649,0.49113926553655257
two_way,5.0,2.0,2.0,0.4,False,2,1,0.9,0.1,43,31,0.3880597014925373,0.45552560646900264,0.194008450367462,0.18604651162790697,0.5714285714285714,0.2807017543859649,0.5000407054652953
positive_rescue,5.0,2.0,2.0,0.4,False,2,2,0.7,0.3,42,23,0.417910447761194,0.5795148247978437,0.4975030606888198,0.24489795918367346,0.8571428571428571,0.38095238095238093,0.31390630499082867
positive_rescue,5.0,2.0,2.0,0.4,False,2,2,0.9,0.3,42,23,0.417910447761194,0.5795148247978437,0.2060988668759881,0.24489795918367346,0.8571428571428571,0.38095238095238093,0.4653738125500902
positive_rescue,5.0,2.0,2.0,0.4,False,2,2,0.9,0.1,42,23,0.417910447761194,0.5795148247978437,0.2060988668759881,0.24489795918367346,0.8571428571428571,0.38095238095238093,0.4653738125500902
negative_veto,5.0,2.0,2.0,0.4,False,2,2,0.7,0.3,42,7,0.7164179104477612,0.6367924528301887,0.44906845285134755,0.3684210526315789,0.5,0.42424242424242425,0.1846984191577266
negative_veto,5.0,2.0,2.0,0.4,False,2,2,0.9,0.3,42,7,0.7164179104477612,0.6367924528301887,0.44906845285134755,0.3684210526315789,0.5,0.42424242424242425,0.1846984191577266
negative_veto,5.0,2.0,2.0,0.4,False,2,2,0.9,0.1,42,7,0.7164179104477612,0.6367924528301887,0.4199500487329434,0.3684210526315789,0.5,0.42424242424242425,0.19259843851596675
two_way,5.0,2.0,2.0,0.4,False,2,2,0.7,0.3,42,30,0.40298507462686567,0.4649595687331536,0.3840631655619946,0.19047619047619047,0.5714285714285714,0.2857142857142857,0.32873288004033097
two_way,5.0,2.0,2.0,0.4,False,2,2,0.9,0.3,42,30,0.40298507462686567,0.4649595687331536,0.20515160093614426,0.19047619047619047,0.5714285714285714,0.2857142857142857,0.4802003875995924
two_way,5.0,2.0,2.0,0.4,False,2,2,0.9,0.1,42,30,0.40298507462686567,0.4649595687331536,0.19653969542362398,0.19047619047619047,0.5714285714285714,0.2857142857142857,0.4881004069578326
positive_rescue,5.0,2.0,2.0,0.4,False,3,1,0.7,0.3,41,23,0.417910447761194,0.5795148247978437,0.4994100038748327,0.24489795918367346,0.8571428571428571,0.38095238095238093,0.31184693144131925
positive_rescue,5.0,2.0,2.0,0.4,False,3,1,0.9,0.3,41,23,0.417910447761194,0.5795148247978437,0.20988389848088848,0.24489795918367346,0.8571428571428571,0.38095238095238093,0.45853831959759567
positive_rescue,5.0,2.0,2.0,0.4,False,3,1,0.9,0.1,41,23,0.417910447761194,0.5795148247978437,0.20988389848088848,0.24489795918367346,0.8571428571428571,0.38095238095238093,0.45853831959759567
negative_veto,5.0,2.0,2.0,0.4,False,3,1,0.7,0.3,41,8,0.7313432835820896,0.6462264150943396,0.453419096617626,0.3888888888888889,0.5,0.4375,0.18078764345350468
negative_veto,5.0,2.0,2.0,0.4,False,3,1,0.9,0.3,41,8,0.7313432835820896,0.6462264150943396,0.453419096617626,0.3888888888888889,0.5,0.4375,0.18078764345350468
negative_veto,5.0,2.0,2.0,0.4,False,3,1,0.9,0.1,41,8,0.7313432835820896,0.6462264150943396,0.4251146933132227,0.3888888888888889,0.5,0.4375,0.1874936329609986
two_way,5.0,2.0,2.0,0.4,False,3,1,0.7,0.3,41,31,0.417910447761194,0.4743935309973046,0.3853905257743723,0.1951219512195122,0.5714285714285714,0.2909090909090909,0.3227627307865996
two_way,5.0,2.0,2.0,0.4,False,3,1,0.9,0.3,41,31,0.417910447761194,0.4743935309973046,0.20780632136089955,0.1951219512195122,0.5714285714285714,0.2909090909090909,0.46945411894287603
two_way,5.0,2.0,2.0,0.4,False,3,1,0.9,0.1,41,31,0.417910447761194,0.4743935309973046,0.19919441584837927,0.1951219512195122,0.5714285714285714,0.2909090909090909,0.47616010845036993
positive_rescue,5.0,2.0,2.0,0.4,False,3,2,0.7,0.3,41,23,0.417910447761194,0.5795148247978437,0.4994100038748327,0.24489795918367346,0.8571428571428571,0.38095238095238093,0.31184693144131925
positive_rescue,5.0,2.0,2.0,0.4,False,3,2,0.9,0.3,41,23,0.417910447761194,0.5795148247978437,0.20988389848088848,0.24489795918367346,0.8571428571428571,0.38095238095238093,0.45853831959759567
positive_rescue,5.0,2.0,2.0,0.4,False,3,2,0.9,0.1,41,23,0.417910447761194,0.5795148247978437,0.20988389848088848,0.24489795918367346,0.8571428571428571,0.38095238095238093,0.45853831959759567
negative_veto,5.0,2.0,2.0,0.4,False,3,2,0.7,0.3,41,8,0.7313432835820896,0.6462264150943396,0.453419096617626,0.3888888888888889,0.5,0.4375,0.18078764345350468
negative_veto,5.0,2.0,2.0,0.4,False,3,2,0.9,0.3,41,8,0.7313432835820896,0.6462264150943396,0.453419096617626,0.3888888888888889,0.5,0.4375,0.18078764345350468
negative_veto,5.0,2.0,2.0,0.4,False,3,2,0.9,0.1,41,8,0.7313432835820896,0.6462264150943396,0.4251146933132227,0.3888888888888889,0.5,0.4375,0.1874936329609986
two_way,5.0,2.0,2.0,0.4,False,3,2,0.7,0.3,41,31,0.417910447761194,0.4743935309973046,0.3853905257743723,0.1951219512195122,0.5714285714285714,0.2909090909090909,0.3227627307865996
two_way,5.0,2.0,2.0,0.4,False,3,2,0.9,0.3,41,31,0.417910447761194,0.4743935309973046,0.20780632136089955,0.1951219512195122,0.5714285714285714,0.2909090909090909,0.46945411894287603
two_way,5.0,2.0,2.0,0.4,False,3,2,0.9,0.1,41,31,0.417910447761194,0.4743935309973046,0.19919441584837927,0.1951219512195122,0.5714285714285714,0.2909090909090909,0.47616010845036993
positive_rescue,5.0,2.0,2.0,0.4,True,2,1,0.7,0.3,38,20,0.4626865671641791,0.6078167115902965,0.5071971582424543,0.2608695652173913,0.8571428571428571,0.4,0.29096720228060596
positive_rescue,5.0,2.0,2.0,0.4,True,2,1,0.9,0.3,38,20,0.4626865671641791,0.6078167115902965,0.22391339939478577,0.2608695652173913,0.8571428571428571,0.4,0.4233302322279272
positive_rescue,5.0,2.0,2.0,0.4,True,2,1,0.9,0.1,38,20,0.4626865671641791,0.6078167115902965,0.22391339939478577,0.2608695652173913,0.8571428571428571,0.4,0.4233302322279272
negative_veto,5.0,2.0,2.0,0.4,True,2,1,0.7,0.3,38,8,0.7313432835820896,0.6462264150943396,0.453419096617626,0.3888888888888889,0.5,0.4375,0.18169787297849951
negative_veto,5.0,2.0,2.0,0.4,True,2,1,0.9,0.3,38,8,0.7313432835820896,0.6462264150943396,0.453419096617626,0.3888888888888889,0.5,0.4375,0.18169787297849951
negative_veto,5.0,2.0,2.0,0.4,True,2,1,0.9,0.1,38,8,0.7313432835820896,0.6462264150943396,0.4251146933132227,0.3888888888888889,0.5,0.4375,0.18688082480827903
two_way,5.0,2.0,2.0,0.4,True,2,1,0.7,0.3,38,28,0.4626865671641791,0.5026954177897573,0.39408226038193805,0.21052631578947367,0.5714285714285714,0.3076923076923077,0.3027932311508812
two_way,5.0,2.0,2.0,0.4,True,2,1,0.9,0.3,38,28,0.4626865671641791,0.5026954177897573,0.22089930298845445,0.21052631578947367,0.5714285714285714,0.3076923076923077,0.4351562610982024
two_way,5.0,2.0,2.0,0.4,True,2,1,0.9,0.1,38,28,0.4626865671641791,0.5026954177897573,0.20799690988835726,0.21052631578947367,0.5714285714285714,0.3076923076923077,0.44033921292798184
positive_rescue,5.0,2.0,2.0,0.4,True,2,2,0.7,0.3,38,20,0.4626865671641791,0.6078167115902965,0.5071971582424543,0.2608695652173913,0.8571428571428571,0.4,0.29096720228060596
positive_rescue,5.0,2.0,2.0,0.4,True,2,2,0.9,0.3,38,20,0.4626865671641791,0.6078167115902965,0.22391339939478577,0.2608695652173913,0.8571428571428571,0.4,0.4233302322279272
positive_rescue,5.0,2.0,2.0,0.4,True,2,2,0.9,0.1,38,20,0.4626865671641791,0.6078167115902965,0.22391339939478577,0.2608695652173913,0.8571428571428571,0.4,0.4233302322279272
negative_veto,5.0,2.0,2.0,0.4,True,2,2,0.7,0.3,38,8,0.7313432835820896,0.6462264150943396,0.453419096617626,0.3888888888888889,0.5,0.4375,0.18169787297849951
negative_veto,5.0,2.0,2.0,0.4,True,2,2,0.9,0.3,38,8,0.7313432835820896,0.6462264150943396,0.453419096617626,0.3888888888888889,0.5,0.4375,0.18169787297849951
negative_veto,5.0,2.0,2.0,0.4,True,2,2,0.9,0.1,38,8,0.7313432835820896,0.6462264150943396,0.4251146933132227,0.3888888888888889,0.5,0.4375,0.18688082480827903
two_way,5.0,2.0,2.0,0.4,True,2,2,0.7,0.3,38,28,0.4626865671641791,0.5026954177897573,0.39408226038193805,0.21052631578947367,0.5714285714285714,0.3076923076923077,0.3027932311508812
two_way,5.0,2.0,2.0,0.4,True,2,2,0.9,0.3,38,28,0.4626865671641791,0.5026954177897573,0.22089930298845445,0.21052631578947367,0.5714285714285714,0.3076923076923077,0.4351562610982024
two_way,5.0,2.0,2.0,0.4,True,2,2,0.9,0.1,38,28,0.4626865671641791,0.5026954177897573,0.20799690988835726,0.21052631578947367,0.5714285714285714,0.3076923076923077,0.44033921292798184
positive_rescue,5.0,2.0,2.0,0.4,True,3,1,0.7,0.3,31,14,0.5522388059701493,0.6644204851752021,0.5304176620961228,0.3,0.8571428571428571,0.4444444444444444,0.25047477519863626
positive_rescue,5.0,2.0,2.0,0.4,True,3,1,0.9,0.3,31,14,0.5522388059701493,0.6644204851752021,0.2665407220239064,0.3,0.8571428571428571,0.4444444444444444,0.3494049693250619
positive_rescue,5.0,2.0,2.0,0.4,True,3,1,0.9,0.1,31,14,0.5522388059701493,0.6644204851752021,0.2665407220239064,0.3,0.8571428571428571,0.4444444444444444,0.3494049693250619
negative_veto,5.0,2.0,2.0,0.4,True,3,1,0.7,0.3,31,9,0.746268656716418,0.6556603773584906,0.45832939406994033,0.4117647058823529,0.5,0.45161290322580644,0.1769657256216945
negative_veto,5.0,2.0,2.0,0.4,True,3,1,0.9,0.3,31,9,0.746268656716418,0.6556603773584906,0.45832939406994033,0.4117647058823529,0.5,0.45161290322580644,0.1769657256216945
negative_veto,5.0,2.0,2.0,0.4,True,3,1,0.9,0.1,31,9,0.746268656716418,0.6556603773584906,0.43289168928440935,0.4117647058823529,0.5,0.45161290322580644,0.1771423315393445
two_way,5.0,2.0,2.0,0.4,True,3,1,0.7,0.3,31,23,0.5671641791044776,0.568733153638814,0.4149318706194767,0.25806451612903225,0.5714285714285714,0.35555555555555557,0.2575686567121065
two_way,5.0,2.0,2.0,0.4,True,3,1,0.9,0.3,31,23,0.5671641791044776,0.568733153638814,0.2553312561801526,0.25806451612903225,0.5714285714285714,0.35555555555555557,0.3564988508385321
two_way,5.0,2.0,2.0,0.4,True,3,1,0.9,0.1,31,23,0.5671641791044776,0.568733153638814,0.23773484579936194,0.25806451612903225,0.5714285714285714,0.35555555555555557,0.35667545675618206
positive_rescue,5.0,2.0,2.0,0.4,True,3,2,0.7,0.3,31,14,0.5522388059701493,0.6644204851752021,0.5304176620961228,0.3,0.8571428571428571,0.4444444444444444,0.25047477519863626
positive_rescue,5.0,2.0,2.0,0.4,True,3,2,0.9,0.3,31,14,0.5522388059701493,0.6644204851752021,0.2665407220239064,0.3,0.8571428571428571,0.4444444444444444,0.3494049693250619
positive_rescue,5.0,2.0,2.0,0.4,True,3,2,0.9,0.1,31,14,0.5522388059701493,0.6644204851752021,0.2665407220239064,0.3,0.8571428571428571,0.4444444444444444,0.3494049693250619
negative_veto,5.0,2.0,2.0,0.4,True,3,2,0.7,0.3,31,9,0.746268656716418,0.6556603773584906,0.45832939406994033,0.4117647058823529,0.5,0.45161290322580644,0.1769657256216945
negative_veto,5.0,2.0,2.0,0.4,True,3,2,0.9,0.3,31,9,0.746268656716418,0.6556603773584906,0.45832939406994033,0.4117647058823529,0.5,0.45161290322580644,0.1769657256216945
negative_veto,5.0,2.0,2.0,0.4,True,3,2,0.9,0.1,31,9,0.746268656716418,0.6556603773584906,0.43289168928440935,0.4117647058823529,0.5,0.45161290322580644,0.1771423315393445
two_way,5.0,2.0,2.0,0.4,True,3,2,0.7,0.3,31,23,0.5671641791044776,0.568733153638814,0.4149318706194767,0.25806451612903225,0.5714285714285714,0.35555555555555557,0.2575686567121065
two_way,5.0,2.0,2.0,0.4,True,3,2,0.9,0.3,31,23,0.5671641791044776,0.568733153638814,0.2553312561801526,0.25806451612903225,0.5714285714285714,0.35555555555555557,0.3564988508385321
two_way,5.0,2.0,2.0,0.4,True,3,2,0.9,0.1,31,23,0.5671641791044776,0.568733153638814,0.23773484579936194,0.25806451612903225,0.5714285714285714,0.35555555555555557,0.35667545675618206
positive_rescue,5.0,2.0,3.0,0.2,False,2,1,0.7,0.3,33,15,0.5373134328358209,0.6549865229110512,0.5233271381054632,0.2926829268292683,0.8571428571428571,0.43636363636363634,0.25806280191022135
positive_rescue,5.0,2.0,3.0,0.2,False,2,1,0.9,0.3,33,15,0.5373134328358209,0.6549865229110512,0.2530417512234377,0.2926829268292683,0.8571428571428571,0.43636363636363634,0.3665452348426172
positive_rescue,5.0,2.0,3.0,0.2,False,2,1,0.9,0.1,33,15,0.5373134328358209,0.6549865229110512,0.2530417512234377,0.2926829268292683,0.8571428571428571,0.43636363636363634,0.3665452348426172
negative_veto,5.0,2.0,3.0,0.2,False,2,1,0.7,0.3,33,8,0.7313432835820896,0.6462264150943396,0.453419096617626,0.3888888888888889,0.5,0.4375,0.18153767641777918
negative_veto,5.0,2.0,3.0,0.2,False,2,1,0.9,0.3,33,8,0.7313432835820896,0.6462264150943396,0.453419096617626,0.3888888888888889,0.5,0.4375,0.18153767641777918
negative_veto,5.0,2.0,3.0,0.2,False,2,1,0.9,0.1,33,8,0.7313432835820896,0.6462264150943396,0.4259938141923436,0.3888888888888889,0.5,0.4375,0.18388266303671458
two_way,5.0,2.0,3.0,0.2,False,2,1,0.7,0.3,33,23,0.5373134328358209,0.5498652291105122,0.4101823463892429,0.24242424242424243,0.5714285714285714,0.3404255319148936,0.2697286342197763
two_way,5.0,2.0,3.0,0.2,False,2,1,0.9,0.3,33,23,0.5373134328358209,0.5498652291105122,0.24611308231997886,0.24242424242424243,0.5714285714285714,0.3404255319148936,0.37821106715217206
two_way,5.0,2.0,3.0,0.2,False,2,1,0.9,0.1,33,23,0.5373134328358209,0.5498652291105122,0.22879754653948203,0.24242424242424243,0.5714285714285714,0.3404255319148936,0.38055605377110746
positive_rescue,5.0,2.0,3.0,0.2,False,2,2,0.7,0.3,33,15,0.5373134328358209,0.6549865229110512,0.5233271381054632,0.2926829268292683,0.8571428571428571,0.43636363636363634,0.25806280191022135
positive_rescue,5.0,2.0,3.0,0.2,False,2,2,0.9,0.3,33,15,0.5373134328358209,0.6549865229110512,0.2530417512234377,0.2926829268292683,0.8571428571428571,0.43636363636363634,0.3665452348426172
positive_rescue,5.0,2.0,3.0,0.2,False,2,2,0.9,0.1,33,15,0.5373134328358209,0.6549865229110512,0.2530417512234377,0.2926829268292683,0.8571428571428571,0.43636363636363634,0.3665452348426172
negative_veto,5.0,2.0,3.0,0.2,False,2,2,0.7,0.3,33,8,0.7313432835820896,0.6462264150943396,0.453419096617626,0.3888888888888889,0.5,0.4375,0.18153767641777918
negative_veto,5.0,2.0,3.0,0.2,False,2,2,0.9,0.3,33,8,0.7313432835820896,0.6462264150943396,0.453419096617626,0.3888888888888889,0.5,0.4375,0.18153767641777918
negative_veto,5.0,2.0,3.0,0.2,False,2,2,0.9,0.1,33,8,0.7313432835820896,0.6462264150943396,0.4259938141923436,0.3888888888888889,0.5,0.4375,0.18388266303671458
two_way,5.0,2.0,3.0,0.2,False,2,2,0.7,0.3,33,23,0.5373134328358209,0.5498652291105122,0.4101823463892429,0.24242424242424243,0.5714285714285714,0.3404255319148936,0.2697286342197763
two_way,5.0,2.0,3.0,0.2,False,2,2,0.9,0.3,33,23,0.5373134328358209,0.5498652291105122,0.24611308231997886,0.24242424242424243,0.5714285714285714,0.3404255319148936,0.37821106715217206
two_way,5.0,2.0,3.0,0.2,False,2,2,0.9,0.1,33,23,0.5373134328358209,0.5498652291105122,0.22879754653948203,0.24242424242424243,0.5714285714285714,0.3404255319148936,0.38055605377110746
positive_rescue,5.0,2.0,3.0,0.2,False,3,1,0.7,0.3,29,14,0.5522388059701493,0.6644204851752021,0.5238767318419574,0.3,0.8571428571428571,0.4444444444444444,0.2519544227791281
positive_rescue,5.0,2.0,3.0,0.2,False,3,1,0.9,0.3,29,14,0.5522388059701493,0.6644204851752021,0.2409713589030154,0.3,0.8571428571428571,0.4444444444444444,0.3524821742210896
positive_rescue,5.0,2.0,3.0,0.2,False,3,1,0.9,0.1,29,14,0.5522388059701493,0.6644204851752021,0.2409713589030154,0.3,0.8571428571428571,0.4444444444444444,0.3524821742210896
negative_veto,5.0,2.0,3.0,0.2,False,3,1,0.7,0.3,29,11,0.7164179104477612,0.5842318059299192,0.38115685838900126,0.3333333333333333,0.35714285714285715,0.3448275862068966,0.1876071445504478
negative_veto,5.0,2.0,3.0,0.2,False,3,1,0.9,0.3,29,11,0.7164179104477612,0.5842318059299192,0.38115685838900126,0.3333333333333333,0.35714285714285715,0.3448275862068966,0.1876071445504478
negative_veto,5.0,2.0,3.0,0.2,False,3,1,0.9,0.1,29,11,0.7164179104477612,0.5842318059299192,0.3376565398886827,0.3333333333333333,0.35714285714285715,0.3448275862068966,0.19794572365824212
two_way,5.0,2.0,3.0,0.2,False,3,1,0.7,0.3,29,25,0.5373134328358209,0.49730458221024254,0.34289343445423304,0.20689655172413793,0.42857142857142855,0.27906976744186046,0.2696897232213516
two_way,5.0,2.0,3.0,0.2,False,3,1,0.9,0.3,29,25,0.5373134328358209,0.49730458221024254,0.23722840982369114,0.20689655172413793,0.42857142857142855,0.27906976744186046,0.3702174746633131
two_way,5.0,2.0,3.0,0.2,False,3,1,0.9,0.1,29,25,0.5373134328358209,0.49730458221024254,0.20889327580095096,0.20689655172413793,0.42857142857142855,0.27906976744186046,0.38055605377110746
positive_rescue,5.0,2.0,3.0,0.2,False,3,2,0.7,0.3,29,14,0.5522388059701493,0.6644204851752021,0.5238767318419574,0.3,0.8571428571428571,0.4444444444444444,0.2519544227791281
positive_rescue,5.0,2.0,3.0,0.2,False,3,2,0.9,0.3,29,14,0.5522388059701493,0.6644204851752021,0.2409713589030154,0.3,0.8571428571428571,0.4444444444444444,0.3524821742210896
positive_rescue,5.0,2.0,3.0,0.2,False,3,2,0.9,0.1,29,14,0.5522388059701493,0.6644204851752021,0.2409713589030154,0.3,0.8571428571428571,0.4444444444444444,0.3524821742210896
negative_veto,5.0,2.0,3.0,0.2,False,3,2,0.7,0.3,29,11,0.7164179104477612,0.5842318059299192,0.38115685838900126,0.3333333333333333,0.35714285714285715,0.3448275862068966,0.1876071445504478
negative_veto,5.0,2.0,3.0,0.2,False,3,2,0.9,0.3,29,11,0.7164179104477612,0.5842318059299192,0.38115685838900126,0.3333333333333333,0.35714285714285715,0.3448275862068966,0.1876071445504478
negative_veto,5.0,2.0,3.0,0.2,False,3,2,0.9,0.1,29,11,0.7164179104477612,0.5842318059299192,0.3376565398886827,0.3333333333333333,0.35714285714285715,0.3448275862068966,0.19794572365824212
two_way,5.0,2.0,3.0,0.2,False,3,2,0.7,0.3,29,25,0.5373134328358209,0.49730458221024254,0.34289343445423304,0.20689655172413793,0.42857142857142855,0.27906976744186046,0.2696897232213516
two_way,5.0,2.0,3.0,0.2,False,3,2,0.9,0.3,29,25,0.5373134328358209,0.49730458221024254,0.23722840982369114,0.20689655172413793,0.42857142857142855,0.27906976744186046,0.3702174746633131
two_way,5.0,2.0,3.0,0.2,False,3,2,0.9,0.1,29,25,0.5373134328358209,0.49730458221024254,0.20889327580095096,0.20689655172413793,0.42857142857142855,0.27906976744186046,0.38055605377110746
positive_rescue,5.0,2.0,3.0,0.2,True,2,1,0.7,0.3,28,11,0.5671641791044776,0.6475741239892183,0.5253787912244937,0.2972972972972973,0.7857142857142857,0.43137254901960786,0.24481082776518862
positive_rescue,5.0,2.0,3.0,0.2,True,2,1,0.9,0.3,28,11,0.5671641791044776,0.6475741239892183,0.24553327125899918,0.2972972972972973,0.7857142857142857,0.43137254901960786,0.3405624598041651
positive_rescue,5.0,2.0,3.0,0.2,True,2,1,0.9,0.1,28,11,0.5671641791044776,0.6475741239892183,0.24553327125899918,0.2972972972972973,0.7857142857142857,0.43137254901960786,0.3405624598041651
negative_veto,5.0,2.0,3.0,0.2,True,2,1,0.7,0.3,28,9,0.7164179104477612,0.610512129380054,0.38305345035912264,0.35294117647058826,0.42857142857142855,0.3870967741935484,0.1876371529656044
negative_veto,5.0,2.0,3.0,0.2,True,2,1,0.9,0.3,28,9,0.7164179104477612,0.610512129380054,0.38305345035912264,0.35294117647058826,0.42857142857142855,0.3870967741935484,0.1876371529656044
negative_veto,5.0,2.0,3.0,0.2,True,2,1,0.9,0.1,28,9,0.7164179104477612,0.610512129380054,0.3418980092036814,0.35294117647058826,0.42857142857142855,0.3870967741935484,0.19789097863059174
two_way,5.0,2.0,3.0,0.2,True,2,1,0.7,0.3,28,20,0.5522388059701493,0.5067385444743935,0.34135558516787756,0.21428571428571427,0.42857142857142855,0.2857142857142857,0.2625761366225687
two_way,5.0,2.0,3.0,0.2,True,2,1,0.9,0.3,28,20,0.5522388059701493,0.5067385444743935,0.2372739525148163,0.21428571428571427,0.42857142857142855,0.2857142857142857,0.35832776866154514
two_way,5.0,2.0,3.0,0.2,True,2,1,0.9,0.1,28,20,0.5522388059701493,0.5067385444743935,0.21377872712767326,0.21428571428571427,0.42857142857142855,0.2857142857142857,0.3685815943265324
positive_rescue,5.0,2.0,3.0,0.2,True,2,2,0.7,0.3,28,11,0.5671641791044776,0.6475741239892183,0.5253787912244937,0.2972972972972973,0.7857142857142857,0.43137254901960786,0.24481082776518862
positive_rescue,5.0,2.0,3.0,0.2,True,2,2,0.9,0.3,28,11,0.5671641791044776,0.6475741239892183,0.24553327125899918,0.2972972972972973,0.7857142857142857,0.43137254901960786,0.3405624598041651
positive_rescue,5.0,2.0,3.0,0.2,True,2,2,0.9,0.1,28,11,0.5671641791044776,0.6475741239892183,0.24553327125899918,0.2972972972972973,0.7857142857142857,0.43137254901960786,0.3405624598041651
negative_veto,5.0,2.0,3.0,0.2,True,2,2,0.7,0.3,28,9,0.7164179104477612,0.610512129380054,0.38305345035912264,0.35294117647058826,0.42857142857142855,0.3870967741935484,0.1876371529656044
negative_veto,5.0,2.0,3.0,0.2,True,2,2,0.9,0.3,28,9,0.7164179104477612,0.610512129380054,0.38305345035912264,0.35294117647058826,0.42857142857142855,0.3870967741935484,0.1876371529656044
negative_veto,5.0,2.0,3.0,0.2,True,2,2,0.9,0.1,28,9,0.7164179104477612,0.610512129380054,0.3418980092036814,0.35294117647058826,0.42857142857142855,0.3870967741935484,0.19789097863059174
two_way,5.0,2.0,3.0,0.2,True,2,2,0.7,0.3,28,20,0.5522388059701493,0.5067385444743935,0.34135558516787756,0.21428571428571427,0.42857142857142855,0.2857142857142857,0.2625761366225687
two_way,5.0,2.0,3.0,0.2,True,2,2,0.9,0.3,28,20,0.5522388059701493,0.5067385444743935,0.2372739525148163,0.21428571428571427,0.42857142857142855,0.2857142857142857,0.35832776866154514
two_way,5.0,2.0,3.0,0.2,True,2,2,0.9,0.1,28,20,0.5522388059701493,0.5067385444743935,0.21377872712767326,0.21428571428571427,0.42857142857142855,0.2857142857142857,0.3685815943265324
positive_rescue,5.0,2.0,3.0,0.2,True,3,1,0.7,0.3,23,9,0.5970149253731343,0.6664420485175202,0.5310884326345998,0.3142857142857143,0.7857142857142857,0.4489795918367347,0.23238079868281108
positive_rescue,5.0,2.0,3.0,0.2,True,3,1,0.9,0.3,23,9,0.5970149253731343,0.6664420485175202,0.24437183257949052,0.3142857142857143,0.7857142857142857,0.4489795918367347,0.3155268853656021
positive_rescue,5.0,2.0,3.0,0.2,True,3,1,0.9,0.1,23,9,0.5970149253731343,0.6664420485175202,0.24437183257949052,0.3142857142857143,0.7857142857142857,0.4489795918367347,0.3155268853656021
negative_veto,5.0,2.0,3.0,0.2,True,3,1,0.7,0.3,23,12,0.7014925373134329,0.5485175202156334,0.30518005741220033,0.2857142857142857,0.2857142857142857,0.2857142857142857,0.1935813655610391
negative_veto,5.0,2.0,3.0,0.2,True,3,1,0.9,0.3,23,12,0.7014925373134329,0.5485175202156334,0.30518005741220033,0.2857142857142857,0.2857142857142857,0.2857142857142857,0.1935813655610391
negative_veto,5.0,2.0,3.0,0.2,True,3,1,0.9,0.1,23,12,0.7014925373134329,0.5485175202156334,0.25132620355834645,0.2857142857142857,0.2857142857142857,0.2857142857142857,0.21098625456169204
two_way,5.0,2.0,3.0,0.2,True,3,1,0.7,0.3,23,21,0.5671641791044776,0.4636118598382749,0.27504218563338395,0.17391304347826086,0.2857142857142857,0.21621621621621623,0.25609032013562594
two_way,5.0,2.0,3.0,0.2,True,3,1,0.9,0.3,23,21,0.5671641791044776,0.4636118598382749,0.24036309660646882,0.17391304347826086,0.2857142857142857,0.21621621621621623,0.3392364068184168
two_way,5.0,2.0,3.0,0.2,True,3,1,0.9,0.1,23,21,0.5671641791044776,0.4636118598382749,0.20207639829877894,0.17391304347826086,0.2857142857142857,0.21621621621621623,0.3566412958190698
positive_rescue,5.0,2.0,3.0,0.2,True,3,2,0.7,0.3,23,9,0.5970149253731343,0.6664420485175202,0.5310884326345998,0.3142857142857143,0.7857142857142857,0.4489795918367347,0.23238079868281108
positive_rescue,5.0,2.0,3.0,0.2,True,3,2,0.9,0.3,23,9,0.5970149253731343,0.6664420485175202,0.24437183257949052,0.3142857142857143,0.7857142857142857,0.4489795918367347,0.3155268853656021
positive_rescue,5.0,2.0,3.0,0.2,True,3,2,0.9,0.1,23,9,0.5970149253731343,0.6664420485175202,0.24437183257949052,0.3142857142857143,0.7857142857142857,0.4489795918367347,0.3155268853656021
negative_veto,5.0,2.0,3.0,0.2,True,3,2,0.7,0.3,23,12,0.7014925373134329,0.5485175202156334,0.30518005741220033,0.2857142857142857,0.2857142857142857,0.2857142857142857,0.1935813655610391
negative_veto,5.0,2.0,3.0,0.2,True,3,2,0.9,0.3,23,12,0.7014925373134329,0.5485175202156334,0.30518005741220033,0.2857142857142857,0.2857142857142857,0.2857142857142857,0.1935813655610391
negative_veto,5.0,2.0,3.0,0.2,True,3,2,0.9,0.1,23,12,0.7014925373134329,0.5485175202156334,0.25132620355834645,0.2857142857142857,0.2857142857142857,0.2857142857142857,0.21098625456169204
two_way,5.0,2.0,3.0,0.2,True,3,2,0.7,0.3,23,21,0.5671641791044776,0.4636118598382749,0.27504218563338395,0.17391304347826086,0.2857142857142857,0.21621621621621623,0.25609032013562594
two_way,5.0,2.0,3.0,0.2,True,3,2,0.9,0.3,23,21,0.5671641791044776,0.4636118598382749,0.24036309660646882,0.17391304347826086,0.2857142857142857,0.21621621621621623,0.3392364068184168
two_way,5.0,2.0,3.0,0.2,True,3,2,0.9,0.1,23,21,0.5671641791044776,0.4636118598382749,0.20207639829877894,0.17391304347826086,0.2857142857142857,0.21621621621621623,0.3566412958190698
positive_rescue,5.0,2.0,3.0,0.4,False,2,1,0.7,0.3,33,15,0.5373134328358209,0.6549865229110512,0.5233271381054632,0.2926829268292683,0.8571428571428571,0.43636363636363634,0.25806280191022135
positive_rescue,5.0,2.0,3.0,0.4,False,2,1,0.9,0.3,33,15,0.5373134328358209,0.6549865229110512,0.2530417512234377,0.2926829268292683,0.8571428571428571,0.43636363636363634,0.3665452348426172
positive_rescue,5.0,2.0,3.0,0.4,False,2,1,0.9,0.1,33,15,0.5373134328358209,0.6549865229110512,0.2530417512234377,0.2926829268292683,0.8571428571428571,0.43636363636363634,0.3665452348426172
negative_veto,5.0,2.0,3.0,0.4,False,2,1,0.7,0.3,33,8,0.7313432835820896,0.6462264150943396,0.453419096617626,0.3888888888888889,0.5,0.4375,0.18153767641777918
negative_veto,5.0,2.0,3.0,0.4,False,2,1,0.9,0.3,33,8,0.7313432835820896,0.6462264150943396,0.453419096617626,0.3888888888888889,0.5,0.4375,0.18153767641777918
negative_veto,5.0,2.0,3.0,0.4,False,2,1,0.9,0.1,33,8,0.7313432835820896,0.6462264150943396,0.4259938141923436,0.3888888888888889,0.5,0.4375,0.18388266303671458
two_way,5.0,2.0,3.0,0.4,False,2,1,0.7,0.3,33,23,0.5373134328358209,0.5498652291105122,0.4101823463892429,0.24242424242424243,0.5714285714285714,0.3404255319148936,0.2697286342197763
two_way,5.0,2.0,3.0,0.4,False,2,1,0.9,0.3,33,23,0.5373134328358209,0.5498652291105122,0.24611308231997886,0.24242424242424243,0.5714285714285714,0.3404255319148936,0.37821106715217206
two_way,5.0,2.0,3.0,0.4,False,2,1,0.9,0.1,33,23,0.5373134328358209,0.5498652291105122,0.22879754653948203,0.24242424242424243,0.5714285714285714,0.3404255319148936,0.38055605377110746
positive_rescue,5.0,2.0,3.0,0.4,False,2,2,0.7,0.3,33,15,0.5373134328358209,0.6549865229110512,0.5233271381054632,0.2926829268292683,0.8571428571428571,0.43636363636363634,0.25806280191022135
positive_rescue,5.0,2.0,3.0,0.4,False,2,2,0.9,0.3,33,15,0.5373134328358209,0.6549865229110512,0.2530417512234377,0.2926829268292683,0.8571428571428571,0.43636363636363634,0.3665452348426172
positive_rescue,5.0,2.0,3.0,0.4,False,2,2,0.9,0.1,33,15,0.5373134328358209,0.6549865229110512,0.2530417512234377,0.2926829268292683,0.8571428571428571,0.43636363636363634,0.3665452348426172
negative_veto,5.0,2.0,3.0,0.4,False,2,2,0.7,0.3,33,8,0.7313432835820896,0.6462264150943396,0.453419096617626,0.3888888888888889,0.5,0.4375,0.18153767641777918
negative_veto,5.0,2.0,3.0,0.4,False,2,2,0.9,0.3,33,8,0.7313432835820896,0.6462264150943396,0.453419096617626,0.3888888888888889,0.5,0.4375,0.18153767641777918
negative_veto,5.0,2.0,3.0,0.4,False,2,2,0.9,0.1,33,8,0.7313432835820896,0.6462264150943396,0.4259938141923436,0.3888888888888889,0.5,0.4375,0.18388266303671458
two_way,5.0,2.0,3.0,0.4,False,2,2,0.7,0.3,33,23,0.5373134328358209,0.5498652291105122,0.4101823463892429,0.24242424242424243,0.5714285714285714,0.3404255319148936,0.2697286342197763
two_way,5.0,2.0,3.0,0.4,False,2,2,0.9,0.3,33,23,0.5373134328358209,0.5498652291105122,0.24611308231997886,0.24242424242424243,0.5714285714285714,0.3404255319148936,0.37821106715217206
two_way,5.0,2.0,3.0,0.4,False,2,2,0.9,0.1,33,23,0.5373134328358209,0.5498652291105122,0.22879754653948203,0.24242424242424243,0.5714285714285714,0.3404255319148936,0.38055605377110746
positive_rescue,5.0,2.0,3.0,0.4,False,3,1,0.7,0.3,29,14,0.5522388059701493,0.6644204851752021,0.5238767318419574,0.3,0.8571428571428571,0.4444444444444444,0.2519544227791281
positive_rescue,5.0,2.0,3.0,0.4,False,3,1,0.9,0.3,29,14,0.5522388059701493,0.6644204851752021,0.2409713589030154,0.3,0.8571428571428571,0.4444444444444444,0.3524821742210896
positive_rescue,5.0,2.0,3.0,0.4,False,3,1,0.9,0.1,29,14,0.5522388059701493,0.6644204851752021,0.2409713589030154,0.3,0.8571428571428571,0.4444444444444444,0.3524821742210896
negative_veto,5.0,2.0,3.0,0.4,False,3,1,0.7,0.3,29,11,0.7164179104477612,0.5842318059299192,0.38115685838900126,0.3333333333333333,0.35714285714285715,0.3448275862068966,0.1876071445504478
negative_veto,5.0,2.0,3.0,0.4,False,3,1,0.9,0.3,29,11,0.7164179104477612,0.5842318059299192,0.38115685838900126,0.3333333333333333,0.35714285714285715,0.3448275862068966,0.1876071445504478
negative_veto,5.0,2.0,3.0,0.4,False,3,1,0.9,0.1,29,11,0.7164179104477612,0.5842318059299192,0.3376565398886827,0.3333333333333333,0.35714285714285715,0.3448275862068966,0.19794572365824212
two_way,5.0,2.0,3.0,0.4,False,3,1,0.7,0.3,29,25,0.5373134328358209,0.49730458221024254,0.34289343445423304,0.20689655172413793,0.42857142857142855,0.27906976744186046,0.2696897232213516
two_way,5.0,2.0,3.0,0.4,False,3,1,0.9,0.3,29,25,0.5373134328358209,0.49730458221024254,0.23722840982369114,0.20689655172413793,0.42857142857142855,0.27906976744186046,0.3702174746633131
two_way,5.0,2.0,3.0,0.4,False,3,1,0.9,0.1,29,25,0.5373134328358209,0.49730458221024254,0.20889327580095096,0.20689655172413793,0.42857142857142855,0.27906976744186046,0.38055605377110746
positive_rescue,5.0,2.0,3.0,0.4,False,3,2,0.7,0.3,29,14,0.5522388059701493,0.6644204851752021,0.5238767318419574,0.3,0.8571428571428571,0.4444444444444444,0.2519544227791281
positive_rescue,5.0,2.0,3.0,0.4,False,3,2,0.9,0.3,29,14,0.5522388059701493,0.6644204851752021,0.2409713589030154,0.3,0.8571428571428571,0.4444444444444444,0.3524821742210896
positive_rescue,5.0,2.0,3.0,0.4,False,3,2,0.9,0.1,29,14,0.5522388059701493,0.6644204851752021,0.2409713589030154,0.3,0.8571428571428571,0.4444444444444444,0.3524821742210896
negative_veto,5.0,2.0,3.0,0.4,False,3,2,0.7,0.3,29,11,0.7164179104477612,0.5842318059299192,0.38115685838900126,0.3333333333333333,0.35714285714285715,0.3448275862068966,0.1876071445504478
negative_veto,5.0,2.0,3.0,0.4,False,3,2,0.9,0.3,29,11,0.7164179104477612,0.5842318059299192,0.38115685838900126,0.3333333333333333,0.35714285714285715,0.3448275862068966,0.1876071445504478
negative_veto,5.0,2.0,3.0,0.4,False,3,2,0.9,0.1,29,11,0.7164179104477612,0.5842318059299192,0.3376565398886827,0.3333333333333333,0.35714285714285715,0.3448275862068966,0.19794572365824212
two_way,5.0,2.0,3.0,0.4,False,3,2,0.7,0.3,29,25,0.5373134328358209,0.49730458221024254,0.34289343445423304,0.20689655172413793,0.42857142857142855,0.27906976744186046,0.2696897232213516
two_way,5.0,2.0,3.0,0.4,False,3,2,0.9,0.3,29,25,0.5373134328358209,0.49730458221024254,0.23722840982369114,0.20689655172413793,0.42857142857142855,0.27906976744186046,0.3702174746633131
two_way,5.0,2.0,3.0,0.4,False,3,2,0.9,0.1,29,25,0.5373134328358209,0.49730458221024254,0.20889327580095096,0.20689655172413793,0.42857142857142855,0.27906976744186046,0.38055605377110746
positive_rescue,5.0,2.0,3.0,0.4,True,2,1,0.7,0.3,28,11,0.5671641791044776,0.6475741239892183,0.5253787912244937,0.2972972972972973,0.7857142857142857,0.43137254901960786,0.24481082776518862
positive_rescue,5.0,2.0,3.0,0.4,True,2,1,0.9,0.3,28,11,0.5671641791044776,0.6475741239892183,0.24553327125899918,0.2972972972972973,0.7857142857142857,0.43137254901960786,0.3405624598041651
positive_rescue,5.0,2.0,3.0,0.4,True,2,1,0.9,0.1,28,11,0.5671641791044776,0.6475741239892183,0.24553327125899918,0.2972972972972973,0.7857142857142857,0.43137254901960786,0.3405624598041651
negative_veto,5.0,2.0,3.0,0.4,True,2,1,0.7,0.3,28,9,0.7164179104477612,0.610512129380054,0.38305345035912264,0.35294117647058826,0.42857142857142855,0.3870967741935484,0.1876371529656044
negative_veto,5.0,2.0,3.0,0.4,True,2,1,0.9,0.3,28,9,0.7164179104477612,0.610512129380054,0.38305345035912264,0.35294117647058826,0.42857142857142855,0.3870967741935484,0.1876371529656044
negative_veto,5.0,2.0,3.0,0.4,True,2,1,0.9,0.1,28,9,0.7164179104477612,0.610512129380054,0.3418980092036814,0.35294117647058826,0.42857142857142855,0.3870967741935484,0.19789097863059174
two_way,5.0,2.0,3.0,0.4,True,2,1,0.7,0.3,28,20,0.5522388059701493,0.5067385444743935,0.34135558516787756,0.21428571428571427,0.42857142857142855,0.2857142857142857,0.2625761366225687
two_way,5.0,2.0,3.0,0.4,True,2,1,0.9,0.3,28,20,0.5522388059701493,0.5067385444743935,0.2372739525148163,0.21428571428571427,0.42857142857142855,0.2857142857142857,0.35832776866154514
two_way,5.0,2.0,3.0,0.4,True,2,1,0.9,0.1,28,20,0.5522388059701493,0.5067385444743935,0.21377872712767326,0.21428571428571427,0.42857142857142855,0.2857142857142857,0.3685815943265324
positive_rescue,5.0,2.0,3.0,0.4,True,2,2,0.7,0.3,28,11,0.5671641791044776,0.6475741239892183,0.5253787912244937,0.2972972972972973,0.7857142857142857,0.43137254901960786,0.24481082776518862
positive_rescue,5.0,2.0,3.0,0.4,True,2,2,0.9,0.3,28,11,0.5671641791044776,0.6475741239892183,0.24553327125899918,0.2972972972972973,0.7857142857142857,0.43137254901960786,0.3405624598041651
positive_rescue,5.0,2.0,3.0,0.4,True,2,2,0.9,0.1,28,11,0.5671641791044776,0.6475741239892183,0.24553327125899918,0.2972972972972973,0.7857142857142857,0.43137254901960786,0.3405624598041651
negative_veto,5.0,2.0,3.0,0.4,True,2,2,0.7,0.3,28,9,0.7164179104477612,0.610512129380054,0.38305345035912264,0.35294117647058826,0.42857142857142855,0.3870967741935484,0.1876371529656044
negative_veto,5.0,2.0,3.0,0.4,True,2,2,0.9,0.3,28,9,0.7164179104477612,0.610512129380054,0.38305345035912264,0.35294117647058826,0.42857142857142855,0.3870967741935484,0.1876371529656044
negative_veto,5.0,2.0,3.0,0.4,True,2,2,0.9,0.1,28,9,0.7164179104477612,0.610512129380054,0.3418980092036814,0.35294117647058826,0.42857142857142855,0.3870967741935484,0.19789097863059174
two_way,5.0,2.0,3.0,0.4,True,2,2,0.7,0.3,28,20,0.5522388059701493,0.5067385444743935,0.34135558516787756,0.21428571428571427,0.42857142857142855,0.2857142857142857,0.2625761366225687
two_way,5.0,2.0,3.0,0.4,True,2,2,0.9,0.3,28,20,0.5522388059701493,0.5067385444743935,0.2372739525148163,0.21428571428571427,0.42857142857142855,0.2857142857142857,0.35832776866154514
two_way,5.0,2.0,3.0,0.4,True,2,2,0.9,0.1,28,20,0.5522388059701493,0.5067385444743935,0.21377872712767326,0.21428571428571427,0.42857142857142855,0.2857142857142857,0.3685815943265324
positive_rescue,5.0,2.0,3.0,0.4,True,3,1,0.7,0.3,25,10,0.582089552238806,0.6570080862533693,0.5266090895002804,0.3055555555555556,0.7857142857142857,0.44,0.23918699223363543
positive_rescue,5.0,2.0,3.0,0.4,True,3,1,0.9,0.3,25,10,0.582089552238806,0.6570080862533693,0.24613493402612502,0.3055555555555556,0.7857142857142857,0.44,0.32658041531738796
positive_rescue,5.0,2.0,3.0,0.4,True,3,1,0.9,0.1,25,10,0.582089552238806,0.6570080862533693,0.24613493402612502,0.3055555555555556,0.7857142857142857,0.44,0.32658041531738796
negative_veto,5.0,2.0,3.0,0.4,True,3,1,0.7,0.3,25,11,0.7164179104477612,0.5842318059299192,0.38115685838900126,0.3333333333333333,0.35714285714285715,0.3448275862068966,0.18694596945858502
negative_veto,5.0,2.0,3.0,0.4,True,3,1,0.9,0.3,25,11,0.7164179104477612,0.5842318059299192,0.38115685838900126,0.3333333333333333,0.35714285714285715,0.3448275862068966,0.18694596945858502
negative_veto,5.0,2.0,3.0,0.4,True,3,1,0.9,0.1,25,11,0.7164179104477612,0.5842318059299192,0.3336522108843537,0.3333333333333333,0.35714285714285715,0.3448275862068966,0.19993272460990613
two_way,5.0,2.0,3.0,0.4,True,3,1,0.7,0.3,25,21,0.5671641791044776,0.48989218328840967,0.3459284182716238,0.2,0.35714285714285715,0.2564102564102564,0.2562611175839961
two_way,5.0,2.0,3.0,0.4,True,3,1,0.9,0.3,25,21,0.5671641791044776,0.48989218328840967,0.2387855611287667,0.2,0.35714285714285715,0.2564102564102564,0.3436545406677487
two_way,5.0,2.0,3.0,0.4,True,3,1,0.9,0.1,25,21,0.5671641791044776,0.48989218328840967,0.20859304629796432,0.2,0.35714285714285715,0.2564102564102564,0.3566412958190698
positive_rescue,5.0,2.0,3.0,0.4,True,3,2,0.7,0.3,25,10,0.582089552238806,0.6570080862533693,0.5266090895002804,0.3055555555555556,0.7857142857142857,0.44,0.23918699223363543
positive_rescue,5.0,2.0,3.0,0.4,True,3,2,0.9,0.3,25,10,0.582089552238806,0.6570080862533693,0.24613493402612502,0.3055555555555556,0.7857142857142857,0.44,0.32658041531738796
positive_rescue,5.0,2.0,3.0,0.4,True,3,2,0.9,0.1,25,10,0.582089552238806,0.6570080862533693,0.24613493402612502,0.3055555555555556,0.7857142857142857,0.44,0.32658041531738796
negative_veto,5.0,2.0,3.0,0.4,True,3,2,0.7,0.3,25,11,0.7164179104477612,0.5842318059299192,0.38115685838900126,0.3333333333333333,0.35714285714285715,0.3448275862068966,0.18694596945858502
negative_veto,5.0,2.0,3.0,0.4,True,3,2,0.9,0.3,25,11,0.7164179104477612,0.5842318059299192,0.38115685838900126,0.3333333333333333,0.35714285714285715,0.3448275862068966,0.18694596945858502
negative_veto,5.0,2.0,3.0,0.4,True,3,2,0.9,0.1,25,11,0.7164179104477612,0.5842318059299192,0.3336522108843537,0.3333333333333333,0.35714285714285715,0.3448275862068966,0.19993272460990613
two_way,5.0,2.0,3.0,0.4,True,3,2,0.7,0.3,25,21,0.5671641791044776,0.48989218328840967,0.3459284182716238,0.2,0.35714285714285715,0.2564102564102564,0.2562611175839961
two_way,5.0,2.0,3.0,0.4,True,3,2,0.9,0.3,25,21,0.5671641791044776,0.48989218328840967,0.2387855611287667,0.2,0.35714285714285715,0.2564102564102564,0.3436545406677487
two_way,5.0,2.0,3.0,0.4,True,3,2,0.9,0.1,25,21,0.5671641791044776,0.48989218328840967,0.20859304629796432,0.2,0.35714285714285715,0.2564102564102564,0.3566412958190698
positive_rescue,5.0,2.0,4.0,0.2,False,2,1,0.7,0.3,25,10,0.582089552238806,0.6570080862533693,0.5244627137085844,0.3055555555555556,0.7857142857142857,0.44,0.24124636578314487
positive_rescue,5.0,2.0,4.0,0.2,False,2,1,0.9,0.3,25,10,0.582089552238806,0.6570080862533693,0.24469228800219817,0.3055555555555556,0.7857142857142857,0.44,0.33043649114473544
positive_rescue,5.0,2.0,4.0,0.2,False,2,1,0.9,0.1,25,10,0.582089552238806,0.6570080862533693,0.24469228800219817,0.3055555555555556,0.7857142857142857,0.44,0.33043649114473544
negative_veto,5.0,2.0,4.0,0.2,False,2,1,0.7,0.3,25,11,0.7164179104477612,0.5842318059299192,0.4037759060080489,0.3333333333333333,0.35714285714285715,0.3448275862068966,0.1830898936312376
negative_veto,5.0,2.0,4.0,0.2,False,2,1,0.9,0.3,25,11,0.7164179104477612,0.5842318059299192,0.4037759060080489,0.3333333333333333,0.35714285714285715,0.3448275862068966,0.1830898936312376
negative_veto,5.0,2.0,4.0,0.2,False,2,1,0.9,0.1,25,11,0.7164179104477612,0.5842318059299192,0.35627125850340136,0.3333333333333333,0.35714285714285715,0.3448275862068966,0.1960766487825587
two_way,5.0,2.0,4.0,0.2,False,2,1,0.7,0.3,25,21,0.5671641791044776,0.48989218328840967,0.36854746589067144,0.2,0.35714285714285715,0.2564102564102564,0.2544644153061581
two_way,5.0,2.0,4.0,0.2,False,2,1,0.9,0.3,25,21,0.5671641791044776,0.48989218328840967,0.2387855611287667,0.2,0.35714285714285715,0.2564102564102564,0.3436545406677487
two_way,5.0,2.0,4.0,0.2,False,2,1,0.9,0.1,25,21,0.5671641791044776,0.48989218328840967,0.20859304629796432,0.2,0.35714285714285715,0.2564102564102564,0.3566412958190698
positive_rescue,5.0,2.0,4.0,0.2,False,2,2,0.7,0.3,25,10,0.582089552238806,0.6570080862533693,0.5244627137085844,0.3055555555555556,0.7857142857142857,0.44,0.24124636578314487
positive_rescue,5.0,2.0,4.0,0.2,False,2,2,0.9,0.3,25,10,0.582089552238806,0.6570080862533693,0.24469228800219817,0.3055555555555556,0.7857142857142857,0.44,0.33043649114473544
positive_rescue,5.0,2.0,4.0,0.2,False,2,2,0.9,0.1,25,10,0.582089552238806,0.6570080862533693,0.24469228800219817,0.3055555555555556,0.7857142857142857,0.44,0.33043649114473544
negative_veto,5.0,2.0,4.0,0.2,False,2,2,0.7,0.3,25,11,0.7164179104477612,0.5842318059299192,0.4037759060080489,0.3333333333333333,0.35714285714285715,0.3448275862068966,0.1830898936312376
negative_veto,5.0,2.0,4.0,0.2,False,2,2,0.9,0.3,25,11,0.7164179104477612,0.5842318059299192,0.4037759060080489,0.3333333333333333,0.35714285714285715,0.3448275862068966,0.1830898936312376
negative_veto,5.0,2.0,4.0,0.2,False,2,2,0.9,0.1,25,11,0.7164179104477612,0.5842318059299192,0.35627125850340136,0.3333333333333333,0.35714285714285715,0.3448275862068966,0.1960766487825587
two_way,5.0,2.0,4.0,0.2,False,2,2,0.7,0.3,25,21,0.5671641791044776,0.48989218328840967,0.36854746589067144,0.2,0.35714285714285715,0.2564102564102564,0.2544644153061581
two_way,5.0,2.0,4.0,0.2,False,2,2,0.9,0.3,25,21,0.5671641791044776,0.48989218328840967,0.2387855611287667,0.2,0.35714285714285715,0.2564102564102564,0.3436545406677487
two_way,5.0,2.0,4.0,0.2,False,2,2,0.9,0.1,25,21,0.5671641791044776,0.48989218328840967,0.20859304629796432,0.2,0.35714285714285715,0.2564102564102564,0.3566412958190698
positive_rescue,5.0,2.0,4.0,0.2,False,3,1,0.7,0.3,22,10,0.582089552238806,0.6570080862533693,0.5281208052977104,0.3055555555555556,0.7857142857142857,0.44,0.23915153565373015
positive_rescue,5.0,2.0,4.0,0.2,False,3,1,0.9,0.3,22,10,0.582089552238806,0.6570080862533693,0.24502409984075665,0.3055555555555556,0.7857142857142857,0.44,0.3194604077297837
positive_rescue,5.0,2.0,4.0,0.2,False,3,1,0.9,0.1,22,10,0.582089552238806,0.6570080862533693,0.24502409984075665,0.3055555555555556,0.7857142857142857,0.44,0.3194604077297837
negative_veto,5.0,2.0,4.0,0.2,False,3,1,0.7,0.3,22,14,0.7313432835820896,0.5673854447439353,0.37110223047723045,0.3333333333333333,0.2857142857142857,0.3076923076923077,0.1797376188372341
negative_veto,5.0,2.0,4.0,0.2,False,3,1,0.9,0.3,22,14,0.7313432835820896,0.5673854447439353,0.37110223047723045,0.3333333333333333,0.2857142857142857,0.3076923076923077,0.1797376188372341
negative_veto,5.0,2.0,4.0,0.2,False,3,1,0.9,0.1,22,14,0.7313432835820896,0.5673854447439353,0.31724837662337657,0.3333333333333333,0.2857142857142857,0.3076923076923077,0.19511243369004772
two_way,5.0,2.0,4.0,0.2,False,3,1,0.7,0.3,22,24,0.582089552238806,0.47304582210242585,0.3315423977880424,0.18181818181818182,0.2857142857142857,0.2222222222222222,0.24901731038273994
two_way,5.0,2.0,4.0,0.2,False,3,1,0.9,0.3,22,24,0.582089552238806,0.47304582210242585,0.2384688047144493,0.18181818181818182,0.2857142857142857,0.2222222222222222,0.32932618245879347
two_way,5.0,2.0,4.0,0.2,False,3,1,0.9,0.1,22,24,0.582089552238806,0.47304582210242585,0.20433500925304204,0.18181818181818182,0.2857142857142857,0.2222222222222222,0.3447009973116071
positive_rescue,5.0,2.0,4.0,0.2,False,3,2,0.7,0.3,22,10,0.582089552238806,0.6570080862533693,0.5281208052977104,0.3055555555555556,0.7857142857142857,0.44,0.23915153565373015
positive_rescue,5.0,2.0,4.0,0.2,False,3,2,0.9,0.3,22,10,0.582089552238806,0.6570080862533693,0.24502409984075665,0.3055555555555556,0.7857142857142857,0.44,0.3194604077297837
positive_rescue,5.0,2.0,4.0,0.2,False,3,2,0.9,0.1,22,10,0.582089552238806,0.6570080862533693,0.24502409984075665,0.3055555555555556,0.7857142857142857,0.44,0.3194604077297837
negative_veto,5.0,2.0,4.0,0.2,False,3,2,0.7,0.3,22,14,0.7313432835820896,0.5673854447439353,0.37110223047723045,0.3333333333333333,0.2857142857142857,0.3076923076923077,0.1797376188372341
negative_veto,5.0,2.0,4.0,0.2,False,3,2,0.9,0.3,22,14,0.7313432835820896,0.5673854447439353,0.37110223047723045,0.3333333333333333,0.2857142857142857,0.3076923076923077,0.1797376188372341
negative_veto,5.0,2.0,4.0,0.2,False,3,2,0.9,0.1,22,14,0.7313432835820896,0.5673854447439353,0.31724837662337657,0.3333333333333333,0.2857142857142857,0.3076923076923077,0.19511243369004772
two_way,5.0,2.0,4.0,0.2,False,3,2,0.7,0.3,22,24,0.582089552238806,0.47304582210242585,0.3315423977880424,0.18181818181818182,0.2857142857142857,0.2222222222222222,0.24901731038273994
two_way,5.0,2.0,4.0,0.2,False,3,2,0.9,0.3,22,24,0.582089552238806,0.47304582210242585,0.2384688047144493,0.18181818181818182,0.2857142857142857,0.2222222222222222,0.32932618245879347
two_way,5.0,2.0,4.0,0.2,False,3,2,0.9,0.1,22,24,0.582089552238806,0.47304582210242585,0.20433500925304204,0.18181818181818182,0.2857142857142857,0.2222222222222222,0.3447009973116071
positive_rescue,5.0,2.0,4.0,0.2,True,2,1,0.7,0.3,24,9,0.5970149253731343,0.6664420485175202,0.5287850208484294,0.3142857142857143,0.7857142857142857,0.4489795918367347,0.23444017223232053
positive_rescue,5.0,2.0,4.0,0.2,True,2,1,0.9,0.3,24,9,0.5970149253731343,0.6664420485175202,0.25265864722205583,0.3142857142857143,0.7857142857142857,0.4489795918367347,0.318854178190926
positive_rescue,5.0,2.0,4.0,0.2,True,2,1,0.9,0.1,24,9,0.5970149253731343,0.6664420485175202,0.25265864722205583,0.3142857142857143,0.7857142857142857,0.4489795918367347,0.318854178190926
negative_veto,5.0,2.0,4.0,0.2,True,2,1,0.7,0.3,24,11,0.7164179104477612,0.5842318059299192,0.4037759060080489,0.3333333333333333,0.35714285714285715,0.3448275862068966,0.1830898936312376
negative_veto,5.0,2.0,4.0,0.2,True,2,1,0.9,0.3,24,11,0.7164179104477612,0.5842318059299192,0.4037759060080489,0.3333333333333333,0.35714285714285715,0.3448275862068966,0.1830898936312376
negative_veto,5.0,2.0,4.0,0.2,True,2,1,0.9,0.1,24,11,0.7164179104477612,0.5842318059299192,0.35627125850340136,0.3333333333333333,0.35714285714285715,0.3448275862068966,0.19571866322890544
two_way,5.0,2.0,4.0,0.2,True,2,1,0.7,0.3,24,20,0.582089552238806,0.4993261455525606,0.37341175085077527,0.20833333333333334,0.35714285714285715,0.2631578947368421,0.2476582217553338
two_way,5.0,2.0,4.0,0.2,True,2,1,0.9,0.3,24,20,0.582089552238806,0.4993261455525606,0.24543556037458475,0.20833333333333334,0.35714285714285715,0.2631578947368421,0.3320722277139393
two_way,5.0,2.0,4.0,0.2,True,2,1,0.9,0.1,24,20,0.582089552238806,0.4993261455525606,0.2115692367741548,0.20833333333333334,0.35714285714285715,0.2631578947368421,0.3447009973116071
positive_rescue,5.0,2.0,4.0,0.2,True,2,2,0.7,0.3,23,8,0.6119402985074627,0.6758760107816711,0.5336282093482554,0.3235294117647059,0.7857142857142857,0.4583333333333333,0.22718476631779516
positive_rescue,5.0,2.0,4.0,0.2,True,2,2,0.9,0.3,23,8,0.6119402985074627,0.6758760107816711,0.2614644839547164,0.3235294117647059,0.7857142857142857,0.4583333333333333,0.30682265287341554
positive_rescue,5.0,2.0,4.0,0.2,True,2,2,0.9,0.1,23,8,0.6119402985074627,0.6758760107816711,0.2614644839547164,0.3235294117647059,0.7857142857142857,0.4583333333333333,0.30682265287341554
negative_veto,5.0,2.0,4.0,0.2,True,2,2,0.7,0.3,23,11,0.7164179104477612,0.5842318059299192,0.4037759060080489,0.3333333333333333,0.35714285714285715,0.3448275862068966,0.1830898936312376
negative_veto,5.0,2.0,4.0,0.2,True,2,2,0.9,0.3,23,11,0.7164179104477612,0.5842318059299192,0.4037759060080489,0.3333333333333333,0.35714285714285715,0.3448275862068966,0.1830898936312376
negative_veto,5.0,2.0,4.0,0.2,True,2,2,0.9,0.1,23,11,0.7164179104477612,0.5842318059299192,0.35627125850340136,0.3333333333333333,0.35714285714285715,0.3448275862068966,0.19571866322890544
two_way,5.0,2.0,4.0,0.2,True,2,2,0.7,0.3,23,19,0.5970149253731343,0.5087601078167115,0.3788034077436251,0.21739130434782608,0.35714285714285715,0.2702702702702703,0.24040281584080841
two_way,5.0,2.0,4.0,0.2,True,2,2,0.9,0.3,23,19,0.5970149253731343,0.5087601078167115,0.2527682110562545,0.21739130434782608,0.35714285714285715,0.2702702702702703,0.32004070239642884
two_way,5.0,2.0,4.0,0.2,True,2,2,0.9,0.1,23,19,0.5970149253731343,0.5087601078167115,0.21707427536231882,0.21739130434782608,0.35714285714285715,0.2702702702702703,0.33266947199409663
positive_rescue,5.0,2.0,4.0,0.2,True,3,1,0.7,0.3,19,9,0.5970149253731343,0.6664420485175202,0.5327164342626014,0.3142857142857143,0.7857142857142857,0.4489795918367347,0.2323453421029058
positive_rescue,5.0,2.0,4.0,0.2,True,3,1,0.9,0.3,19,9,0.5970149253731343,0.6664420485175202,0.2505618908110656,0.3142857142857143,0.7857142857142857,0.4489795918367347,0.30377881493167574
positive_rescue,5.0,2.0,4.0,0.2,True,3,1,0.9,0.1,19,9,0.5970149253731343,0.6664420485175202,0.2505618908110656,0.3142857142857143,0.7857142857142857,0.4489795918367347,0.30377881493167574
negative_veto,5.0,2.0,4.0,0.2,True,3,1,0.7,0.3,19,16,0.7313432835820896,0.5411051212938005,0.30360583798083796,0.3,0.21428571428571427,0.25,0.18025480912929384
negative_veto,5.0,2.0,4.0,0.2,True,3,1,0.9,0.3,19,16,0.7313432835820896,0.5411051212938005,0.30360583798083796,0.3,0.21428571428571427,0.25,0.18025480912929384
negative_veto,5.0,2.0,4.0,0.2,True,3,1,0.9,0.1,19,16,0.7313432835820896,0.5411051212938005,0.24340277777777775,0.3,0.21428571428571427,0.25,0.198853727980693
two_way,5.0,2.0,4.0,0.2,True,3,1,0.7,0.3,19,25,0.5970149253731343,0.45619946091644203,0.26858718944726645,0.15789473684210525,0.21428571428571427,0.18181818181818182,0.24272830712397536
two_way,5.0,2.0,4.0,0.2,True,3,1,0.9,0.3,19,25,0.5970149253731343,0.45619946091644203,0.24415109922170256,0.15789473684210525,0.21428571428571427,0.18181818181818182,0.31416177995274525
two_way,5.0,2.0,4.0,0.2,True,3,1,0.9,0.1,19,25,0.5970149253731343,0.45619946091644203,0.2014440262067527,0.15789473684210525,0.21428571428571427,0.18181818181818182,0.33276069880414444
positive_rescue,5.0,2.0,4.0,0.2,True,3,2,0.7,0.3,18,8,0.6119402985074627,0.6758760107816711,0.5378647928705531,0.3235294117647059,0.7857142857142857,0.4583333333333333,0.2250899361883804
positive_rescue,5.0,2.0,4.0,0.2,True,3,2,0.9,0.3,18,8,0.6119402985074627,0.6758760107816711,0.26021974858281527,0.3235294117647059,0.7857142857142857,0.4583333333333333,0.29174728961416524
positive_rescue,5.0,2.0,4.0,0.2,True,3,2,0.9,0.1,18,8,0.6119402985074627,0.6758760107816711,0.26021974858281527,0.3235294117647059,0.7857142857142857,0.4583333333333333,0.29174728961416524
negative_veto,5.0,2.0,4.0,0.2,True,3,2,0.7,0.3,18,16,0.7313432835820896,0.5411051212938005,0.30360583798083796,0.3,0.21428571428571427,0.25,0.18025480912929384
negative_veto,5.0,2.0,4.0,0.2,True,3,2,0.9,0.3,18,16,0.7313432835820896,0.5411051212938005,0.30360583798083796,0.3,0.21428571428571427,0.25,0.18025480912929384
negative_veto,5.0,2.0,4.0,0.2,True,3,2,0.9,0.1,18,16,0.7313432835820896,0.5411051212938005,0.24340277777777775,0.3,0.21428571428571427,0.25,0.198853727980693
two_way,5.0,2.0,4.0,0.2,True,3,2,0.7,0.3,18,24,0.6119402985074627,0.465633423180593,0.2749453093203093,0.16666666666666666,0.21428571428571427,0.1875,0.23547290120944997
two_way,5.0,2.0,4.0,0.2,True,3,2,0.9,0.3,18,24,0.6119402985074627,0.465633423180593,0.25113578551078547,0.16666666666666666,0.21428571428571427,0.1875,0.3021302546352348
two_way,5.0,2.0,4.0,0.2,True,3,2,0.9,0.1,18,24,0.6119402985074627,0.465633423180593,0.20610119047619047,0.16666666666666666,0.21428571428571427,0.1875,0.32072917348663393
positive_rescue,5.0,2.0,4.0,0.4,False,2,1,0.7,0.3,25,10,0.582089552238806,0.6570080862533693,0.5244627137085844,0.3055555555555556,0.7857142857142857,0.44,0.24124636578314487
positive_rescue,5.0,2.0,4.0,0.4,False,2,1,0.9,0.3,25,10,0.582089552238806,0.6570080862533693,0.24469228800219817,0.3055555555555556,0.7857142857142857,0.44,0.33043649114473544
positive_rescue,5.0,2.0,4.0,0.4,False,2,1,0.9,0.1,25,10,0.582089552238806,0.6570080862533693,0.24469228800219817,0.3055555555555556,0.7857142857142857,0.44,0.33043649114473544
negative_veto,5.0,2.0,4.0,0.4,False,2,1,0.7,0.3,25,11,0.7164179104477612,0.5842318059299192,0.4037759060080489,0.3333333333333333,0.35714285714285715,0.3448275862068966,0.1830898936312376
negative_veto,5.0,2.0,4.0,0.4,False,2,1,0.9,0.3,25,11,0.7164179104477612,0.5842318059299192,0.4037759060080489,0.3333333333333333,0.35714285714285715,0.3448275862068966,0.1830898936312376
negative_veto,5.0,2.0,4.0,0.4,False,2,1,0.9,0.1,25,11,0.7164179104477612,0.5842318059299192,0.35627125850340136,0.3333333333333333,0.35714285714285715,0.3448275862068966,0.1960766487825587
two_way,5.0,2.0,4.0,0.4,False,2,1,0.7,0.3,25,21,0.5671641791044776,0.48989218328840967,0.36854746589067144,0.2,0.35714285714285715,0.2564102564102564,0.2544644153061581
two_way,5.0,2.0,4.0,0.4,False,2,1,0.9,0.3,25,21,0.5671641791044776,0.48989218328840967,0.2387855611287667,0.2,0.35714285714285715,0.2564102564102564,0.3436545406677487
two_way,5.0,2.0,4.0,0.4,False,2,1,0.9,0.1,25,21,0.5671641791044776,0.48989218328840967,0.20859304629796432,0.2,0.35714285714285715,0.2564102564102564,0.3566412958190698
positive_rescue,5.0,2.0,4.0,0.4,False,2,2,0.7,0.3,25,10,0.582089552238806,0.6570080862533693,0.5244627137085844,0.3055555555555556,0.7857142857142857,0.44,0.24124636578314487
positive_rescue,5.0,2.0,4.0,0.4,False,2,2,0.9,0.3,25,10,0.582089552238806,0.6570080862533693,0.24469228800219817,0.3055555555555556,0.7857142857142857,0.44,0.33043649114473544
positive_rescue,5.0,2.0,4.0,0.4,False,2,2,0.9,0.1,25,10,0.582089552238806,0.6570080862533693,0.24469228800219817,0.3055555555555556,0.7857142857142857,0.44,0.33043649114473544
negative_veto,5.0,2.0,4.0,0.4,False,2,2,0.7,0.3,25,11,0.7164179104477612,0.5842318059299192,0.4037759060080489,0.3333333333333333,0.35714285714285715,0.3448275862068966,0.1830898936312376
negative_veto,5.0,2.0,4.0,0.4,False,2,2,0.9,0.3,25,11,0.7164179104477612,0.5842318059299192,0.4037759060080489,0.3333333333333333,0.35714285714285715,0.3448275862068966,0.1830898936312376
negative_veto,5.0,2.0,4.0,0.4,False,2,2,0.9,0.1,25,11,0.7164179104477612,0.5842318059299192,0.35627125850340136,0.3333333333333333,0.35714285714285715,0.3448275862068966,0.1960766487825587
two_way,5.0,2.0,4.0,0.4,False,2,2,0.7,0.3,25,21,0.5671641791044776,0.48989218328840967,0.36854746589067144,0.2,0.35714285714285715,0.2564102564102564,0.2544644153061581
two_way,5.0,2.0,4.0,0.4,False,2,2,0.9,0.3,25,21,0.5671641791044776,0.48989218328840967,0.2387855611287667,0.2,0.35714285714285715,0.2564102564102564,0.3436545406677487
two_way,5.0,2.0,4.0,0.4,False,2,2,0.9,0.1,25,21,0.5671641791044776,0.48989218328840967,0.20859304629796432,0.2,0.35714285714285715,0.2564102564102564,0.3566412958190698
positive_rescue,5.0,2.0,4.0,0.4,False,3,1,0.7,0.3,22,10,0.582089552238806,0.6570080862533693,0.5281208052977104,0.3055555555555556,0.7857142857142857,0.44,0.23915153565373015
positive_rescue,5.0,2.0,4.0,0.4,False,3,1,0.9,0.3,22,10,0.582089552238806,0.6570080862533693,0.24502409984075665,0.3055555555555556,0.7857142857142857,0.44,0.3194604077297837
positive_rescue,5.0,2.0,4.0,0.4,False,3,1,0.9,0.1,22,10,0.582089552238806,0.6570080862533693,0.24502409984075665,0.3055555555555556,0.7857142857142857,0.44,0.3194604077297837
negative_veto,5.0,2.0,4.0,0.4,False,3,1,0.7,0.3,22,14,0.7313432835820896,0.5673854447439353,0.37110223047723045,0.3333333333333333,0.2857142857142857,0.3076923076923077,0.1797376188372341
negative_veto,5.0,2.0,4.0,0.4,False,3,1,0.9,0.3,22,14,0.7313432835820896,0.5673854447439353,0.37110223047723045,0.3333333333333333,0.2857142857142857,0.3076923076923077,0.1797376188372341
negative_veto,5.0,2.0,4.0,0.4,False,3,1,0.9,0.1,22,14,0.7313432835820896,0.5673854447439353,0.31724837662337657,0.3333333333333333,0.2857142857142857,0.3076923076923077,0.19511243369004772
two_way,5.0,2.0,4.0,0.4,False,3,1,0.7,0.3,22,24,0.582089552238806,0.47304582210242585,0.3315423977880424,0.18181818181818182,0.2857142857142857,0.2222222222222222,0.24901731038273994
two_way,5.0,2.0,4.0,0.4,False,3,1,0.9,0.3,22,24,0.582089552238806,0.47304582210242585,0.2384688047144493,0.18181818181818182,0.2857142857142857,0.2222222222222222,0.32932618245879347
two_way,5.0,2.0,4.0,0.4,False,3,1,0.9,0.1,22,24,0.582089552238806,0.47304582210242585,0.20433500925304204,0.18181818181818182,0.2857142857142857,0.2222222222222222,0.3447009973116071
positive_rescue,5.0,2.0,4.0,0.4,False,3,2,0.7,0.3,22,10,0.582089552238806,0.6570080862533693,0.5281208052977104,0.3055555555555556,0.7857142857142857,0.44,0.23915153565373015
positive_rescue,5.0,2.0,4.0,0.4,False,3,2,0.9,0.3,22,10,0.582089552238806,0.6570080862533693,0.24502409984075665,0.3055555555555556,0.7857142857142857,0.44,0.3194604077297837
positive_rescue,5.0,2.0,4.0,0.4,False,3,2,0.9,0.1,22,10,0.582089552238806,0.6570080862533693,0.24502409984075665,0.3055555555555556,0.7857142857142857,0.44,0.3194604077297837
negative_veto,5.0,2.0,4.0,0.4,False,3,2,0.7,0.3,22,14,0.7313432835820896,0.5673854447439353,0.37110223047723045,0.3333333333333333,0.2857142857142857,0.3076923076923077,0.1797376188372341
negative_veto,5.0,2.0,4.0,0.4,False,3,2,0.9,0.3,22,14,0.7313432835820896,0.5673854447439353,0.37110223047723045,0.3333333333333333,0.2857142857142857,0.3076923076923077,0.1797376188372341
negative_veto,5.0,2.0,4.0,0.4,False,3,2,0.9,0.1,22,14,0.7313432835820896,0.5673854447439353,0.31724837662337657,0.3333333333333333,0.2857142857142857,0.3076923076923077,0.19511243369004772
two_way,5.0,2.0,4.0,0.4,False,3,2,0.7,0.3,22,24,0.582089552238806,0.47304582210242585,0.3315423977880424,0.18181818181818182,0.2857142857142857,0.2222222222222222,0.24901731038273994
two_way,5.0,2.0,4.0,0.4,False,3,2,0.9,0.3,22,24,0.582089552238806,0.47304582210242585,0.2384688047144493,0.18181818181818182,0.2857142857142857,0.2222222222222222,0.32932618245879347
two_way,5.0,2.0,4.0,0.4,False,3,2,0.9,0.1,22,24,0.582089552238806,0.47304582210242585,0.20433500925304204,0.18181818181818182,0.2857142857142857,0.2222222222222222,0.3447009973116071
positive_rescue,5.0,2.0,4.0,0.4,True,2,1,0.7,0.3,24,9,0.5970149253731343,0.6664420485175202,0.5287850208484294,0.3142857142857143,0.7857142857142857,0.4489795918367347,0.23444017223232053
positive_rescue,5.0,2.0,4.0,0.4,True,2,1,0.9,0.3,24,9,0.5970149253731343,0.6664420485175202,0.25265864722205583,0.3142857142857143,0.7857142857142857,0.4489795918367347,0.318854178190926
positive_rescue,5.0,2.0,4.0,0.4,True,2,1,0.9,0.1,24,9,0.5970149253731343,0.6664420485175202,0.25265864722205583,0.3142857142857143,0.7857142857142857,0.4489795918367347,0.318854178190926
negative_veto,5.0,2.0,4.0,0.4,True,2,1,0.7,0.3,24,11,0.7164179104477612,0.5842318059299192,0.4037759060080489,0.3333333333333333,0.35714285714285715,0.3448275862068966,0.1830898936312376
negative_veto,5.0,2.0,4.0,0.4,True,2,1,0.9,0.3,24,11,0.7164179104477612,0.5842318059299192,0.4037759060080489,0.3333333333333333,0.35714285714285715,0.3448275862068966,0.1830898936312376
negative_veto,5.0,2.0,4.0,0.4,True,2,1,0.9,0.1,24,11,0.7164179104477612,0.5842318059299192,0.35627125850340136,0.3333333333333333,0.35714285714285715,0.3448275862068966,0.19571866322890544
two_way,5.0,2.0,4.0,0.4,True,2,1,0.7,0.3,24,20,0.582089552238806,0.4993261455525606,0.37341175085077527,0.20833333333333334,0.35714285714285715,0.2631578947368421,0.2476582217553338
two_way,5.0,2.0,4.0,0.4,True,2,1,0.9,0.3,24,20,0.582089552238806,0.4993261455525606,0.24543556037458475,0.20833333333333334,0.35714285714285715,0.2631578947368421,0.3320722277139393
two_way,5.0,2.0,4.0,0.4,True,2,1,0.9,0.1,24,20,0.582089552238806,0.4993261455525606,0.2115692367741548,0.20833333333333334,0.35714285714285715,0.2631578947368421,0.3447009973116071
positive_rescue,5.0,2.0,4.0,0.4,True,2,2,0.7,0.3,23,8,0.6119402985074627,0.6758760107816711,0.5336282093482554,0.3235294117647059,0.7857142857142857,0.4583333333333333,0.22718476631779516
positive_rescue,5.0,2.0,4.0,0.4,True,2,2,0.9,0.3,23,8,0.6119402985074627,0.6758760107816711,0.2614644839547164,0.3235294117647059,0.7857142857142857,0.4583333333333333,0.30682265287341554
positive_rescue,5.0,2.0,4.0,0.4,True,2,2,0.9,0.1,23,8,0.6119402985074627,0.6758760107816711,0.2614644839547164,0.3235294117647059,0.7857142857142857,0.4583333333333333,0.30682265287341554
negative_veto,5.0,2.0,4.0,0.4,True,2,2,0.7,0.3,23,11,0.7164179104477612,0.5842318059299192,0.4037759060080489,0.3333333333333333,0.35714285714285715,0.3448275862068966,0.1830898936312376
negative_veto,5.0,2.0,4.0,0.4,True,2,2,0.9,0.3,23,11,0.7164179104477612,0.5842318059299192,0.4037759060080489,0.3333333333333333,0.35714285714285715,0.3448275862068966,0.1830898936312376
negative_veto,5.0,2.0,4.0,0.4,True,2,2,0.9,0.1,23,11,0.7164179104477612,0.5842318059299192,0.35627125850340136,0.3333333333333333,0.35714285714285715,0.3448275862068966,0.19571866322890544
two_way,5.0,2.0,4.0,0.4,True,2,2,0.7,0.3,23,19,0.5970149253731343,0.5087601078167115,0.3788034077436251,0.21739130434782608,0.35714285714285715,0.2702702702702703,0.24040281584080841
two_way,5.0,2.0,4.0,0.4,True,2,2,0.9,0.3,23,19,0.5970149253731343,0.5087601078167115,0.2527682110562545,0.21739130434782608,0.35714285714285715,0.2702702702702703,0.32004070239642884
two_way,5.0,2.0,4.0,0.4,True,2,2,0.9,0.1,23,19,0.5970149253731343,0.5087601078167115,0.21707427536231882,0.21739130434782608,0.35714285714285715,0.2702702702702703,0.33266947199409663
positive_rescue,5.0,2.0,4.0,0.4,True,3,1,0.7,0.3,20,9,0.5970149253731343,0.6664420485175202,0.5327164342626014,0.3142857142857143,0.7857142857142857,0.4489795918367347,0.2323453421029058
positive_rescue,5.0,2.0,4.0,0.4,True,3,1,0.9,0.3,20,9,0.5970149253731343,0.6664420485175202,0.25958444720204304,0.3142857142857143,0.7857142857142857,0.4489795918367347,0.3032500319296522
positive_rescue,5.0,2.0,4.0,0.4,True,3,1,0.9,0.1,20,9,0.5970149253731343,0.6664420485175202,0.25958444720204304,0.3142857142857143,0.7857142857142857,0.4489795918367347,0.3032500319296522
negative_veto,5.0,2.0,4.0,0.4,True,3,1,0.7,0.3,20,15,0.746268656716418,0.5768194070080863,0.3752147845897846,0.36363636363636365,0.2857142857142857,0.32,0.17361941302683973
negative_veto,5.0,2.0,4.0,0.4,True,3,1,0.9,0.3,20,15,0.746268656716418,0.5768194070080863,0.3752147845897846,0.36363636363636365,0.2857142857142857,0.32,0.17361941302683973
negative_veto,5.0,2.0,4.0,0.4,True,3,1,0.9,0.1,20,15,0.746268656716418,0.5768194070080863,0.32136093073593075,0.36363636363636365,0.2857142857142857,0.32,0.18744221247525386
two_way,5.0,2.0,4.0,0.4,True,3,1,0.7,0.3,20,24,0.6119402985074627,0.49191374663072773,0.33829270323172766,0.2,0.2857142857142857,0.23529411764705882,0.23609291102152125
two_way,5.0,2.0,4.0,0.4,True,3,1,0.9,0.3,20,24,0.6119402985074627,0.49191374663072773,0.24781651275553715,0.2,0.2857142857142857,0.23529411764705882,0.30699760084826766
two_way,5.0,2.0,4.0,0.4,True,3,1,0.9,0.1,20,24,0.6119402985074627,0.49191374663072773,0.20952981444784724,0.2,0.2857142857142857,0.23529411764705882,0.32082040029668174
positive_rescue,5.0,2.0,4.0,0.4,True,3,2,0.7,0.3,19,8,0.6119402985074627,0.6758760107816711,0.5378647928705531,0.3235294117647059,0.7857142857142857,0.4583333333333333,0.2250899361883804
positive_rescue,5.0,2.0,4.0,0.4,True,3,2,0.9,0.3,19,8,0.6119402985074627,0.6758760107816711,0.2696182448234168,0.3235294117647059,0.7857142857142857,0.4583333333333333,0.2912185066121417
positive_rescue,5.0,2.0,4.0,0.4,True,3,2,0.9,0.1,19,8,0.6119402985074627,0.6758760107816711,0.2696182448234168,0.3235294117647059,0.7857142857142857,0.4583333333333333,0.2912185066121417
negative_veto,5.0,2.0,4.0,0.4,True,3,2,0.7,0.3,19,15,0.746268656716418,0.5768194070080863,0.3752147845897846,0.36363636363636365,0.2857142857142857,0.32,0.17361941302683973
negative_veto,5.0,2.0,4.0,0.4,True,3,2,0.9,0.3,19,15,0.746268656716418,0.5768194070080863,0.3752147845897846,0.36363636363636365,0.2857142857142857,0.32,0.17361941302683973
negative_veto,5.0,2.0,4.0,0.4,True,3,2,0.9,0.1,19,15,0.746268656716418,0.5768194070080863,0.32136093073593075,0.36363636363636365,0.2857142857142857,0.32,0.18744221247525386
two_way,5.0,2.0,4.0,0.4,True,3,2,0.7,0.3,19,23,0.6268656716417911,0.5013477088948787,0.3443977866675235,0.21052631578947367,0.2857142857142857,0.24242424242424243,0.22883750510699585
two_way,5.0,2.0,4.0,0.4,True,3,2,0.9,0.3,19,23,0.6268656716417911,0.5013477088948787,0.25542535558982926,0.21052631578947367,0.2857142857142857,0.24242424242424243,0.2949660755307572
two_way,5.0,2.0,4.0,0.4,True,3,2,0.9,0.1,19,23,0.6268656716417911,0.5013477088948787,0.2150610902255639,0.21052631578947367,0.2857142857142857,0.24242424242424243,0.30878887497917124
