gp_nr,mp_id,zpb,anlage,pv_label,label_source,pv_commissioning_date,has_meter,has_blank_pv_row,n_gigi_rows,pv_kwp,plz,ort,kanton
10179,,,,,unlabeled,,False,False,1,,5024,Küttigen,AG
104479,105637,CH1011701234500000000000002129304,539681.0,1.0,gigi_pv,2024-04-15,True,False,1,11.48,8962,Bergdietikon,AG
104479,60373,CH1011701234500000000000000592368,463340.0,1.0,gigi_pv,2024-04-15,True,False,1,11.48,8962,Bergdietikon,AG
104987,109050,CH1011701234500000000000002128171,538467.0,1.0,gigi_pv,2023-11-03,True,False,1,16.61,4322,Mumpf,AG
106914,124215,CH1011701234500000000000002135129,547625.0,1.0,gigi_pv,2025-03-06,True,False,1,15.13,5608,Stetten AG,AG
107868,165917,CH1011701234500000000000000594222,465201.0,1.0,gigi_pv,2024-09-06,True,True,2,,5322,Koblenz,AG
107868,165138,CH1011701234500000000000000593239,464220.0,1.0,gigi_pv,2024-09-06,True,True,2,,5322,Koblenz,AG
108398,87431,CH1011701234500000000000002103820,519504.0,1.0,gigi_pv,2019-03-06,True,False,1,,5332,Rekingen AG,AG
108801,168971,CH1011701234500000000000002104604,520292.0,1.0,gigi_pv,2021-05-11,True,False,2,,5322,Koblenz,AG
108808,169871,CH1011701234500000000000002129237,539577.0,1.0,gigi_pv,,True,False,1,,5322,Koblenz,AG
109103,167809,CH1011701234500000000000002122744,532781.0,,unlabeled,,True,False,1,,5322,Koblenz,AG
109103,167808,CH1011701234500000000000000594078,465056.0,,unlabeled,,True,False,1,,5322,Koblenz,AG
109520,154551,CH1011701234500000000000000552984,456847.0,,unlabeled,,True,False,1,,4313,Möhlin,AG
112352,56399,CH1011701234500000000000002107057,522821.0,1.0,gigi_pv,,True,False,2,,5105,Auenstein,AG
113592,105543,CH1011701234500000000000002129250,539594.0,1.0,gigi_pv,2024-06-28,True,False,1,,5106,Veltheim AG,AG
115673,128897,CH1011701234500000000000000592271,463243.0,,unlabeled,,True,True,1,,4317,Wegenstetten,AG
115673,128853,CH1011701234500000000000000557931,361098.0,,unlabeled,,True,True,1,,4317,Wegenstetten,AG
116373,,,,1.0,gigi_pv,,False,False,1,,5083,Ittenthal,AG
116909,,,,1.0,gigi_pv,2024-03-28,False,False,1,,4665,Oftringen,AG
117726,54162,CH1011701234500000000000002106215,521942.0,1.0,gigi_pv,,True,False,2,,4310,Rheinfelden,AG
118160,162401,CH1011701234500000000000002140664,554075.0,1.0,gigi_pv,,True,False,1,11.4,5607,Hägglingen,AG
118168,150672,CH1011701234500000000000002129468,539855.0,1.0,gigi_pv,2024-05-01,True,False,2,,5607,Hägglingen,AG
118180,139818,CH1011701234500000000000002106222,521949.0,1.0,gigi_pv,2021-11-04,True,False,1,,5607,Hägglingen,AG
118265,140406,CH1011701234500000000000002137635,550700.0,1.0,gigi_pv,2025-05-05,True,False,1,14.24,5607,Hägglingen,AG
118265,140444,CH1011701234500000000000000596199,467223.0,1.0,gigi_pv,2025-05-05,True,False,1,14.24,5607,Hägglingen,AG
118265,140443,CH1011701234500000000000000596195,467219.0,1.0,gigi_pv,2025-05-05,True,False,1,14.24,5607,Hägglingen,AG
118609,150083,CH1011701234500000000000002124480,534578.0,1.0,gigi_pv,2023-04-06,True,True,2,,5607,Hägglingen,AG
118609,96945,CH1011701234500000000000000596399,467423.0,1.0,gigi_pv,2023-04-06,True,True,2,,5607,Hägglingen,AG
118639,149254,CH1011701234500000000000002131774,542657.0,1.0,gigi_pv,2024-07-04,True,False,1,30.88,5607,Hägglingen,AG
119324,,,,1.0,gigi_pv,2024-09-18,False,False,2,,5614,Sarmenstorf,AG
120135,154632,CH1011701234500000000000002125860,536113.0,1.0,gigi_pv,2023-11-01,True,True,2,13.2,4313,Möhlin,AG
120137,154633,CH1011701234500000000000002125937,536191.0,1.0,gigi_pv,2023-11-01,True,False,2,13.6,4313,Möhlin,AG
122506,97562,CH1011701234500000000000002098833,514437.0,1.0,gigi_pv,,True,False,1,,5622,Waltenschwil,AG
123159,64811,CH1011701234500000000000002092619,504633.0,1.0,gigi_pv,2018-03-22,True,True,2,,4310,Rheinfelden,AG
126001,163819,CH1011701234500000000000002128849,539177.0,1.0,gigi_pv,,True,False,1,,4312,Magden,AG
127293,126291,CH1011701234500000000000002132349,543778.0,1.0,gigi_pv,2024-08-09,True,False,1,,4313,Möhlin,AG
127600,120790,CH1011701234500000000000002121005,531036.0,1.0,gigi_pv,2022-12-14,True,False,2,,5235,Rüfenach AG,AG
129225,33116,CH1011701234500000000000002102599,518264.0,1.0,gigi_pv,2020-12-18,True,False,1,,5072,Oeschgen,AG
129447,79415,CH1011701234500000000000002121577,531613.0,1.0,gigi_pv,2023-04-11,True,True,2,,5072,Oeschgen,AG
129462,63907,CH1011701234500000000000002106776,522525.0,1.0,gigi_pv,,True,False,2,,5072,Oeschgen,AG
130747,102057,CH1011701234500000000000000507488,441116.0,,unlabeled,,True,True,1,,5622,Waltenschwil,AG
131436,154629,CH1011701234500000000000002120129,530150.0,1.0,gigi_pv,2022-02-09,True,False,1,,4313,Möhlin,AG
131436,124797,CH1011701234500000000000000601020,472301.0,1.0,gigi_pv,2022-02-09,True,False,1,,4313,Möhlin,AG
131447,,,,,unlabeled,,False,False,1,,5442,Fislisbach,AG
131732,,,,1.0,gigi_pv,2019-03-21,False,True,2,,4323,Wallbach,AG
131858,36513,CH1011701234500000000000000566576,361808.0,1.0,gigi_pv,2024-08-12,True,True,2,,5443,Niederrohrdorf,AG
13217,,,,1.0,gigi_pv,2024-03-20,False,False,1,,4324,Obermumpf,AG
132315,166580,CH1011701234500000000000002129471,539858.0,1.0,gigi_pv,2024-01-12,True,False,1,,4312,Magden,AG
132812,28930,CH1011701234500000000000000600194,471465.0,1.0,gigi_pv,,True,False,1,17.95,5726,Unterkulm,AG
133692,124214,CH1011701234500000000000002135112,547607.0,1.0,gigi_pv,2025-03-17,True,False,1,8.01,5608,Stetten AG,AG
133710,161473,CH1011701234500000000000002140941,554390.0,1.0,gigi_pv,2026-03-05,True,False,1,15.675,5726,Unterkulm,AG
134065,142407,CH1011701234500000000000002106073,521794.0,1.0,gigi_pv,2021-09-13,True,False,1,,5316,Leuggern,AG
134309,,,,1.0,gigi_pv,2023-02-22,False,False,1,,5312,Döttingen,AG
134586,36920,CH1011701234500000000000002100171,515800.0,1.0,gigi_pv,2020-06-16,True,False,1,,5726,Unterkulm,AG
134742,,,,,unlabeled,2019-12-13,False,False,1,,5070,Frick,AG
135287,160101,CH1011701234500000000000002097845,513206.0,1.0,gigi_pv,2019-10-15,True,False,2,,4333,Münchwilen AG,AG
135868,131292,CH1011701234500000000000002131198,542066.0,1.0,gigi_pv,2024-06-20,True,False,1,,4313,Möhlin,AG
136557,153288,CH1011701234500000000000002125575,535818.0,1.0,gigi_pv,2023-05-10,True,False,2,,4325,Schupfart,AG
137763,144176,CH1011701234500000000000002134849,547068.0,1.0,gigi_pv,2025-01-12,True,False,1,12.9,4313,Möhlin,AG
137898,169974,CH1011701234500000000000002103237,518907.0,1.0,gigi_pv,2021-02-02,True,False,1,,4315,Zuzgen,AG
138849,,,,1.0,gigi_pv,2024-01-09,False,True,2,22.1,5605,Dottikon,AG
142012,92041,CH1011701234500000000000000517822,386933.0,,unlabeled,2022-09-07,True,False,1,,5074,Eiken,AG
142682,121131,CH1011701234500000000000002132078,543052.0,1.0,gigi_pv,2024-10-08,True,False,1,13.7,4303,Kaiseraugst,AG
143397,156980,CH1011701234500000000000000606535,480001.0,1.0,gigi_pv,2024-07-30,True,False,1,,5620,Bremgarten AG,AG
143397,156990,CH1011701234500000000000000606545,480011.0,1.0,gigi_pv,2024-07-30,True,False,1,,5620,Bremgarten AG,AG
143397,156991,CH1011701234500000000000000606546,480012.0,1.0,gigi_pv,2024-07-30,True,False,1,,5620,Bremgarten AG,AG
143397,155244,CH1011701234500000000000002122697,532734.0,1.0,gigi_pv,2024-07-30,True,False,1,,5620,Bremgarten AG,AG
143397,155246,CH1011701234500000000000002122699,532736.0,1.0,gigi_pv,2024-07-30,True,False,1,,5620,Bremgarten AG,AG
143397,155247,CH1011701234500000000000002122700,532737.0,1.0,gigi_pv,2024-07-30,True,False,1,,5620,Bremgarten AG,AG
143397,142065,CH1011701234500000000000002122684,532721.0,1.0,gigi_pv,2024-07-30,True,False,1,,5620,Bremgarten AG,AG
143397,142066,CH1011701234500000000000002122685,532722.0,1.0,gigi_pv,2024-07-30,True,False,1,,5620,Bremgarten AG,AG
143664,,,,1.0,gigi_pv,2023-02-02,False,False,1,,4312,Magden,AG
143675,,,,,unlabeled,,False,False,1,,5236,Remigen,AG
144863,101174,CH1011701234500000000000002130799,541665.0,1.0,gigi_pv,2024-04-06,True,False,1,,5105,Auenstein,AG
145326,86955,CH1011701234500000000000002122230,532259.0,1.0,gigi_pv,2022-08-18,True,False,1,,5426,Lengnau AG,AG
145791,,,,1.0,gigi_pv,2022-03-14,False,False,1,,4332,Stein AG,AG
146018,146173,CH1011701234500000000000002126356,536620.0,1.0,gigi_pv,2023-07-07,True,False,1,,4324,Obermumpf,AG
146018,146161,CH1011701234500000000000000534739,364210.0,1.0,gigi_pv,2023-07-07,True,False,1,,4324,Obermumpf,AG
146018,146157,CH1011701234500000000000000504184,364215.0,1.0,gigi_pv,2023-07-07,True,False,1,,4324,Obermumpf,AG
146143,,,,1.0,gigi_pv,,False,False,1,,4323,Wallbach,AG
146807,69791,CH1011701234500000000000002123666,533720.0,1.0,gigi_pv,2023-01-10,True,False,1,,5106,Veltheim AG,AG
147864,,,,1.0,gigi_pv,2024-05-27,False,False,1,,4314,Zeiningen,AG
148105,,,,1.0,gigi_pv,2023-05-11,False,False,2,18.17,4314,Zeiningen,AG
148265,,,,1.0,gigi_pv,2025-06-10,False,False,1,21.6,4314,Zeiningen,AG
148705,,,,1.0,gigi_pv,2022-12-19,False,False,1,,4314,Zeiningen,AG
149072,,,,1.0,gigi_pv,,False,False,1,,5706,Boniswil,AG
149164,70028,CH1011701234500000000000002123784,533839.0,1.0,gigi_pv,2023-12-06,True,False,2,,5600,Ammerswil AG,AG
150401,126475,CH1011701234500000000000002102668,518333.0,1.0,gigi_pv,2021-01-14,True,False,1,,4313,Möhlin,AG
150951,115607,CH1011701234500000000000002124159,534234.0,1.0,gigi_pv,2023-11-13,True,False,1,,5506,Mägenwil,AG
150964,131301,CH1011701234500000000000002131950,542833.0,1.0,gigi_pv,2024-07-23,True,False,1,,5107,Schinznach Dorf,AG
151081,101299,CH1011701234500000000000002104889,520579.0,1.0,gigi_battery,,True,True,1,,4310,Rheinfelden,AG
151081,101298,CH1011701234500000000000002103702,519385.0,1.0,gigi_battery,,True,True,1,,4310,Rheinfelden,AG
151970,116783,CH1011701234500000000000002122091,532125.0,1.0,gigi_pv,2022-07-27,True,False,1,,5306,Tegerfelden,AG
152528,101195,CH1011701234500000000000002105728,521448.0,1.0,gigi_pv,2021-09-02,True,False,1,,5225,Bözberg,AG
152557,169451,CH1011701234500000000000002121016,531048.0,1.0,gigi_pv,2022-12-13,True,False,1,,5070,Frick,AG
153093,103631,CH1011701234500000000000000578370,415871.0,,unlabeled,2023-10-13,True,False,1,,5504,Othmarsingen,AG
153783,82232,CH1011701234500000000000002123021,533065.0,1.0,gigi_pv,2022-09-21,True,False,2,,5619,Uezwil,AG
155412,,,,1.0,gigi_pv,2023-06-29,False,True,2,,8967,Widen,AG
155497,126306,CH1011701234500000000000002131450,542320.0,1.0,gigi_pv,2024-07-26,True,False,2,26.1,5108,Oberflachs,AG
155734,,,,1.0,gigi_pv,2022-10-20,False,False,1,,5073,Gipf-Oberfrick,AG
156287,163477,CH1011701234500000000000002133141,544960.0,,unlabeled,2026-01-22,True,True,2,,5322,Koblenz,AG
157583,,,,1.0,gigi_pv,,False,False,1,20.16,5272,Gansingen,AG
157648,,,,1.0,gigi_pv,2020-02-07,False,False,2,,5272,Gansingen,AG
158544,88020,CH1011701234500000000000002104532,520218.0,1.0,gigi_pv,2021-04-30,True,False,1,,4310,Rheinfelden,AG
159181,,,,1.0,gigi_pv,2024-05-06,False,False,2,,4805,Brittnau,AG
159313,,,,1.0,gigi_pv,2024-03-20,False,False,2,,4805,Brittnau,AG
159508,,,,1.0,gigi_pv,2023-03-15,False,False,1,,4805,Brittnau,AG
160111,,,,,unlabeled,,False,False,1,,4805,Brittnau,AG
161857,149313,CH1011701234500000000000002128152,538447.0,1.0,gigi_pv,2024-01-29,True,False,1,,4324,Obermumpf,AG
162827,103833,CH1011701234500000000000002131217,542086.0,1.0,gigi_pv,2024-05-03,True,False,1,,5225,Bözberg,AG
162973,37546,CH1011701234500000000000002103368,519043.0,1.0,gigi_pv,2021-03-18,True,False,1,,5727,Oberkulm,AG
162973,38326,CH1011701234500000000000000597684,468707.0,1.0,gigi_pv,2021-03-18,True,False,1,,5727,Oberkulm,AG
162973,37545,CH1011701234500000000000000539646,410388.0,1.0,gigi_pv,2021-03-18,True,False,1,,5727,Oberkulm,AG
163954,109854,CH1011701234500000000000002121569,531605.0,1.0,gigi_pv,2022-04-04,True,False,1,,4322,Mumpf,AG
164222,65427,CH1011701234500000000000002120051,530057.0,1.0,gigi_pv,,True,False,2,,8962,Bergdietikon,AG
164237,102550,CH1011701234500000000000002131110,541976.0,1.0,gigi_pv,2024-08-20,True,True,2,,5622,Waltenschwil,AG
164237,111698,CH1011701234500000000000002131759,542642.0,1.0,gigi_pv,2024-08-20,True,True,2,,5622,Waltenschwil,AG
164491,120483,CH1011701234500000000000002134519,546542.0,1.0,gigi_pv,,True,False,1,8.36,5105,Auenstein,AG
165171,174336,CH1011701234500000000000002143348,556913.0,1.0,gigi_pv,2024-06-24,True,False,2,9.4,5506,Mägenwil,AG
165171,106348,CH1011701234500000000000000529305,453764.0,1.0,gigi_pv,2024-06-24,True,False,2,9.4,5506,Mägenwil,AG
165183,106365,CH1011701234500000000000002130036,540906.0,1.0,gigi_pv,2024-04-04,True,False,1,,5504,Othmarsingen,AG
165295,145883,CH1011701234500000000000000515499,405932.0,1.0,gigi_pv,,True,False,1,12.69,4313,Möhlin,AG
165585,174543,CH1011701234500000000000002143887,557467.0,1.0,gigi_pv,,True,False,1,14.55,5614,Sarmenstorf,AG
165585,169752,CH1011701234500000000000000554414,376976.0,1.0,gigi_pv,,True,False,1,14.55,5614,Sarmenstorf,AG
166661,,,,1.0,gigi_pv,2023-10-05,False,False,1,9.35,5626,Hermetschwil-Staffeln,AG
166831,131910,CH1011701234500000000000002131499,542371.0,1.0,gigi_pv,2024-06-11,True,False,1,,5725,Leutwil,AG
167357,,,,,unlabeled,2018-03-09,False,False,2,,5245,Habsburg,AG
167903,,,,1.0,gigi_pv,2024-05-29,False,False,1,,4332,Stein AG,AG
168512,,,,1.0,gigi_pv,2025-07-04,False,False,1,16.92,4314,Zeiningen,AG
16976,,,,1.0,gigi_pv,2022-04-19,False,False,1,,5432,Neuenhof,AG
171122,153488,CH1011701234500000000000002138723,551932.0,1.0,gigi_pv,,True,False,1,11.28,5745,Safenwil,AG
171901,95009,CH1011701234500000000000002106281,522010.0,1.0,gigi_pv,2021-12-01,True,False,1,,5304,Endingen,AG
174453,87853,CH1011701234500000000000002124142,534217.0,1.0,gigi_pv,2023-04-18,True,False,1,,5706,Boniswil,AG
175022,56236,CH1011701234500000000000002106151,521874.0,1.0,gigi_pv,,True,False,2,,5313,Klingnau,AG
175213,64806,CH1011701234500000000000002122702,532739.0,1.0,gigi_pv,,True,False,1,,5313,Klingnau,AG
175356,42987,CH1011701234500000000000002104605,520293.0,1.0,gigi_pv,2021-04-08,True,False,1,,5313,Klingnau,AG
175514,97794,CH1011701234500000000000002129504,539892.0,1.0,gigi_pv,2024-07-02,True,False,1,,5313,Klingnau,AG
175560,159232,CH1011701234500000000000002140577,553971.0,1.0,gigi_pv,,True,False,1,,5313,Klingnau,AG
176260,,,,1.0,gigi_pv,2023-09-21,False,True,2,,5452,Oberrohrdorf,AG
176306,131321,CH1011701234500000000000002132904,544332.0,1.0,gigi_pv,2024-11-28,True,False,1,26.66,5707,Seengen,AG
176630,,,,1.0,gigi_battery,2019-09-26,False,False,1,,5621,Zufikon,AG
176765,,,,1.0,gigi_pv,2024-07-30,False,False,1,,5621,Zufikon,AG
177379,157358,CH1011701234500000000000002139768,553123.0,1.0,gigi_pv,,True,False,1,12.6,5312,Döttingen,AG
177528,,,,,unlabeled,,False,True,1,,5621,Zufikon,AG
178475,,,,1.0,gigi_pv,,False,False,1,,5621,Zufikon,AG
178529,,,,1.0,gigi_pv,2022-07-06,False,False,2,,5621,Zufikon,AG
179215,150900,CH1011701234500000000000002127783,538068.0,1.0,gigi_pv,2023-09-01,True,False,1,,5607,Hägglingen,AG
180092,,,,,unlabeled,2020-12-04,False,False,1,,5630,Muri AG,AG
181978,,,,1.0,gigi_pv,2022-09-22,False,False,2,,4323,Wallbach,AG
182712,,,,1.0,gigi_pv,2024-12-06,False,False,2,,8967,Widen,AG
183539,,,,1.0,gigi_pv,2023-05-03,False,False,2,,4323,Wallbach,AG
184136,,,,,unlabeled,2020-06-30,False,False,1,,5103,Möriken AG,AG
184486,96653,CH1011701234500000000000002128862,539190.0,1.0,gigi_pv,2024-07-04,True,False,1,,5305,Unterendingen,AG
184486,18846,CH1011701234500000000000002092860,504878.0,1.0,gigi_pv,2024-07-04,True,False,1,,5305,Unterendingen,AG
185674,46968,CH1011701234500000000000000578101,425237.0,,unlabeled,,True,True,1,,5330,Bad Zurzach,AG
185674,46967,CH1011701234500000000000000522315,425234.0,,unlabeled,,True,True,1,,5330,Bad Zurzach,AG
186396,157108,CH1011701234500000000000002137882,550975.0,1.0,gigi_pv,2025-03-18,True,False,1,8.84,4324,Obermumpf,AG
186748,96886,CH1011701234500000000000002129284,539636.0,1.0,gigi_pv,2023-07-03,True,False,1,,5074,Eiken,AG
186879,,,,1.0,gigi_pv,2019-04-03,False,False,1,,4334,Sisseln AG,AG
186964,,,,1.0,gigi_pv,2024-03-13,False,False,1,,4334,Sisseln AG,AG
186983,,,,1.0,gigi_pv,,False,False,1,15.2,4334,Sisseln AG,AG
187213,118890,CH1011701234500000000000002133164,545034.0,,unlabeled,,True,False,1,,5113,Holderbank AG,AG
187213,27487,CH1011701234500000000000000568943,407975.0,,unlabeled,,True,False,1,,5113,Holderbank AG,AG
187213,27485,CH1011701234500000000000000500391,407978.0,,unlabeled,,True,False,1,,5113,Holderbank AG,AG
187258,66613,CH1011701234500000000000002123182,533230.0,1.0,gigi_pv,2022-11-30,True,False,1,,5106,Veltheim AG,AG
188435,,,,1.0,gigi_pv,2025-05-01,False,False,1,16.02,5524,Niederwil AG,AG
188943,,,,1.0,gigi_pv,,False,False,1,13.2,5524,Niederwil AG,AG
190040 / 750463,,,,,unlabeled,2023-09-21,False,False,1,,5504,Othmarsingen,AG
191185,,,,1.0,gigi_pv,2021-04-08,False,False,4,17.3,4805,Brittnau,AG
191828,156784,CH1011701234500000000000002138801,552010.0,1.0,gigi_pv,,True,False,1,16.56,5452,Oberrohrdorf,AG
192082,163386,CH1011701234500000000000000555972,390034.0,1.0,gigi_pv,,True,False,1,,5620,Bremgarten AG,AG
194098,107115,CH1011701234500000000000000589652,372084.0,,unlabeled,,True,True,1,,5504,Othmarsingen,AG
194265,123269,CH1011701234500000000000002132065,543039.0,1.0,gigi_pv,2024-08-08,True,False,1,,5078,Effingen,AG
194322,,,,,unlabeled,,False,False,1,,5604,Hendschiken,AG
194423,155841,CH1011701234500000000000002132404,543833.0,1.0,gigi_pv,,True,False,1,,4324,Obermumpf,AG
195088,141982,CH1011701234500000000000002122253,532282.0,1.0,gigi_pv,2022-09-07,True,False,2,,4313,Möhlin,AG
195114,,,,1.0,gigi_pv,,False,False,1,,5330,Bad Zurzach,AG
196287,,,,,unlabeled,2020-04-24,False,False,1,,5107,Schinznach Dorf,AG
196344,,,,1.0,gigi_pv,2017-06-21,False,False,2,,5732,Zetzwil,AG
197257,125617,CH1011701234500000000000002130992,541855.0,1.0,gigi_pv,2024-07-16,True,False,1,,5426,Lengnau AG,AG
197257,94991,CH1011701234500000000000000522273,389093.0,1.0,gigi_pv,2024-07-16,True,False,1,,5426,Lengnau AG,AG
197811,,,,1.0,gigi_pv,2024-12-05,False,False,1,,4305,Olsberg,AG
198525,,,,1.0,gigi_pv,2024-11-06,False,False,1,,5723,Teufenthal AG,AG
198827,90815,CH1011701234500000000000002121980,532022.0,1.0,gigi_pv,2022-10-12,True,False,1,,5225,Bözberg,AG
199430,,,,1.0,gigi_pv,2025-08-20,False,False,2,15.98,4303,Kaiseraugst,AG
201264,144017,CH1011701234500000000000002129138,539464.0,1.0,gigi_pv,2024-05-07,True,False,1,,5076,Bözen,AG
201391,122134,CH1011701234500000000000002132211,543637.0,1.0,gigi_pv,2024-10-07,True,False,2,,5076,Bözen,AG
201527,,,,1.0,gigi_pv,2025-06-23,False,False,2,43.2,5620,Bremgarten AG,AG
203398,,,,1.0,gigi_pv,,False,False,1,,5610,Wohlen AG,AG
204380,,,,1.0,gigi_pv,2024-04-19,False,False,1,20.24,5325,Leibstadt,AG
21264,,,,,unlabeled,,False,True,1,,4303,Kaiseraugst,AG
212714,,,,1.0,gigi_pv,2022-06-08,False,False,2,,4665,Oftringen,AG
212758,,,,1.0,gigi_pv,2022-07-28,False,False,1,,5722,Gränichen,AG
213052,,,,,unlabeled,2022-11-15,False,False,1,,5033,Buchs AG,AG
213106,,,,1.0,gigi_pv,,False,False,1,,5420,Ehrendingen,AG
213113,,,,1.0,gigi_pv,2022-11-02,False,False,2,,4653,Obergösgen,SO
213274,,,,1.0,gigi_pv,2022-09-16,False,False,1,,4852,Rothrist,AG
213683,,,,1.0,gigi_pv,2022-09-22,False,False,1,,5024,Küttigen,AG
213700,,,,,unlabeled,,False,False,1,,5610,Wohlen AG,AG
213711,,,,1.0,gigi_pv,2022-05-17,False,False,2,,5024,Küttigen,AG
214149,,,,1.0,gigi_pv,2022-10-11,False,True,2,,5420,Ehrendingen,AG
214379,,,,1.0,gigi_pv,2023-02-09,False,False,1,,5525,Fischbach-Göslikon,AG
214501,,,,1.0,gigi_pv,,False,False,1,,5035,Unterentfelden,AG
214609,,,,,unlabeled,2023-01-31,False,False,1,,4313,Möhlin,AG
214745,,,,1.0,gigi_pv,2022-11-15,False,True,2,,5430,Wettingen,AG
214910,,,,1.0,gigi_pv,2022-12-14,False,False,2,,4800,Zofingen,AG
215442,,,,1.0,gigi_pv,2023-03-08,False,False,1,,5000,Aarau,AG
215480,117270,CH1011701234500000000000002124896,535001.0,1.0,gigi_pv,2023-06-16,True,False,1,,5504,Othmarsingen,AG
215492,,,,1.0,gigi_pv,2023-07-07,False,False,2,,5033,Buchs AG,AG
215500,,,,1.0,gigi_pv,,False,False,1,21.17,4323,Wallbach,AG
215605,,,,,unlabeled,,False,False,1,,5023,Biberstein,AG
215676,,,,,unlabeled,,False,False,1,,4852,Rothrist,AG
215697,,,,1.0,gigi_pv,2023-09-27,False,False,1,,5742,Kölliken,AG
215731,,,,1.0,gigi_pv,2023-08-24,False,False,2,,5430,Wettingen,AG
215740,,,,1.0,gigi_pv,2023-07-14,False,False,1,,5000,Aarau,AG
215929,168217,CH1011701234500000000000002136045,548848.0,1.0,gigi_pv,2023-07-28,True,False,1,,5724,Dürrenäsch,AG
215962,,,,1.0,gigi_pv,2023-05-15,False,False,2,,5210,Windisch,AG
216063,,,,1.0,gigi_pv,,False,False,1,,5024,Küttigen,AG
216151,,,,1.0,gigi_pv,,False,False,1,,8966,Oberwil-Lieli,AG
216213,,,,1.0,gigi_battery,2023-05-05,False,False,1,,4657,Dulliken,SO
216226,,,,1.0,gigi_pv,2023-08-30,False,False,1,,5014,Gretzenbach,SO
216237,,,,1.0,gigi_pv,2023-03-22,False,False,2,,5610,Wohlen AG,AG
216373,,,,1.0,gigi_pv,,False,False,1,,8956,Killwangen,AG
216692,,,,1.0,gigi_pv,2023-12-08,False,False,1,,5014,Gretzenbach,SO
217735,,,,1.0,gigi_pv,2023-12-08,False,False,1,,8964,Rudolfstetten,AG
218254,,,,,unlabeled,,False,True,1,,5417,Untersiggenthal,AG
218646,,,,1.0,gigi_pv,2024-01-12,False,False,1,12.71,4310,Rheinfelden,AG
218749,,,,1.0,gigi_pv,2023-12-15,False,False,1,31.98,5600,Lenzburg,AG
218940,,,,1.0,gigi_pv,2024-12-07,False,False,2,,5058,Wiliberg,AG
219030,,,,1.0,gigi_pv,2024-04-22,False,False,1,,8965,Berikon,AG
219195,,,,1.0,gigi_pv,2023-12-19,False,False,1,,5000,Aarau,AG
219355,,,,1.0,gigi_pv,2023-10-20,False,False,1,,5222,Umiken,AG
219690,,,,1.0,gigi_pv,2023-12-19,False,False,1,,4800,Zofingen,AG
219735,,,,1.0,gigi_pv,2024-04-23,False,False,1,,5018,Erlinsbach,AG
220346,,,,,unlabeled,2024-06-07,False,True,1,,5018,Erlinsbach,AG
220402,,,,1.0,gigi_pv,,False,False,1,,5000,Aarau,AG
220464,,,,1.0,gigi_pv,2024-02-29,False,False,1,,5442,Fislisbach,AG
220531,,,,1.0,gigi_battery,2025-04-30,False,False,1,,5036,Oberentfelden,AG
220598,,,,1.0,gigi_pv,2024-06-21,False,False,1,,5502,Hunzenschwil,AG
220642,,,,,unlabeled,,False,False,1,,5200,Brugg AG,AG
220683,,,,1.0,gigi_pv,2024-08-09,False,False,1,,4803,Vordemwald,AG
220835,,,,1.0,gigi_pv,2024-09-03,False,False,1,,4853,Murgenthal,AG
220966,,,,1.0,gigi_pv,2024-04-10,False,False,1,,5018,Erlinsbach,AG
221051,,,,1.0,gigi_pv,2024-10-03,False,False,1,9.2,8954,Geroldswil,ZH
221104,,,,1.0,gigi_pv,2024-08-27,False,False,1,26.97,5504,Othmarsingen,AG
221151,,,,1.0,gigi_pv,2024-04-05,False,False,1,,5610,Wohlen AG,AG
221163,,,,1.0,gigi_pv,2024-05-08,False,False,1,,5000,Aarau,AG
221242,,,,,unlabeled,2023-10-13,False,False,1,,5000,Aarau,AG
221251,,,,1.0,gigi_pv,2024-06-20,False,False,2,,5507,Mellingen,AG
221278,,,,1.0,gigi_pv,2017-12-07,False,False,1,,8105,Regensdorf,ZH
221659,,,,,unlabeled,,False,True,1,,5502,Hunzenschwil,AG
221660,,,,1.0,gigi_pv,2024-05-31,False,False,2,,5607,Hägglingen,AG
221878,,,,1.0,gigi_pv,2024-11-05,False,False,1,,5033,Buchs AG,AG
221953,,,,1.0,gigi_pv,2021-08-09,False,False,1,,4852,Rothrist,AG
222144,,,,1.0,gigi_pv,2024-09-03,False,False,1,,5737,Menziken,AG
222361,,,,1.0,gigi_pv,2024-06-14,False,True,2,,3038,Kirchlindach,BE
222659,,,,1.0,gigi_pv,2024-07-31,False,False,1,,5722,Gränichen,AG
222824,95133,CH1011701234500000000000002127985,538273.0,1.0,gigi_pv,,True,False,1,20.25,5304,Endingen,AG
222951,,,,1.0,gigi_pv,2024-08-28,False,False,1,,5622,Waltenschwil,AG
223251,,,,1.0,gigi_battery,,False,True,1,,4852,Rothrist,AG
223319,,,,1.0,gigi_pv,2024-06-06,False,False,1,,5013,Niedergösgen,SO
223425,,,,1.0,gigi_pv,,False,False,1,,4802,Strengelbach,AG
223566,,,,1.0,gigi_pv,2025-01-17,False,False,1,,4102,Binningen,BL
223567,,,,1.0,gigi_pv,2024-08-09,False,False,1,,8965,Berikon,AG
223653,,,,1.0,gigi_pv,2024-06-20,False,False,3,,4323,Wallbach,AG
223900,155255,CH1011701234500000000000002133034,544466.0,1.0,gigi_pv,2024-11-22,True,False,1,,5607,Hägglingen,AG
224148,,,,1.0,gigi_pv,2024-09-11,False,False,1,,6234,Triengen,LU
224211,,,,1.0,gigi_pv,,False,False,1,,5018,Erlinsbach,AG
224372,,,,1.0,gigi_pv,2024-04-03,False,False,1,,5242,Birr,AG
224437,,,,1.0,gigi_pv,2024-07-11,False,False,1,,5036,Oberentfelden,AG
224444,,,,1.0,gigi_pv,2024-10-11,False,False,1,,5000,Aarau,AG
224481,,,,1.0,gigi_pv,2024-08-21,False,False,1,,5400,Baden,AG
224532,,,,1.0,gigi_pv,2024-11-25,False,False,1,,4600,Olten,SO
224819,,,,1.0,gigi_pv,2024-07-25,False,False,1,31.32,4657,Dulliken,SO
224898,,,,1.0,gigi_pv,2024-10-30,False,False,1,,5620,Bremgarten AG,AG
225057,,,,1.0,gigi_pv,2024-08-09,False,False,1,,5034,Suhr,AG
225127,,,,1.0,gigi_pv,,False,False,2,,5443,Niederrohrdorf,AG
225186,,,,1.0,gigi_pv,2024-09-04,False,True,2,,4612,Wangen b. Olten,SO
225302,,,,1.0,gigi_pv,2024-11-22,False,False,1,,5452,Oberrohrdorf,AG
225364,,,,1.0,gigi_pv,2024-05-14,False,False,1,,5116,Schinznach Bad,AG
225438,,,,1.0,gigi_pv,2024-07-02,False,False,1,,5442,Fislisbach,AG
225594,,,,1.0,gigi_pv,2024-07-04,False,False,1,,5243,Mülligen,AG
225601,,,,1.0,gigi_pv,2024-07-17,False,False,1,,5033,Buchs AG,AG
225602,,,,1.0,gigi_pv,2024-08-23,False,False,2,,5033,Buchs AG,AG
225685,,,,1.0,gigi_pv,2024-04-29,False,False,1,,5630,Muri AG,AG
225852,,,,1.0,gigi_pv,2024-12-12,False,False,2,19.27,5620,Bremgarten AG,AG
225908,,,,1.0,gigi_pv,2025-06-14,False,False,1,,5603,Staufen,AG
225935,,,,1.0,gigi_pv,2024-04-29,False,False,1,,5611,Anglikon,AG
226011,166421,CH1011701234500000000000002134061,545933.0,1.0,gigi_pv,2026-07-09,True,True,2,,5425,Schneisingen,AG
226015,,,,1.0,gigi_pv,,False,False,3,,5082,Kaisten,AG
226022,,,,1.0,gigi_pv,2024-09-06,False,False,1,,5702,Niederlenz,AG
226026,,,,1.0,gigi_pv,2024-03-13,False,False,1,,4313,Möhlin,AG
226514,,,,1.0,gigi_pv,2024-07-22,False,False,1,,8919,Rottenschwil,AG
226549,,,,1.0,gigi_pv,2024-10-21,False,False,1,14.45,4542,Luterbach,SO
226644,,,,1.0,gigi_pv,2024-08-30,False,False,1,39.84,5430,Wettingen,AG
226751,,,,1.0,gigi_pv,2024-12-09,False,False,1,9.14,4802,Strengelbach,AG
226809,,,,,unlabeled,2024-07-29,False,False,1,,5610,Wohlen AG,AG
226885,,,,1.0,gigi_pv,2024-11-27,False,False,1,18.48,5032,Aarau Rohr,AG
227165,,,,1.0,gigi_pv,2024-07-03,False,True,2,,5603,Staufen,AG
227446,,,,1.0,gigi_pv,2024-07-02,False,False,1,,4323,Wallbach,AG
227509,27195,CH1011701234500000000000000510706,407551.0,,unlabeled,2026-01-16,True,True,1,,5113,Holderbank AG,AG
227577,,,,1.0,gigi_pv,2025-04-07,False,False,1,12.6,5034,Suhr,AG
227594,,,,1.0,gigi_pv,2024-09-06,False,False,1,,5412,Gebenstorf,AG
227658,,,,,unlabeled,,False,False,1,,5200,Brugg AG,AG
227804,,,,1.0,gigi_pv,2024-11-30,False,True,3,,5702,Niederlenz,AG
227805,,,,,unlabeled,,False,False,1,,5200,Brugg AG,AG
227913,93564,CH1011701234500000000000000545623,414712.0,,unlabeled,,True,True,1,,5426,Lengnau AG,AG
227957,,,,1.0,gigi_pv,2024-10-09,False,True,2,,5103,Möriken AG,AG
227963,,,,1.0,gigi_pv,,False,False,1,14.55,5000,Aarau,AG
227965,,,,1.0,gigi_pv,,False,False,1,4.95,5073,Gipf-Oberfrick,AG
227966,,,,1.0,gigi_pv,2024-12-20,False,False,1,,5032,Aarau Rohr,AG
228090,,,,1.0,gigi_pv,2024-06-30,False,False,1,,5034,Suhr,AG
228239,,,,1.0,gigi_pv,2024-11-25,False,False,1,,5452,Oberrohrdorf,AG
228382,,,,1.0,gigi_pv,2024-09-25,False,False,1,,5502,Hunzenschwil,AG
228384,,,,1.0,gigi_pv,2024-12-05,False,True,2,,5502,Hunzenschwil,AG
228750,,,,1.0,gigi_pv,2024-08-08,False,False,1,,5620,Bremgarten AG,AG
228764,,,,1.0,gigi_pv,2024-09-30,False,False,1,,5034,Suhr,AG
228831,153410,CH1011701234500000000000000536578,353292.0,1.0,gigi_pv,2025-03-28,True,False,1,14.69,8962,Bergdietikon,AG
228837,110865,CH1011701234500000000000000502924,459008.0,1.0,gigi_pv,2024-11-30,True,False,1,,5463,Wislikofen,AG
228933,,,,,unlabeled,,False,False,1,,4632,Trimbach,SO
229088,,,,1.0,gigi_pv,2025-03-31,False,False,1,24.03,5430,Wettingen,AG
229103,,,,1.0,gigi_pv,2024-11-18,False,False,1,,5272,Gansingen,AG
229264,,,,1.0,gigi_pv,2025-04-24,False,False,1,6.68,5200,Brugg AG,AG
229415,,,,,unlabeled,,False,False,1,,5107,Schinznach Dorf,AG
229434,,,,1.0,gigi_pv,,False,False,1,12.83,5430,Wettingen,AG
229547,,,,1.0,gigi_pv,,False,True,2,,5436,Würenlos,AG
229766,,,,1.0,gigi_pv,2024-11-20,False,False,1,8.36,5703,Seon,AG
230149,,,,1.0,gigi_pv,,False,False,1,,4310,Rheinfelden,AG
230807,,,,,unlabeled,,False,False,1,,5425,Schneisingen,AG
231749,,,,1.0,gigi_pv,,False,False,1,,5000,Aarau,AG
231791,,,,1.0,gigi_pv,2025-02-20,False,False,1,14.52,5034,Suhr,AG
231801,,,,1.0,gigi_pv,2025-05-20,False,False,1,14.08,5200,Brugg AG,AG
232018,,,,1.0,gigi_pv,2025-06-27,False,False,1,20.25,5430,Wettingen,AG
232339,,,,,unlabeled,,False,False,1,,5000,Aarau,AG
232359,,,,1.0,gigi_pv,2024-12-06,False,False,1,12.32,5726,Unterkulm,AG
232425,,,,,unlabeled,,False,False,1,,5452,Oberrohrdorf,AG
232749,,,,1.0,gigi_pv,,False,False,1,,4123,Allschwil,BL
232990,,,,,unlabeled,2025-03-20,False,False,1,,4600,Olten,SO
233086,,,,1.0,gigi_pv,2025-01-22,False,False,1,13.35,5073,Gipf-Oberfrick,AG
233087,,,,1.0,gigi_pv,2025-01-29,False,True,2,20.03,5212,Hausen AG,AG
233188,,,,1.0,gigi_pv,,False,False,1,108.45,4127,Birsfelden,BL
233298,,,,1.0,gigi_pv,2025-05-06,False,False,1,5.34,5605,Dottikon,AG
233381,,,,1.0,gigi_pv,2025-01-23,False,False,2,16.02,4652,Winznau,SO
234314,,,,1.0,gigi_pv,2025-04-04,False,False,1,14.69,5018,Erlinsbach,AG
234332,,,,1.0,gigi_pv,2025-04-08,False,False,1,15.13,5034,Suhr,AG
234572,,,,1.0,gigi_pv,2025-03-24,False,False,1,12.32,4614,Hägendorf,SO
234669,,,,1.0,gigi_pv,,False,False,1,8.46,5024,Küttigen,AG
235223,,,,,unlabeled,2025-06-02,False,False,1,,5614,Sarmenstorf,AG
235266,,,,,unlabeled,,False,False,1,,5303,Würenlingen,AG
235760,,,,1.0,gigi_pv,2025-05-02,False,False,1,14.1,5445,Eggenwil,AG
235970,,,,,unlabeled,,False,False,1,,5200,Brugg AG,AG
236035,,,,1.0,gigi_battery,2025-05-28,False,False,1,,4632,Trimbach,SO
236125,,,,1.0,gigi_pv,,False,False,1,35.2,4322,Mumpf,AG
236888,,,,1.0,gigi_pv,2025-05-01,False,False,1,0.0,5223,Riniken,AG
236992,,,,1.0,gigi_pv,2026-01-14,False,False,1,13.92,5103,Möriken AG,AG
237118,,,,,unlabeled,,False,False,1,,6265,Roggliswil,LU
237215,,,,1.0,gigi_pv,2025-07-11,False,False,1,13.63,5432,Neuenhof,AG
237552,,,,,unlabeled,,False,False,1,,4852,Rothrist,AG
237736,,,,1.0,gigi_battery,,False,False,1,,5062,Oberhof,AG
237900,,,,,unlabeled,,False,False,1,,5623,Boswil,AG
238020,,,,1.0,gigi_pv,2025-07-08,False,False,1,15.2,5412,Gebenstorf,AG
238140,,,,1.0,gigi_pv,,False,False,1,76.0,5000,Aarau,AG
238234,,,,1.0,gigi_pv,,False,True,6,,5000,Aarau,AG
238724,,,,,unlabeled,,False,False,1,,5033,Buchs AG,AG
238871,,,,1.0,gigi_pv,2025-10-07,False,False,1,11.28,5033,Buchs AG,AG
238878,,,,1.0,gigi_pv,,False,False,1,15.04,5037,Muhen,AG
238918,,,,1.0,gigi_pv,2025-08-19,False,True,2,17.86,5316,Leuggern,AG
239000,,,,1.0,gigi_pv,2025-08-11,False,False,1,0.0,5420,Ehrendingen,AG
239018,,,,1.0,gigi_pv,2025-12-19,False,False,1,17.205,5024,Küttigen,AG
239204,,,,1.0,gigi_pv,2025-10-03,False,True,2,13.95,5012,Schönenwerd,SO
239315,,,,1.0,gigi_pv,2025-10-06,False,False,1,13.02,5116,Schinznach Bad,AG
240050,,,,,unlabeled,2025-10-16,False,False,1,,5415,Nussbaumen AG,AG
240158,,,,1.0,gigi_pv,2025-11-19,False,False,1,22.1,5103,Wildegg,AG
240366,,,,,unlabeled,,False,True,1,,5035,Unterentfelden,AG
240425,,,,1.0,gigi_pv,2025-11-04,False,False,1,19.4,5712,Beinwil am See,AG
240458,,,,1.0,gigi_pv,,False,False,1,19.8,5303,Würenlingen,AG
240781,,,,1.0,gigi_pv,2025-11-07,False,False,1,11.875,5722,Gränichen,AG
240903,,,,,unlabeled,2026-05-08,False,True,1,,5033,Buchs AG,AG
241341,27352,CH1011701234500000000000000534828,350703.0,,unlabeled,,True,True,1,,5625,Kallern,AG
241353,,,,,unlabeled,2026-04-10,False,True,1,,5064,Wittnau,AG
241448,,,,1.0,gigi_pv,2025-11-28,False,False,1,13.16,5080,Laufenburg,AG
241564,,,,1.0,gigi_pv,,False,True,2,17.58,5725,Leutwil,AG
241633,,,,1.0,gigi_pv,2026-05-13,False,False,1,,5102,Rupperswil,AG
241981,,,,1.0,gigi_pv,2026-03-19,False,False,1,14.75,5436,Würenlos,AG
242130,,,,1.0,gigi_pv,2026-04-24,False,True,2,21.85,5210,Windisch,AG
243997,,,,,unlabeled,,False,True,1,,5015,Erlinsbach SO,SO
246881,,,,,unlabeled,,False,True,1,,5444,Künten,AG
552884,107150,CH1011701234500000000000002131698,542580.0,1.0,gigi_pv,2024-07-08,True,False,1,,5522,Tägerig,AG
553509,136016,CH1011701234500000000000002106992,522731.0,1.0,gigi_pv,2022-01-13,True,False,1,,4313,Möhlin,AG
553924,,,,,unlabeled,,False,True,1,,5074,Eiken,AG
555287,109231,CH1011701234500000000000002131976,542860.0,1.0,gigi_pv,2024-08-29,True,True,2,,5706,Boniswil,AG
556799,147428,CH1011701234500000000000002139063,552313.0,1.0,gigi_pv,,True,False,1,16.49,5113,Holderbank AG,AG
556837,162160,CH1011701234500000000000002128947,539275.0,1.0,gigi_pv,2024-03-26,True,False,1,,5236,Remigen,AG
558719,,,,1.0,gigi_battery,,False,True,2,,4310,Rheinfelden,AG
559816,,,,,unlabeled,,False,False,1,,5043,Holziken,AG
559868,,,,1.0,gigi_pv,2024-03-07,False,False,1,,5036,Oberentfelden,AG
561504,,,,1.0,gigi_pv,,False,False,2,,5040,Schöftland,AG
564900,,,,1.0,gigi_pv,2022-05-04,False,False,1,,5024,Küttigen,AG
568740,,,,,unlabeled,,False,False,1,0.0,5000,Aarau,AG
570021,,,,1.0,gigi_pv,2017-11-24,False,False,3,,5023,Biberstein,AG
571675,,,,,unlabeled,2023-08-31,False,False,1,,4805,Brittnau,AG
571758,,,,1.0,gigi_pv,2020-11-09,False,False,1,,4805,Brittnau,AG
571965,63347,CH1011701234500000000000002098374,513935.0,1.0,gigi_pv,2019-11-28,True,False,3,,5464,Rümikon AG,AG
572042,,,,,unlabeled,,False,False,1,,5070,Frick,AG
572761,,,,1.0,gigi_pv,2018-10-25,False,False,3,,8966,Oberwil-Lieli,AG
572795,,,,1.0,gigi_pv,2022-02-21,False,False,2,,4813,Uerkheim,AG
572837,,,,1.0,gigi_pv,2019-08-27,False,True,5,,5035,Unterentfelden,AG
573125,,,,,unlabeled,2018-11-05,False,False,1,,5102,Rupperswil,AG
573138,,,,1.0,gigi_pv,2019-03-04,False,False,2,,5616,Meisterschwanden,AG
573146,,,,1.0,gigi_pv,2024-07-09,False,False,1,,8918,Unterlunkhofen,AG
573200,,,,1.0,gigi_pv,2018-12-07,False,False,1,,5022,Rombach,AG
573250,,,,1.0,gigi_pv,2019-10-24,False,False,1,,5000,Aarau,AG
573343,,,,,unlabeled,2019-07-10,False,False,1,,5000,Aarau,AG
573411,,,,1.0,gigi_pv,,False,False,1,,5024,Küttigen,AG
573459,,,,1.0,gigi_pv,2019-04-12,False,False,3,,5102,Rupperswil,AG
573469,,,,1.0,gigi_pv,2019-05-03,False,False,3,,5000,Aarau,AG
573484,,,,1.0,gigi_pv,2020-01-30,False,False,3,,5033,Buchs AG,AG
573525,,,,1.0,gigi_pv,,False,False,2,,5024,Küttigen,AG
573526,,,,1.0,gigi_pv,,False,False,1,,5024,Küttigen,AG
573527,,,,1.0,gigi_pv,,False,True,4,,5036,Oberentfelden,AG
573962,,,,1.0,gigi_pv,2019-07-02,False,False,2,,5024,Küttigen,AG
574477,,,,1.0,gigi_pv,2019-07-30,False,False,4,,5276,Wil AG,AG
574487,,,,1.0,gigi_pv,,False,False,2,,5000,Aarau,AG
574685,,,,1.0,gigi_pv,2019-10-16,False,False,3,,4322,Mumpf,AG
574773,,,,1.0,gigi_pv,2020-01-22,False,False,1,,8903,Birmensdorf ZH,ZH
574802,,,,1.0,gigi_pv,2019-10-18,False,True,2,,4663,Aarburg,AG
574845,,,,1.0,gigi_pv,2019-10-24,False,False,1,,8916,Jonen,AG
575102,,,,1.0,gigi_pv,2020-04-23,False,False,3,,4654,Lostorf,SO
575120,,,,1.0,gigi_pv,2019-10-23,False,False,3,21.6,5062,Oberhof,AG
575135,,,,1.0,gigi_pv,2019-10-23,False,True,3,,5012,Eppenberg,SO
575209,,,,1.0,gigi_pv,2025-05-08,False,False,1,14.08,5012,Schönenwerd,SO
575339,,,,1.0,gigi_pv,2020-03-05,False,True,2,,4652,Winznau,SO
575427,,,,,unlabeled,,False,False,1,,5036,Oberentfelden,AG
575539,,,,1.0,gigi_pv,2020-06-25,False,False,1,,5012,Schönenwerd,SO
575578,,,,1.0,gigi_pv,2020-04-08,False,False,2,,5212,Hausen AG,AG
576050,,,,1.0,gigi_pv,2021-09-13,False,False,2,,5600,Lenzburg,AG
576463,,,,1.0,gigi_pv,2020-02-28,False,False,1,,5082,Kaisten,AG
576503,,,,1.0,gigi_pv,2020-04-17,False,False,1,,5723,Teufenthal AG,AG
576527,,,,1.0,gigi_pv,,False,False,1,,5600,Lenzburg,AG
576543,,,,1.0,gigi_pv,2021-09-23,False,False,1,,5723,Teufenthal AG,AG
576552,,,,1.0,gigi_pv,2020-02-20,False,False,2,,5742,Kölliken,AG
576554,,,,1.0,gigi_pv,2019-11-19,False,False,2,,5723,Teufenthal AG,AG
576618,,,,1.0,gigi_pv,2024-01-31,False,False,3,,5600,Lenzburg,AG
576627,,,,1.0,gigi_pv,,False,False,1,,5116,Schinznach Bad,AG
576824,,,,1.0,gigi_pv,2020-05-07,False,True,4,,5610,Wohlen AG,AG
576846,,,,1.0,gigi_pv,,False,False,1,,4852,Rothrist,AG
576898,,,,1.0,gigi_pv,,False,False,1,,5315,Böttstein,AG
576915,,,,1.0,gigi_pv,2020-02-05,False,False,2,,5442,Fislisbach,AG
577018,,,,1.0,gigi_pv,2022-04-11,False,False,1,,5600,Lenzburg,AG
577138,,,,1.0,gigi_pv,,False,False,1,,5213,Villnachern,AG
577310,,,,1.0,gigi_pv,2020-03-25,False,False,2,,4655,Stüsslingen,SO
577538,,,,1.0,gigi_pv,2024-08-09,False,False,1,,5200,Brugg AG,AG
577847,,,,1.0,gigi_pv,2020-11-19,False,False,1,,5212,Hausen AG,AG
577919,,,,1.0,gigi_pv,2020-05-29,False,False,2,,5442,Fislisbach,AG
578058,,,,1.0,gigi_pv,2021-08-09,False,False,1,,4852,Rothrist,AG
578360,,,,1.0,gigi_pv,,False,False,1,,5742,Kölliken,AG
578387,,,,1.0,gigi_pv,2024-09-09,False,False,1,,4323,Wallbach,AG
578447,,,,,unlabeled,2020-05-22,False,False,1,,8907,Wettswil,ZH
578634,,,,1.0,gigi_pv,2021-08-05,False,False,1,,5620,Bremgarten AG,AG
578673,,,,1.0,gigi_pv,2020-06-04,False,True,3,,5712,Beinwil am See,AG
578756,,,,1.0,gigi_pv,2024-08-09,False,False,1,,5452,Oberrohrdorf,AG
578973,,,,1.0,gigi_pv,2020-09-09,False,False,1,,4712,Laupersdorf,SO
578994,,,,1.0,gigi_pv,2020-09-11,False,False,1,,5103,Möriken-Wildegg,AG
579050,,,,,unlabeled,,False,False,1,,5507,Mellingen,AG
579448,,,,,unlabeled,2025-10-03,False,False,1,,5603,Staufen,AG
579508,,,,1.0,gigi_pv,2020-04-27,False,False,2,,5032,Aarau Rohr,AG
579764,,,,1.0,gigi_pv,2020-10-19,False,False,1,,5610,Wohlen AG,AG
579842,,,,1.0,gigi_pv,2020-08-19,False,True,2,,5018,Erlinsbach,AG
579972,,,,1.0,gigi_pv,2023-11-13,False,False,1,,5036,Oberentfelden,AG
580281,,,,1.0,gigi_pv,,False,False,1,,5070,Frick,AG
580601,,,,1.0,gigi_pv,2021-05-06,False,False,1,,4310,Rheinfelden,AG
580767,,,,1.0,gigi_pv,2024-10-17,False,False,1,,4312,Magden,AG
580866,,,,1.0,gigi_pv,2020-12-01,False,False,2,,5442,Fislisbach,AG
582164,162934,CH1011701234500000000000000587875,392084.0,,unlabeled,2025-06-02,True,False,1,,5614,Sarmenstorf,AG
582891,,,,1.0,gigi_pv,2020-09-17,False,True,4,,5722,Gränichen,AG
582940,,,,,unlabeled,2020-11-15,False,False,1,,5452,Oberrohrdorf,AG
583071,,,,1.0,gigi_pv,,False,False,1,,5040,Schöftland,AG
583323,,,,1.0,gigi_pv,2020-12-02,False,False,3,21.6,4303,Kaiseraugst,AG
583327,,,,1.0,gigi_pv,2021-02-05,False,False,1,,5242,Lupfig,AG
583431,,,,,unlabeled,2020-11-03,False,False,1,,5442,Fislisbach,AG
583547,,,,1.0,gigi_pv,2020-10-21,False,False,1,,5728,Gontenschwil,AG
583817,,,,1.0,gigi_pv,,False,False,1,13.35,5605,Dottikon,AG
583987,,,,1.0,gigi_pv,2021-05-31,False,False,2,,5024,Küttigen,AG
584041,,,,1.0,gigi_pv,2021-03-17,False,False,1,,5443,Niederrohrdorf,AG
584196,,,,1.0,gigi_pv,2020-12-14,False,False,1,,5623,Boswil,AG
584301,,,,1.0,gigi_pv,2021-04-21,False,False,4,,8966,Oberwil-Lieli,AG
584353,,,,1.0,gigi_pv,,False,False,1,,5024,Küttigen,AG
584406,,,,1.0,gigi_pv,2021-02-24,False,True,3,,5033,Buchs AG,AG
584523,,,,1.0,gigi_pv,,False,False,1,,5054,Moosleerau,AG
584595,,,,1.0,gigi_pv,2021-05-20,False,False,1,,5103,Möriken AG,AG
584849,,,,,unlabeled,,False,False,1,,5022,Rombach,AG
584939,,,,1.0,gigi_pv,,False,False,1,,5512,Wohlenschwil,AG
585660,116778,CH1011701234500000000000002130427,541298.0,1.0,gigi_pv,2024-03-14,True,False,1,,4322,Mumpf,AG
585704,147416,CH1011701234500000000000002099033,514655.0,1.0,gigi_pv,2020-04-16,True,False,1,,5312,Döttingen,AG
585704,147413,CH1011701234500000000000002099030,514652.0,1.0,gigi_pv,2020-04-16,True,False,1,,5312,Döttingen,AG
585704,147417,CH1011701234500000000000002099034,514656.0,1.0,gigi_pv,2020-04-16,True,False,1,,5312,Döttingen,AG
585733,,,,1.0,gigi_pv,,False,False,1,,8905,Arni AG,AG
585999,,,,1.0,gigi_pv,,False,False,1,,5028,Ueken,AG
586106,,,,1.0,gigi_pv,2021-05-18,False,False,3,,5000,Aarau,AG
586117,,,,1.0,gigi_pv,,False,False,1,,5312,Döttingen,AG
586141,,,,1.0,gigi_pv,,False,False,1,,5443,Niederrohrdorf,AG
586707,,,,,unlabeled,,False,False,1,,8957,Spreitenbach,AG
587410,,,,1.0,gigi_pv,2021-06-15,False,False,1,,4652,Winznau,SO
587669,,,,1.0,gigi_pv,2021-07-05,False,False,1,,4632,Trimbach,SO
587682,,,,,unlabeled,,False,False,1,,4663,Aarburg,AG
587753,,,,1.0,gigi_pv,2024-08-29,False,False,3,15.35,5103,Möriken-Wildegg,AG
588117,,,,1.0,gigi_pv,2021-04-15,False,False,2,,5103,Möriken AG,AG
588329,,,,1.0,gigi_pv,2021-04-23,False,False,1,,4657,Dulliken,SO
588589,,,,1.0,gigi_pv,2022-03-30,False,False,1,,5000,Aarau,AG
588885,,,,1.0,gigi_pv,2021-11-24,False,False,2,,8903,Birmensdorf ZH,ZH
589123,,,,1.0,gigi_battery,,False,True,3,,5014,Gretzenbach,SO
589133,,,,,unlabeled,,False,False,1,,4658,Däniken SO,SO
589743,,,,,unlabeled,2021-12-14,False,False,1,,5442,Fislisbach,AG
589903,,,,,unlabeled,,False,False,1,,5036,Oberentfelden,AG
590117,,,,1.0,gigi_pv,,False,False,1,,4303,Kaiseraugst,AG
590142,,,,1.0,gigi_pv,2023-11-08,False,False,4,,5000,Aarau,AG
590480,,,,1.0,gigi_pv,2021-12-08,False,False,2,,5210,Windisch,AG
590582,,,,1.0,gigi_pv,2022-09-07,False,False,1,,5620,Bremgarten AG,AG
590937,,,,1.0,gigi_pv,2022-10-03,False,True,2,,5512,Wohlenschwil,AG
591100,,,,1.0,gigi_pv,2022-05-20,False,False,1,,5213,Villnachern,AG
591191,,,,,unlabeled,,False,False,1,,5018,Erlinsbach,AG
591571,101874,CH1011701234500000000000002130465,541335.0,1.0,gigi_pv,2024-06-27,True,False,2,,5426,Lengnau AG,AG
591712,,,,1.0,gigi_pv,2022-04-26,False,False,2,,5200,Brugg AG,AG
592509,,,,1.0,gigi_pv,2021-09-21,False,False,2,,5034,Suhr,AG
592761,,,,1.0,gigi_battery,2022-02-17,False,False,1,,5028,Ueken,AG
592852,,,,1.0,gigi_pv,2024-10-10,False,False,2,,5242,Birr,AG
593014,,,,1.0,gigi_pv,2022-09-20,False,False,2,,5236,Remigen,AG
593030,,,,1.0,gigi_pv,2022-04-06,False,False,1,,5242,Birr,AG
593131,,,,1.0,gigi_pv,2022-05-04,False,False,1,,4310,Rheinfelden,AG
593329,,,,1.0,gigi_pv,2023-09-22,False,False,1,12.45,5200,Brugg AG,AG
593365,,,,1.0,gigi_pv,2022-06-30,False,False,1,,5103,Möriken AG,AG
593387,,,,1.0,gigi_pv,2022-04-14,False,False,1,,5712,Beinwil am See,AG
593403,,,,1.0,gigi_pv,2022-07-21,False,False,1,,5430,Wettingen,AG
593820,,,,1.0,gigi_pv,2022-09-08,False,False,1,,5432,Neuenhof,AG
593829,170123,CH1011701234500000000000002134114,545986.0,1.0,gigi_pv,2022-08-16,True,False,1,,5425,Schneisingen,AG
594002,,,,1.0,gigi_pv,2022-09-19,False,False,1,,5035,Unterentfelden,AG
594027,,,,1.0,gigi_pv,2022-04-28,False,False,1,,5034,Suhr,AG
594045,,,,1.0,gigi_pv,2022-04-12,False,False,1,,5033,Buchs AG,AG
594108,,,,1.0,gigi_pv,2021-11-15,False,False,1,,5430,Wettingen,AG
594211,,,,1.0,gigi_pv,2022-05-19,False,False,3,,5415,Nussbaumen AG,AG
594379,166880,CH1011701234500000000000002129718,540585.0,1.0,gigi_pv,2024-02-07,True,False,1,,4333,Münchwilen AG,AG
594402,,,,1.0,gigi_pv,2022-05-16,False,False,1,,5412,Gebenstorf,AG
594446,,,,1.0,gigi_pv,2022-02-03,False,False,1,,5022,Rombach,AG
594448,,,,1.0,gigi_pv,2021-12-14,False,True,2,,5042,Hirschthal,AG
594950,,,,1.0,gigi_pv,2023-07-25,False,False,2,20.54,5103,Möriken AG,AG
595118,,,,,unlabeled,,False,False,1,,4800,Zofingen,AG
595302,,,,1.0,gigi_pv,2022-11-24,False,False,3,,5400,Baden,AG
595391,,,,1.0,gigi_pv,2022-11-03,False,False,1,,4665,Oftringen,AG
595636,,,,1.0,gigi_pv,2022-05-31,False,False,1,,5076,Bözen,AG
595687,134962,CH1011701234500000000000002137798,550867.0,1.0,gigi_pv,,True,False,1,13.49,4310,Rheinfelden,AG
595711,,,,1.0,gigi_pv,,False,True,2,0.0,8962,Bergdietikon,AG
595793,,,,1.0,gigi_pv,2022-03-10,False,False,1,,5036,Oberentfelden,AG
595809,,,,1.0,gigi_pv,2023-05-24,False,False,1,,5626,Hermetschwil-Staffeln,AG
595906,,,,1.0,gigi_pv,2022-03-16,False,False,2,,8964,Rudolfstetten,AG
595907,,,,1.0,gigi_pv,2022-03-14,False,False,1,,8964,Rudolfstetten,AG
595990,,,,1.0,gigi_pv,2022-10-21,False,False,3,,5033,Buchs AG,AG
596018,,,,1.0,gigi_pv,2022-08-09,False,False,2,,5233,Stilli,AG
596019,,,,1.0,gigi_pv,2022-01-11,False,True,4,,5728,Gontenschwil,AG
596077,,,,1.0,gigi_pv,2023-10-13,False,False,1,,5272,Gansingen,AG
596167,,,,1.0,gigi_pv,2023-01-24,False,False,2,,4665,Oftringen,AG
596257,,,,1.0,gigi_pv,2022-11-22,False,False,1,,4665,Oftringen,AG
596313,,,,1.0,gigi_pv,2022-12-22,False,False,2,,4852,Rothrist,AG
596361,,,,1.0,gigi_pv,2022-12-15,False,True,3,,5242,Lupfig,AG
596391,,,,1.0,gigi_pv,2023-03-08,False,False,1,,5116,Schinznach Bad,AG
596414,,,,1.0,gigi_pv,2023-05-02,False,False,1,,8967,Widen,AG
596437,,,,1.0,gigi_pv,,False,False,1,,4657,Dulliken,SO
596456,,,,1.0,gigi_battery,,False,False,1,,5722,Gränichen,AG
596560,,,,1.0,gigi_pv,2023-07-27,False,False,1,,4663,Aarburg,AG
596561,,,,1.0,gigi_pv,2023-09-22,False,False,1,,5430,Wettingen,AG
596641,,,,1.0,gigi_pv,2023-06-13,False,False,2,,4464,Maisprach,BL
596691,,,,1.0,gigi_pv,2022-09-02,False,False,1,,5610,Wohlen AG,AG
596760,,,,1.0,gigi_pv,2022-04-19,False,False,2,,4657,Dulliken,SO
596934,,,,1.0,gigi_pv,2022-09-08,False,False,1,,5432,Neuenhof,AG
596967,,,,,unlabeled,,False,False,1,,5000,Aarau,AG
597714,,,,1.0,gigi_pv,2022-03-23,False,False,2,,5073,Gipf-Oberfrick,AG
688436,136761,CH1011701234500000000000002093046,505065.0,1.0,gigi_pv,2026-04-27,True,False,1,156.8,5620,Bremgarten AG,AG
688436,171608,CH1011701234500000000000002140970,554419.0,1.0,gigi_pv,2026-04-27,True,False,1,156.8,5620,Bremgarten AG,AG
688436,157121,CH1011701234500000000000000534290,370581.0,1.0,gigi_pv,2026-04-27,True,False,1,156.8,5620,Bremgarten AG,AG
689836,119923,CH1011701234500000000000002131763,542646.0,1.0,gigi_pv,2024-11-05,True,False,1,23.93,5237,Mönthal,AG
690299,142292,CH1011701234500000000000002102843,518511.0,1.0,gigi_pv,2021-02-18,True,False,2,,4317,Wegenstetten,AG
690299,142434,CH1011701234500000000000000567064,419386.0,1.0,gigi_pv,2021-02-18,True,False,2,,4317,Wegenstetten,AG
690299,147161,CH1011701234500000000000000525427,419832.0,1.0,gigi_pv,2021-02-18,True,False,2,,4317,Wegenstetten,AG
691339,138577,CH1011701234500000000000002121022,531054.0,1.0,gigi_pv,2023-09-07,True,False,1,,4317,Wegenstetten,AG
692112,65290,CH1011701234500000000000002120873,530901.0,1.0,gigi_pv,,True,False,2,,8962,Bergdietikon,AG
692112,66549,CH1011701234500000000000000608022,481498.0,1.0,gigi_pv,,True,False,2,,8962,Bergdietikon,AG
692126,101176,CH1011701234500000000000002128047,538337.0,1.0,gigi_pv,2024-04-03,True,False,1,,8962,Bergdietikon,AG
692320,66803,CH1011701234500000000000002098478,514035.0,1.0,gigi_pv,,True,False,2,,8962,Bergdietikon,AG
692466,95510,CH1011701234500000000000002127091,537360.0,1.0,gigi_pv,,True,False,2,13.17,8962,Bergdietikon,AG
692466,61683,CH1011701234500000000000000591110,462104.0,1.0,gigi_pv,,True,False,2,13.17,8962,Bergdietikon,AG
692550,121379,CH1011701234500000000000002134437,546359.0,1.0,gigi_pv,2024-11-25,True,False,2,15.13,8962,Bergdietikon,AG
692590,60933,CH1011701234500000000000000606887,480361.0,1.0,gigi_battery,2018-09-13,True,False,1,,8962,Bergdietikon,AG
692712,62847,CH1011701234500000000000002100878,516492.0,1.0,gigi_pv,,True,False,1,,8962,Bergdietikon,AG
692971,80353,CH1011701234500000000000000558690,355005.0,,unlabeled,2023-09-15,True,False,2,,5244,Birrhard,AG
693075,,,,1.0,gigi_pv,2024-06-25,False,False,1,,4323,Wallbach,AG
693106,106336,CH1011701234500000000000002123702,533756.0,1.0,gigi_pv,2022-12-20,True,False,1,,5706,Boniswil,AG
693106,106335,CH1011701234500000000000002120294,530309.0,1.0,gigi_pv,2022-12-20,True,False,1,,5706,Boniswil,AG
693106,106333,CH1011701234500000000000000516051,356658.0,1.0,gigi_pv,2022-12-20,True,False,1,,5706,Boniswil,AG
694066,149167,CH1011701234500000000000002120308,530323.0,1.0,gigi_pv,2022-03-16,True,False,2,,5707,Seengen,AG
694334,,,,1.0,gigi_pv,,False,False,1,,4323,Wallbach,AG
694569,96067,CH1011701234500000000000002128825,539152.0,1.0,gigi_pv,,True,False,1,,5452,Oberrohrdorf,AG
694569,130489,CH1011701234500000000000002132760,544188.0,1.0,gigi_pv,,True,False,1,,5452,Oberrohrdorf,AG
694753,149575,CH1011701234500000000000002122637,532674.0,1.0,gigi_battery,2025-11-18,True,True,2,,5620,Bremgarten AG,AG
695851,72083,CH1011701234500000000000002124346,534434.0,1.0,gigi_pv,2023-06-05,True,False,1,,5452,Oberrohrdorf,AG
696579,173867,CH1011701234500000000000002128126,538421.0,1.0,gigi_pv,2024-01-12,True,False,2,10.2,5605,Dottikon,AG
696588,,,,1.0,gigi_pv,2024-12-04,False,False,2,20.88,5044,Schlossrued,AG
696616,,,,1.0,gigi_pv,2022-04-04,False,False,1,,5070,Frick,AG
696780,106916,CH1011701234500000000000002131659,542541.0,1.0,gigi_pv,2024-05-27,True,True,2,,4310,Rheinfelden,AG
696935,119892,CH1011701234500000000000002134230,546097.0,1.0,gigi_pv,2025-04-09,True,False,1,24.6,5225,Bözberg,AG
696935,101837,CH1011701234500000000000000613866,485459.0,1.0,gigi_pv,2025-04-09,True,False,1,24.6,5225,Bözberg,AG
697434,131712,CH1011701234500000000000002123203,533251.0,1.0,gigi_pv,2022-12-16,True,False,1,,5108,Oberflachs,AG
697435,97798,CH1011701234500000000000002127482,537762.0,1.0,gigi_pv,2023-09-14,True,False,1,,5425,Schneisingen,AG
697496,,,,1.0,gigi_pv,2024-02-07,False,False,1,,5616,Meisterschwanden,AG
698929,172731,CH1011701234500000000000002128020,538309.0,1.0,gigi_pv,2023-12-15,True,False,1,17.38,5605,Dottikon,AG
698970,54412,CH1011701234500000000000002093896,506808.0,1.0,gigi_pv,2018-06-21,True,False,2,,5452,Oberrohrdorf,AG
699307,145815,CH1011701234500000000000000561223,393011.0,,unlabeled,,True,False,1,,5316,Leuggern,AG
700296,98532,CH1011701234500000000000002128588,538906.0,1.0,gigi_pv,2024-04-03,True,False,1,,4310,Rheinfelden,AG
700296,66535,CH1011701234500000000000000546517,381538.0,1.0,gigi_pv,2024-04-03,True,False,1,,4310,Rheinfelden,AG
700623,110144,CH1011701234500000000000002129363,539742.0,1.0,gigi_pv,2024-03-13,True,False,1,,5074,Eiken,AG
700810,170182,CH1011701234500000000000002100228,515859.0,1.0,gigi_pv,2020-08-13,True,False,1,,5236,Remigen,AG
701696,132050,CH1011701234500000000000002134990,547342.0,1.0,gigi_pv,2025-04-09,True,False,1,42.24,5304,Endingen,AG
702016,137429,CH1011701234500000000000002126495,536754.0,1.0,gigi_pv,,True,False,1,,4313,Möhlin,AG
702332,,,,,unlabeled,,False,False,1,,5304,Endingen,AG
702339,95385,CH1011701234500000000000002098062,513631.0,,unlabeled,,True,False,1,,5304,Endingen,AG
702339,95357,CH1011701234500000000000000548765,389286.0,,unlabeled,,True,False,1,,5304,Endingen,AG
703035,36230,CH1011701234500000000000000586032,362397.0,,unlabeled,2023-09-04,True,True,1,,5443,Niederrohrdorf,AG
703035,36229,CH1011701234500000000000000558965,362394.0,,unlabeled,2023-09-04,True,True,1,,5443,Niederrohrdorf,AG
703359,168410,CH1011701234500000000000002098104,513692.0,1.0,gigi_pv,2019-11-18,True,False,1,,5070,Frick,AG
703415,61179,CH1011701234500000000000000688200,461757.0,1.0,gigi_pv,,True,False,1,,4310,Rheinfelden,AG
703976,,,,1.0,gigi_pv,2022-05-20,False,False,1,,5070,Frick,AG
704806,150127,CH1011701234500000000000002123951,534022.0,1.0,gigi_pv,2022-12-20,True,False,1,,4316,Hellikon,AG
705032,,,,1.0,gigi_battery,2025-03-19,False,False,1,0.0,5604,Hendschiken,AG
705057,147894,CH1011701234500000000000002120839,530867.0,1.0,gigi_pv,2022-11-18,True,False,1,,4317,Wegenstetten,AG
705057,147895,CH1011701234500000000000002123645,533698.0,1.0,gigi_pv,2022-11-18,True,False,1,,4317,Wegenstetten,AG
705536,128103,CH1011701234500000000000002106456,522195.0,1.0,gigi_pv,2021-11-17,True,False,1,,5725,Leutwil,AG
706277,150906,CH1011701234500000000000002099172,514799.0,1.0,gigi_pv,2020-01-21,True,True,2,,5075,Hornussen,AG
706335,106873,CH1011701234500000000000002129147,539473.0,1.0,gigi_pv,2024-06-12,True,False,1,,4310,Rheinfelden,AG
706391,,,,1.0,gigi_pv,2020-05-28,False,False,2,,5027,Herznach,AG
706538,114315,CH1011701234500000000000002126416,536682.0,,unlabeled,,True,False,1,,4303,Kaiseraugst,AG
707043,,,,1.0,gigi_pv,2025-06-13,False,True,2,11.06,4312,Magden,AG
707045,,,,1.0,gigi_pv,2024-01-12,False,False,1,,4312,Magden,AG
707268,127621,CH1011701234500000000000002123929,533999.0,1.0,gigi_pv,2020-05-01,True,False,3,,5027,Herznach,AG
707713,,,,1.0,gigi_pv,2019-05-28,False,False,2,,4323,Wallbach,AG
707738,76690,CH1011701234500000000000002121809,531843.0,1.0,gigi_pv,,True,False,1,,5443,Niederrohrdorf,AG
707738,36783,CH1011701234500000000000000587675,416061.0,1.0,gigi_pv,,True,False,1,,5443,Niederrohrdorf,AG
708813,141280,CH1011701234500000000000002127888,538175.0,1.0,gigi_pv,,True,False,1,10.32,5316,Leuggern,AG
708823,137754,CH1011701234500000000000002128812,539139.0,1.0,gigi_pv,2024-02-15,True,False,1,10.08,5316,Leuggern,AG
708823,32173,CH1011701234500000000000002087879,496489.0,1.0,gigi_pv,2024-02-15,True,False,1,10.08,5316,Leuggern,AG
709084,139881,CH1011701234500000000000000529100,416738.0,,unlabeled,,True,True,1,,5316,Leuggern,AG
709341,131369,CH1011701234500000000000002134315,546184.0,1.0,gigi_pv,2024-12-11,True,True,3,10.8,4317,Wegenstetten,AG
709624,72179,CH1011701234500000000000002124388,534484.0,1.0,gigi_pv,2023-08-02,True,False,1,,5113,Holderbank AG,AG
710494,161858,CH1011701234500000000000002127821,538106.0,1.0,gigi_pv,2023-08-23,True,False,1,,4312,Magden,AG
710570,174310,CH1011701234500000000000002143546,557117.0,1.0,gigi_pv,,True,False,1,14.55,5070,Frick,AG
710570,163457,CH1011701234500000000000000578499,455265.0,1.0,gigi_pv,,True,False,1,14.55,5070,Frick,AG
710804,,,,1.0,gigi_pv,2023-08-10,False,False,1,,4312,Magden,AG
710897,160716,CH1011701234500000000000002132347,543776.0,1.0,gigi_pv,2024-08-09,True,False,1,,4315,Zuzgen,AG
711145,96814,CH1011701234500000000000002121722,531753.0,1.0,gigi_pv,2022-07-20,True,False,1,,4303,Kaiseraugst,AG
711259,103880,CH1011701234500000000000002131209,542077.0,1.0,gigi_pv,,True,False,1,,5506,Mägenwil,AG
711464,60564,CH1011701234500000000000000582068,353381.0,,unlabeled,2019-08-16,True,True,1,,8962,Bergdietikon,AG
712048,,,,1.0,gigi_pv,2024-09-06,False,False,1,,5616,Meisterschwanden,AG
712273,154700,CH1011701234500000000000002105068,520771.0,1.0,gigi_pv,2021-08-23,True,False,2,,4313,Möhlin,AG
712408,,,,1.0,gigi_pv,2023-12-14,False,False,1,,5705,Hallwil,AG
712416,,,,1.0,gigi_pv,2018-09-21,False,False,1,,5044,Schlossrued,AG
712641,157092,CH1011701234500000000000002105266,520973.0,1.0,gigi_pv,2021-10-07,True,False,2,,4313,Möhlin,AG
713405,160446,CH1011701234500000000000000616205,487796.0,1.0,gigi_battery,2021-05-18,True,False,1,,4315,Zuzgen,AG
713578,138044,CH1011701234500000000000002122434,532469.0,1.0,gigi_pv,2022-09-04,True,False,1,,4313,Möhlin,AG
713894,63674,CH1011701234500000000000000616100,487693.0,1.0,gigi_pv,2023-08-11,True,False,2,,4323,Wallbach,AG
714489,147351,CH1011701234500000000000002106264,521992.0,1.0,gigi_pv,2021-12-03,True,False,1,,4313,Möhlin,AG
714588,150096,CH1011701234500000000000002105132,520836.0,1.0,gigi_pv,,True,False,1,,4313,Möhlin,AG
714621,147474,CH1011701234500000000000002101994,517644.0,1.0,gigi_pv,2020-12-17,True,False,2,,5107,Schinznach Dorf,AG
714976,153129,CH1011701234500000000000002094098,509207.0,1.0,gigi_pv,2018-09-14,True,False,1,,4313,Möhlin,AG
714976,135531,CH1011701234500000000000000551591,348559.0,1.0,gigi_pv,2018-09-14,True,False,1,,4313,Möhlin,AG
715586,123483,CH1011701234500000000000000539586,357375.0,1.0,gigi_pv,2024-10-09,True,False,1,,4322,Mumpf,AG
716143,96737,CH1011701234500000000000002106395,522127.0,1.0,gigi_pv,,True,False,2,,4303,Kaiseraugst,AG
716671,64237,CH1011701234500000000000002091569,503518.0,1.0,gigi_pv,2017-12-04,True,False,2,,8962,Bergdietikon,AG
716735,58291,CH1011701234500000000000002120680,530700.0,1.0,gigi_pv,,True,False,2,,5443,Niederrohrdorf,AG
716968,160715,CH1011701234500000000000002120674,530692.0,1.0,gigi_pv,2022-06-21,True,False,1,,4315,Zuzgen,AG
717438,96812,CH1011701234500000000000002128576,538894.0,1.0,gigi_pv,2024-02-28,True,False,2,,5225,Bözberg,AG
717797,146811,CH1011701234500000000000002138256,551410.0,1.0,gigi_pv,2025-07-09,True,False,1,15.51,4324,Obermumpf,AG
717974,119505,CH1011701234500000000000002134264,546132.0,1.0,gigi_pv,2024-10-18,True,False,1,,5452,Oberrohrdorf,AG
718040,170236,CH1011701234500000000000002141261,554705.0,1.0,gigi_pv,,True,False,1,14.4,4324,Obermumpf,AG
718645,101669,CH1011701234500000000000002095841,511202.0,1.0,gigi_pv,,True,False,1,,5504,Othmarsingen,AG
718990,131834,CH1011701234500000000000002128397,538706.0,1.0,gigi_pv,2023-10-30,True,False,2,14.45,5027,Herznach,AG
719301,116779,CH1011701234500000000000002132814,544242.0,1.0,gigi_pv,2024-09-17,True,False,1,,5504,Othmarsingen,AG
719912,120725,CH1011701234500000000000002122721,532758.0,1.0,gigi_pv,2023-05-30,True,False,1,,5235,Rüfenach AG,AG
720022,121149,CH1011701234500000000000002134689,546796.0,1.0,gigi_pv,2024-08-05,True,True,2,25.37,4310,Rheinfelden,AG
720199,54948,CH1011701234500000000000000517448,372218.0,1.0,gigi_pv,2025-02-06,True,False,1,13.05,4314,Zeiningen,AG
720260,166566,CH1011701234500000000000002131656,542538.0,1.0,gigi_pv,2024-06-05,True,False,1,,4312,Magden,AG
720480,166128,CH1011701234500000000000002097108,512453.0,1.0,gigi_pv,2019-10-17,True,False,1,,4313,Möhlin,AG
720808,156311,CH1011701234500000000000002125372,535496.0,1.0,gigi_pv,2023-08-10,True,False,1,,4325,Schupfart,AG
720967,48301,CH1011701234500000000000002102832,518499.0,1.0,gigi_pv,,True,False,2,,4310,Rheinfelden,AG
720967,62454,CH1011701234500000000000000616003,487599.0,1.0,gigi_pv,,True,False,2,,4310,Rheinfelden,AG
721906,77253,CH1011701234500000000000000551663,384067.0,,unlabeled,,True,True,1,,4310,Rheinfelden,AG
722394,,,,1.0,gigi_pv,2024-01-12,False,False,1,19.57,4323,Wallbach,AG
722764,131236,CH1011701234500000000000002129288,539665.0,1.0,gigi_pv,2024-07-08,True,False,1,,5620,Bremgarten AG,AG
722853,160358,CH1011701234500000000000002125483,535619.0,1.0,gigi_pv,2023-10-23,True,False,1,,4315,Zuzgen,AG
722929,118609,CH1011701234500000000000002134146,546018.0,1.0,gigi_pv,2024-12-17,True,False,1,,5106,Veltheim AG,AG
722955,125494,CH1011701234500000000000002134987,547339.0,1.0,gigi_pv,2025-02-18,True,False,1,9.35,5304,Endingen,AG
723437,75923,CH1011701234500000000000002121836,531873.0,1.0,gigi_pv,2022-11-08,True,False,1,,4310,Rheinfelden,AG
723468,88219,CH1011701234500000000000000606664,480130.0,,unlabeled,2019-11-13,True,False,2,,4310,Rheinfelden,AG
723701,124456,CH1011701234500000000000002129137,539463.0,1.0,gigi_pv,2024-01-17,True,True,2,,5707,Seengen,AG
723937,120634,CH1011701234500000000000002121370,531404.0,1.0,gigi_pv,2022-11-09,True,False,1,,5235,Rüfenach AG,AG
723966,167230,CH1011701234500000000000002141788,555270.0,1.0,gigi_pv,2026-04-17,True,False,1,14.4,5235,Rüfenach AG,AG
723980,,,,1.0,gigi_pv,2022-02-10,False,False,1,,4312,Magden,AG
724118,48901,CH1011701234500000000000000586489,387079.0,1.0,gigi_pv,,True,False,1,5.88,5745,Safenwil,AG
724334,120594,CH1011701234500000000000002134453,546376.0,1.0,gigi_pv,2024-12-04,True,False,1,,5235,Rüfenach AG,AG
724881,62764,CH1011701234500000000000002121814,531848.0,1.0,gigi_pv,2021-12-08,True,True,3,,5745,Safenwil,AG
725159,73119,CH1011701234500000000000000514752,451702.0,1.0,gigi_pv,,True,False,1,,4310,Rheinfelden,AG
725192,,,,1.0,gigi_pv,2024-05-28,False,False,1,,4312,Magden,AG
726547,141983,CH1011701234500000000000000550961,393275.0,1.0,gigi_pv,2022-09-07,True,False,1,,5107,Schinznach Dorf,AG
726831,,,,1.0,gigi_pv,2024-09-24,False,False,2,,4323,Wallbach,AG
727027,98501,CH1011701234500000000000002129406,539788.0,1.0,gigi_pv,2024-06-17,True,False,1,,5225,Bözberg,AG
727135,160103,CH1011701234500000000000002131569,542448.0,1.0,gigi_pv,2024-06-05,True,False,1,,4333,Münchwilen AG,AG
727137,160104,CH1011701234500000000000002131570,542449.0,1.0,gigi_pv,2024-06-27,True,False,1,,4333,Münchwilen AG,AG
727423,153284,CH1011701234500000000000002101104,516718.0,1.0,gigi_pv,2020-05-28,True,False,2,,4325,Schupfart,AG
727903,141484,CH1011701234500000000000002107205,522981.0,1.0,gigi_pv,,True,False,1,,5707,Seengen,AG
728322,,,,,unlabeled,,False,False,1,,5707,Seengen,AG
729113,99439,CH1011701234500000000000002128571,538889.0,,unlabeled,2019-11-11,True,False,1,,4310,Rheinfelden,AG
729283,,,,1.0,gigi_pv,2021-06-02,False,False,3,,4332,Stein AG,AG
730631,116381,CH1011701234500000000000002096531,511859.0,1.0,gigi_pv,2019-05-21,True,False,1,,4322,Mumpf,AG
731486,91092,CH1011701234500000000000002097510,512857.0,1.0,gigi_pv,2019-09-27,True,False,1,,5074,Eiken,AG
731568,139014,CH1011701234500000000000002128125,538420.0,1.0,gigi_pv,2024-01-12,True,False,1,18.7,4313,Möhlin,AG
731681,106079,CH1011701234500000000000002131487,542358.0,1.0,gigi_pv,2024-05-31,True,False,2,,5106,Veltheim AG,AG
731757,,,,,unlabeled,2024-06-06,False,False,1,,5616,Meisterschwanden,AG
732662,,,,1.0,gigi_pv,2023-08-11,False,False,1,,4323,Wallbach,AG
732680,,,,1.0,gigi_pv,2024-10-11,False,False,1,,4323,Wallbach,AG
732821,,,,1.0,gigi_pv,2023-11-22,False,False,1,17.63,4323,Wallbach,AG
732971,130680,CH1011701234500000000000002095437,510793.0,1.0,gigi_pv,,True,False,2,,4317,Wegenstetten,AG
733114,125644,CH1011701234500000000000002120836,530864.0,1.0,gigi_pv,2022-10-06,True,False,1,,4317,Wegenstetten,AG
733769,,,,,unlabeled,,False,False,1,,5330,Bad Zurzach,AG
734306,170516,CH1011701234500000000000001520275,491301.0,1.0,gigi_battery,2020-01-15,True,False,2,,4312,Magden,AG
734306,46962,CH1011701234500000000000000538731,420943.0,1.0,gigi_battery,2020-01-15,True,False,2,,4312,Magden,AG
734481,97650,CH1011701234500000000000002126997,537263.0,1.0,gigi_pv,2023-12-14,True,False,1,,5600,Ammerswil AG,AG
734540,162821,CH1011701234500000000000002141813,555296.0,1.0,gigi_pv,,True,False,1,28.8,8962,Bergdietikon,AG
734850,162637,CH1011701234500000000000002106445,522184.0,1.0,gigi_pv,2021-12-21,True,False,2,,5614,Sarmenstorf,AG
735427,,,,1.0,gigi_pv,2024-03-04,False,False,1,,4315,Zuzgen,AG
735579,115589,CH1011701234500000000000002132907,544335.0,1.0,gigi_pv,,True,False,1,,8962,Bergdietikon,AG
735680,,,,1.0,gigi_pv,2022-06-02,False,False,1,,4323,Wallbach,AG
735831,160102,CH1011701234500000000000002124399,534495.0,1.0,gigi_pv,2023-06-05,True,False,1,,4333,Münchwilen AG,AG
736207,104931,CH1011701234500000000000002131243,542112.0,1.0,gigi_pv,2024-06-25,True,False,1,,5078,Effingen,AG
736402,173599,CH1011701234500000000000002132665,544093.0,1.0,gigi_pv,2025-05-01,True,False,1,19.36,5236,Remigen,AG
736402,174523,CH1011701234500000000000000555845,371025.0,1.0,gigi_pv,2025-05-01,True,False,1,19.36,5236,Remigen,AG
736402,162910,CH1011701234500000000000000562753,370412.0,1.0,gigi_pv,2025-05-01,True,False,1,19.36,5236,Remigen,AG
736402,174521,CH1011701234500000000000000563219,370369.0,1.0,gigi_pv,2025-05-01,True,False,1,19.36,5236,Remigen,AG
736402,162911,CH1011701234500000000000000569637,370788.0,1.0,gigi_pv,2025-05-01,True,False,1,19.36,5236,Remigen,AG
736402,164493,CH1011701234500000000000000571047,369966.0,1.0,gigi_pv,2025-05-01,True,False,1,19.36,5236,Remigen,AG
736402,162912,CH1011701234500000000000000573220,370257.0,1.0,gigi_pv,2025-05-01,True,False,1,19.36,5236,Remigen,AG
736402,159275,CH1011701234500000000000000573513,370903.0,1.0,gigi_pv,2025-05-01,True,False,1,19.36,5236,Remigen,AG
736402,162915,CH1011701234500000000000000598908,469965.0,1.0,gigi_pv,2025-05-01,True,False,1,19.36,5236,Remigen,AG
736402,162909,CH1011701234500000000000000534165,370438.0,1.0,gigi_pv,2025-05-01,True,False,1,19.36,5236,Remigen,AG
736402,174522,CH1011701234500000000000000544622,370562.0,1.0,gigi_pv,2025-05-01,True,False,1,19.36,5236,Remigen,AG
736402,174202,CH1011701234500000000000000550184,369587.0,1.0,gigi_pv,2025-05-01,True,False,1,19.36,5236,Remigen,AG
736402,174518,CH1011701234500000000000000519195,370372.0,1.0,gigi_pv,2025-05-01,True,False,1,19.36,5236,Remigen,AG
736402,174519,CH1011701234500000000000000521352,370363.0,1.0,gigi_pv,2025-05-01,True,False,1,19.36,5236,Remigen,AG
736402,174189,CH1011701234500000000000000521659,370633.0,1.0,gigi_pv,2025-05-01,True,False,1,19.36,5236,Remigen,AG
736402,173816,CH1011701234500000000000000505455,370453.0,1.0,gigi_pv,2025-05-01,True,False,1,19.36,5236,Remigen,AG
736402,165057,CH1011701234500000000000000510314,369961.0,1.0,gigi_pv,2025-05-01,True,False,1,19.36,5236,Remigen,AG
737347,89341,CH1011701234500000000000000530103,403428.0,,unlabeled,,True,False,1,,5074,Eiken,AG
738516,97969,CH1011701234500000000000001632660,491448.0,1.0,gigi_battery,2021-12-15,True,False,1,,5225,Bözberg,AG
738591,58311,CH1011701234500000000000002105481,521200.0,1.0,gigi_pv,,True,False,1,,5745,Safenwil,AG
738793,168959,CH1011701234500000000000002105377,521088.0,1.0,gigi_pv,2021-09-16,True,False,2,,5070,Frick,AG
739178,48183,CH1011701234500000000000000582386,349959.0,,unlabeled,,True,True,1,,5105,Auenstein,AG
739616,134852,CH1011701234500000000000002103579,519256.0,1.0,gigi_pv,2021-05-11,True,False,4,,4813,Uerkheim,AG
740230,60065,CH1011701234500000000000002121379,531413.0,1.0,gigi_pv,2023-06-23,True,False,1,,8962,Bergdietikon,AG
740351,137605,CH1011701234500000000000001970849,492058.0,1.0,gigi_battery,2019-12-10,True,False,2,,5107,Schinznach Dorf,AG
740532,55475,CH1011701234500000000000002092986,505004.0,1.0,gigi_pv,2018-03-09,True,False,1,,5727,Oberkulm,AG
740863,56950,CH1011701234500000000000002102217,517875.0,1.0,gigi_battery,2025-10-14,True,True,1,,5727,Oberkulm,AG
741214,166047,CH1011701234500000000000001184069,490292.0,1.0,gigi_battery,,True,False,2,,4312,Magden,AG
741254,157156,CH1011701234500000000000002105069,520772.0,1.0,gigi_pv,2021-09-24,True,False,2,,4316,Hellikon,AG
741910,139013,CH1011701234500000000000002127788,538073.0,1.0,gigi_pv,2023-11-03,True,False,1,23.78,4313,Möhlin,AG
742207,59944,CH1011701234500000000000002102576,518240.0,,unlabeled,,True,True,1,,5106,Veltheim AG,AG
742207,59424,CH1011701234500000000000000531793,352741.0,,unlabeled,,True,True,1,,5106,Veltheim AG,AG
742993,131646,CH1011701234500000000000000588071,356510.0,,unlabeled,,True,False,1,,4317,Wegenstetten,AG
743047,108981,CH1011701234500000000000002127373,537649.0,1.0,gigi_pv,2023-08-10,True,False,1,,4303,Kaiseraugst,AG
743335,156525,CH1011701234500000000000002120837,530865.0,1.0,gigi_pv,,True,False,1,,5314,Kleindöttingen,AG
744851,127700,CH1011701234500000000000002101349,516958.0,1.0,gigi_pv,,True,False,1,,5027,Herznach,AG
744851,127698,CH1011701234500000000000000592708,463675.0,1.0,gigi_pv,,True,False,1,,5027,Herznach,AG
744897,61197,CH1011701234500000000000000542883,415705.0,,unlabeled,,True,False,1,,5106,Veltheim AG,AG
744914,,,,1.0,gigi_pv,2025-07-02,False,False,1,16.92,5000,Aarau,AG
745415,93741,CH1011701234500000000000002128521,538834.0,1.0,gigi_pv,2023-12-20,True,False,2,,5074,Eiken,AG
745424,135709,CH1011701234500000000000002123827,533891.0,1.0,gigi_pv,2023-06-05,True,True,2,,5027,Herznach,AG
745455,,,,,unlabeled,,False,False,1,,5616,Meisterschwanden,AG
745464,134060,CH1011701234500000000000000523844,355066.0,1.0,gigi_pv,,True,False,1,19.8,4317,Wegenstetten,AG
745959,93459,CH1011701234500000000000002128460,538773.0,1.0,gigi_pv,2024-01-10,True,True,3,,5105,Auenstein,AG
745999,48393,CH1011701234500000000000002096887,512223.0,1.0,gigi_pv,2020-10-27,True,False,2,,5330,Bad Zurzach,AG
746421,94862,CH1011701234500000000000002105988,521710.0,1.0,gigi_pv,2020-09-25,True,False,2,,5304,Endingen,AG
746741,,,,1.0,gigi_pv,,False,False,1,,5300,Turgi,AG
746764,115387,CH1011701234500000000000002132883,544311.0,1.0,gigi_pv,2024-10-28,True,False,1,,5452,Oberrohrdorf,AG
747439,151842,CH1011701234500000000000002129712,540579.0,,unlabeled,,True,False,1,,5412,Gebenstorf,AG
748404,162636,CH1011701234500000000000002105248,520954.0,1.0,gigi_pv,2021-09-27,True,False,3,,5614,Sarmenstorf,AG
748606,162628,CH1011701234500000000000002138187,551340.0,1.0,gigi_pv,,True,False,1,8.1,4333,Münchwilen AG,AG
748977,106334,CH1011701234500000000000000525217,356664.0,1.0,gigi_pv,2022-12-20,True,False,1,,5706,Boniswil,AG
749221,,,,1.0,gigi_pv,2023-04-05,False,False,1,,5616,Meisterschwanden,AG
749245,,,,1.0,gigi_pv,2020-07-24,False,False,2,,4315,Zuzgen,AG
749429,,,,1.0,gigi_battery,,False,False,1,,5616,Meisterschwanden,AG
749578,105237,CH1011701234500000000000000544538,368080.0,1.0,gigi_pv,,True,False,1,14.36,5504,Othmarsingen,AG
749729,,,,1.0,gigi_pv,2022-12-13,False,False,1,,5616,Meisterschwanden,AG
750388,147257,CH1011701234500000000000002120643,530664.0,1.0,gigi_pv,,True,False,2,,5107,Schinznach Dorf,AG
750463,,,,1.0,gigi_pv,2025-01-09,False,False,1,,4310,Rheinfelden,AG
750496,171818,CH1011701234500000000000002127485,537765.0,1.0,gigi_pv,2023-09-12,True,False,1,,4315,Zuzgen,AG
751215,135917,CH1011701234500000000000000603831,475283.0,1.0,gigi_pv,,True,False,1,,5107,Schinznach Dorf,AG
751403,91774,CH1011701234500000000000002125299,535418.0,1.0,gigi_pv,2023-11-21,True,False,1,,5105,Auenstein,AG
751403,92583,CH1011701234500000000000002125300,535419.0,1.0,gigi_pv,2023-11-21,True,False,1,,5105,Auenstein,AG
751454,47403,CH1011701234500000000000002105169,520874.0,1.0,gigi_pv,2021-08-31,True,False,1,,4310,Rheinfelden,AG
751780,147591,CH1011701234500000000000002105133,520837.0,1.0,gigi_pv,,True,False,1,,4313,Möhlin,AG
751926,69997,CH1011701234500000000000002123737,533792.0,1.0,gigi_pv,,True,False,1,,8962,Bergdietikon,AG
752093,98955,CH1011701234500000000000002128534,538847.0,1.0,gigi_pv,2024-01-12,True,False,1,,4303,Kaiseraugst,AG
757719,162281,CH1011701234500000000000002132831,544259.0,1.0,gigi_pv,2024-07-25,True,False,1,14.22,4312,Magden,AG
759548,65289,CH1011701234500000000000002122759,532796.0,1.0,gigi_pv,2023-01-24,True,False,1,,8962,Bergdietikon,AG
764446,131063,CH1011701234500000000000002087661,496264.0,,unlabeled,2021-10-07,True,False,1,,5707,Seengen,AG
770736,126213,CH1011701234500000000000002135113,547608.0,1.0,gigi_pv,2025-03-21,True,False,1,16.02,5027,Herznach,AG
776146,53431,CH1011701234500000000000000582032,365888.0,,unlabeled,,True,False,1,,5452,Oberrohrdorf,AG
778612,130488,CH1011701234500000000000002120440,530456.0,1.0,gigi_battery,2025-04-17,True,False,1,,5725,Leutwil,AG
785007,107581,CH1011701234500000000000002096521,511850.0,1.0,gigi_pv,2019-05-09,True,False,3,,5622,Waltenschwil,AG
785360,107887,CH1011701234500000000000002101896,517546.0,1.0,gigi_pv,2020-10-29,True,False,2,,5622,Waltenschwil,AG
785531,102128,CH1011701234500000000000000575415,441118.0,,unlabeled,,True,False,1,,5622,Waltenschwil,AG
785596,100811,CH1011701234500000000000002127543,537827.0,1.0,gigi_pv,2023-09-29,True,False,1,12.75,5622,Waltenschwil,AG
785642,131425,CH1011701234500000000000002137288,550256.0,,unlabeled,,True,False,1,,5622,Waltenschwil,AG
790904,106074,CH1011701234500000000000002124492,534590.0,1.0,gigi_pv,2023-03-16,True,True,3,,5506,Mägenwil,AG
797810,,,,1.0,gigi_pv,2024-07-17,False,False,2,,5616,Meisterschwanden,AG
805535,157098,CH1011701234500000000000002128818,539145.0,1.0,gigi_pv,2024-02-02,True,False,2,7.9,4313,Möhlin,AG
805537,157099,CH1011701234500000000000002128819,539146.0,1.0,gigi_pv,2024-02-02,True,False,2,7.9,4313,Möhlin,AG
806207,98200,CH1011701234500000000000002106438,522171.0,1.0,gigi_pv,2021-10-20,True,False,3,,5225,Bözberg,AG
809909,104399,CH1011701234500000000000002131260,542129.0,1.0,gigi_pv,2024-05-15,True,False,1,,5506,Mägenwil,AG
811757,109763,CH1011701234500000000000002131951,542834.0,1.0,gigi_pv,2024-07-11,True,False,1,,5608,Stetten AG,AG
812506,109030,CH1011701234500000000000002128632,538952.0,1.0,gigi_pv,2024-03-22,True,False,1,,5506,Mägenwil,AG
812691,147332,CH1011701234500000000000002100079,515715.0,1.0,gigi_pv,2019-11-18,True,False,3,,5620,Bremgarten AG,AG
813191,164084,CH1011701234500000000000002140704,554116.0,1.0,gigi_pv,2026-04-02,True,False,1,13.775,5107,Schinznach Dorf,AG
821251,120967,CH1011701234500000000000000611102,483589.0,,unlabeled,,True,False,1,,4303,Kaiseraugst,AG
821253,122202,CH1011701234500000000000002126961,537224.0,1.0,gigi_pv,2023-08-08,True,False,1,,4303,Kaiseraugst,AG
821258,120936,CH1011701234500000000000002095537,510895.0,1.0,gigi_pv,2023-05-09,True,False,2,,4303,Kaiseraugst,AG
821264,120937,CH1011701234500000000000002098639,514234.0,1.0,gigi_pv,2020-01-17,True,True,3,,4303,Kaiseraugst,AG
821268,120966,CH1011701234500000000000000611062,483544.0,,unlabeled,2022-05-16,True,False,1,,4303,Kaiseraugst,AG
821784,131311,CH1011701234500000000000002131244,542113.0,1.0,gigi_pv,2024-09-12,True,False,1,22.53,5707,Seengen,AG
829143,97990,CH1011701234500000000000000565757,449127.0,,unlabeled,,True,False,1,,5522,Tägerig,AG
829143,97988,CH1011701234500000000000000551713,449128.0,,unlabeled,,True,False,1,,5522,Tägerig,AG
830617,,,,1.0,gigi_pv,,False,False,1,11.64,5616,Meisterschwanden,AG
842115,,,,1.0,gigi_pv,2022-08-15,False,False,1,,4323,Wallbach,AG
847175,62250,CH1011701234500000000000002101945,517595.0,1.0,gigi_pv,2020-12-04,True,False,1,,5106,Veltheim AG,AG
847273,,,,1.0,gigi_pv,2024-07-19,False,False,1,14.95,5620,Bremgarten AG,AG
851473,120484,CH1011701234500000000000002134447,546370.0,1.0,gigi_pv,2024-12-17,True,False,1,30.8,8962,Bergdietikon,AG
855457,,,,,unlabeled,,False,True,1,,4323,Wallbach,AG
855487,,,,1.0,gigi_pv,2024-08-09,False,False,1,,4323,Wallbach,AG
859760,174544,CH1011701234500000000000002140494,553888.0,1.0,gigi_pv,2026-01-23,True,True,2,15.68,5707,Seengen,AG
859760,128319,CH1011701234500000000000000554662,372279.0,1.0,gigi_pv,2026-01-23,True,True,2,15.68,5707,Seengen,AG
863162,155839,CH1011701234500000000000002127845,538131.0,1.0,gigi_pv,2024-03-14,True,False,1,,4324,Obermumpf,AG
863162,155840,CH1011701234500000000000002130448,541319.0,1.0,gigi_pv,2024-03-14,True,False,1,,4324,Obermumpf,AG
865899,93740,CH1011701234500000000000002106229,521956.0,1.0,gigi_pv,2021-11-25,True,False,1,,5225,Bözberg,AG
866821,159614,CH1011701234500000000000002135142,547638.0,,unlabeled,,True,False,1,,5070,Frick,AG
866821,159613,CH1011701234500000000000002101780,517420.0,,unlabeled,,True,False,1,,5070,Frick,AG
867344,164073,CH1011701234500000000000000541136,357963.0,1.0,gigi_pv,,True,False,1,23.27,4333,Münchwilen AG,AG
867608,,,,1.0,gigi_pv,2024-09-27,False,False,2,,5604,Hendschiken,AG
867869,107123,CH1011701234500000000000002131490,542361.0,1.0,gigi_pv,2024-07-03,True,False,1,,5504,Othmarsingen,AG
868747,,,,1.0,gigi_pv,2024-02-01,False,False,1,,5102,Rupperswil,AG
868792,117175,CH1011701234500000000000002132084,543132.0,1.0,gigi_pv,2024-08-30,True,False,3,24.64,4322,Mumpf,AG
869547,,,,1.0,gigi_pv,2025-03-18,False,False,2,14.69,4323,Wallbach,AG
870024,,,,1.0,gigi_pv,2025-01-09,False,False,2,12.18,5300,Turgi,AG
870417,,,,1.0,gigi_pv,2020-11-26,False,False,2,,5300,Turgi,AG
870640,124844,CH1011701234500000000000002087635,496235.0,,unlabeled,,True,False,1,,5027,Herznach,AG
872270,104098,CH1011701234500000000000002105078,520781.0,1.0,gigi_pv,2021-08-04,True,False,1,,5706,Boniswil,AG
872270,90985,CH1011701234500000000000000553229,355673.0,1.0,gigi_pv,2021-08-04,True,False,1,,5706,Boniswil,AG
872270,104095,CH1011701234500000000000000548842,355682.0,1.0,gigi_pv,2021-08-04,True,False,1,,5706,Boniswil,AG
874661,102052,CH1011701234500000000000002129009,539337.0,1.0,gigi_pv,2024-04-18,True,False,1,19.6,5106,Veltheim AG,AG
878287,147431,CH1011701234500000000000002138970,552182.0,1.0,gigi_pv,2025-07-14,True,False,2,15.04,4303,Kaiseraugst,AG
878846,117943,CH1011701234500000000000002128481,538794.0,1.0,gigi_pv,2023-12-01,True,False,1,,5506,Mägenwil,AG
881402,135366,CH1011701234500000000000000627546,477633.0,1.0,gigi_pv,,True,False,1,24.25,4313,Möhlin,AG
881402,135369,CH1011701234500000000000000627549,477636.0,1.0,gigi_pv,,True,False,1,24.25,4313,Möhlin,AG
883062,,,,,unlabeled,,False,False,1,,4312,Magden,AG
884000,147142,CH1011701234500000000000002121937,531979.0,1.0,gigi_pv,,True,False,1,,5107,Schinznach Dorf,AG
885322,152738,CH1011701234500000000000002127244,537516.0,1.0,gigi_pv,2023-09-01,True,False,1,,4313,Möhlin,AG
885769,160725,CH1011701234500000000000002141250,554694.0,1.0,gigi_pv,,True,False,1,14.4,4313,Möhlin,AG
889825,,,,1.0,gigi_pv,,False,False,1,,5620,Bremgarten AG,AG
890111,164080,CH1011701234500000000000002141051,554503.0,1.0,gigi_pv,,True,False,1,15.2,5235,Rüfenach AG,AG
891106,156301,CH1011701234500000000000002139513,552819.0,1.0,gigi_pv,,True,False,1,15.13,4313,Möhlin,AG
891304,,,,1.0,gigi_pv,2020-02-18,False,True,2,,4312,Magden,AG
893520,154635,CH1011701234500000000000002127533,537817.0,1.0,gigi_pv,2023-11-03,True,False,1,13.6,4313,Möhlin,AG
896125,40119,CH1011701234500000000000001295824,490504.0,1.0,gigi_pv,2024-09-19,True,False,1,,5745,Safenwil,AG
896592,152736,CH1011701234500000000000002105072,520775.0,1.0,gigi_pv,2021-08-17,True,False,1,,4313,Möhlin,AG
897353,109241,CH1011701234500000000000002132054,542938.0,1.0,gigi_pv,2024-08-30,True,False,1,,5522,Tägerig,AG
897928,80548,CH1011701234500000000000000533871,413074.0,,unlabeled,2025-10-30,True,False,1,,5733,Leimbach AG,AG
898693,110283,CH1011701234500000000000002122085,532119.0,1.0,gigi_pv,2022-09-22,True,False,1,,5504,Othmarsingen,AG
900371,,,,1.0,gigi_pv,,False,False,2,,5107,Schinznach Dorf,AG
900382,,,,1.0,gigi_pv,2023-06-06,False,False,1,,4312,Magden,AG
900418,,,,1.0,gigi_pv,2023-12-19,False,False,2,21.44,4663,Aarburg,AG
900492,,,,1.0,gigi_pv,2023-05-02,False,False,1,,5000,Aarau,AG
900555,,,,1.0,gigi_pv,2023-09-21,False,False,1,,5210,Windisch,AG
900596,,,,1.0,gigi_pv,2023-03-27,False,False,1,,5034,Suhr,AG
900686,,,,1.0,gigi_pv,,False,False,1,,5036,Oberentfelden,AG
900694,,,,1.0,gigi_pv,2023-09-30,False,True,2,,5408,Ennetbaden,AG
900752,,,,1.0,gigi_pv,2022-12-09,False,False,1,,5200,Brugg AG,AG
900825,,,,1.0,gigi_pv,2023-07-21,False,False,1,,5430,Wettingen,AG
900899,,,,1.0,gigi_pv,,False,False,1,32.8,4800,Zofingen,AG
900905,,,,1.0,gigi_pv,2023-04-24,False,False,1,,5024,Küttigen,AG
901003,,,,1.0,gigi_pv,2023-03-14,False,False,1,,5043,Holziken,AG
901251,,,,1.0,gigi_pv,2023-11-23,False,False,1,,5432,Neuenhof,AG
901260,,,,1.0,gigi_pv,2023-11-21,False,False,1,,5024,Küttigen,AG
901606,,,,1.0,gigi_pv,2023-08-11,False,True,2,,5073,Gipf-Oberfrick,AG
901752,,,,1.0,gigi_pv,2023-12-11,False,False,1,,4803,Vordemwald,AG
902353,,,,1.0,gigi_pv,2023-12-20,False,False,1,20.4,4657,Dulliken,SO
902362,,,,,unlabeled,,False,False,1,,5430,Wettingen,AG
902436,,,,1.0,gigi_pv,2023-09-11,False,False,1,,5624,Bünzen,AG
902449,,,,,unlabeled,,False,False,1,,5737,Menziken,AG
902489,,,,1.0,gigi_pv,2023-06-30,False,False,1,,5018,Erlinsbach,AG
902701,,,,,unlabeled,,False,False,1,,5102,Rupperswil,AG
902793,,,,,unlabeled,2023-09-28,False,False,1,,5210,Windisch,AG
902830,,,,1.0,gigi_pv,,False,False,3,29.52,5032,Aarau Rohr,AG
902831,,,,1.0,gigi_pv,2023-10-25,False,False,2,,8957,Spreitenbach,AG
903068,128926,CH1011701234500000000000002127431,537711.0,1.0,gigi_pv,2023-11-08,True,False,1,,5620,Bremgarten AG,AG
903240,,,,1.0,gigi_pv,2023-11-03,False,False,1,,5034,Suhr,AG
904069,,,,1.0,gigi_pv,2024-06-25,False,False,1,,8905,Arni AG,AG
904184,,,,1.0,gigi_pv,2024-03-13,False,False,2,,4312,Magden,AG
904943,,,,1.0,gigi_pv,2023-08-02,False,False,1,,5024,Küttigen,AG
905318,,,,1.0,gigi_pv,,False,False,1,,5024,Küttigen,AG
906291,117402,CH1011701234500000000000000575621,353014.0,,unlabeled,2024-08-29,True,False,2,,8962,Bergdietikon,AG
906818,,,,1.0,gigi_pv,2024-07-24,False,False,1,,5000,Aarau,AG
906991,93249,CH1011701234500000000000000556956,381335.0,,unlabeled,,True,False,1,,4310,Rheinfelden,AG
909237,,,,1.0,gigi_pv,2019-11-28,False,False,1,,5620,Bremgarten AG,AG
909265,84982,CH1011701234500000000000000537164,403311.0,,unlabeled,,True,False,1,,4468,Kienberg,SO
909467,,,,1.0,gigi_pv,2019-07-08,False,False,1,,5702,Niederlenz,AG
909494,,,,1.0,gigi_pv,2025-11-24,False,False,2,7.13,5062,Oberhof,AG
909495,,,,,unlabeled,2019-08-30,False,False,1,,4805,Brittnau,AG
909745,,,,1.0,gigi_pv,2022-12-20,False,False,1,,4803,Vordemwald,AG
920024,,,,1.0,gigi_pv,,False,False,1,13.63,5603,Staufen,AG
920030,,,,1.0,gigi_pv,,False,False,1,22.3,5043,Holziken,AG
920044,,,,1.0,gigi_pv,,False,False,1,14.4,5242,Lupfig,AG
920045,,,,1.0,gigi_pv,,False,False,1,15.2,5436,Würenlos,AG
920055,,,,1.0,gigi_pv,,False,False,1,9.5,5200,Brugg AG,AG
920058,,,,1.0,gigi_pv,,False,False,1,4.75,5430,Wettingen,AG
920061,,,,1.0,gigi_pv,2026-04-10,False,False,1,16.15,8965,Berikon,AG
920062,,,,1.0,gigi_pv,2026-04-02,False,False,1,17.1,4334,Sisseln AG,AG
920084,,,,1.0,gigi_pv,,False,False,1,23.75,5014,Gretzenbach,SO
920091,,,,,unlabeled,,False,True,1,,5034,Suhr,AG
920105,,,,1.0,gigi_pv,2026-05-20,False,False,1,13.78,4616,Kappel SO,SO
920106,,,,,unlabeled,,False,True,1,,5406,Rütihof,AG
920129,,,,1.0,gigi_pv,2026-04-30,False,True,2,11.64,5453,Remetschwil,AG
920131,,,,1.0,gigi_battery,,False,True,1,,4653,Obergösgen,SO
920132,,,,1.0,gigi_pv,,False,False,1,12.61,5022,Rombach,AG
920134,,,,1.0,gigi_pv,,False,False,1,17.1,5742,Kölliken,AG
920135,,,,1.0,gigi_pv,,False,True,2,14.25,5503,Schafisheim,AG
920150,,,,1.0,gigi_pv,,False,False,1,11.52,5034,Suhr,AG
920153,,,,,unlabeled,,False,True,1,,5103,Wildegg,AG
920155,,,,1.0,gigi_pv,,False,True,2,15.2,5012,Schönenwerd,SO
920162,,,,,unlabeled,,False,True,1,,5012,Schönenwerd,SO
920175,,,,1.0,gigi_battery,,False,True,1,,5222,Umiken,AG
920211,,,,1.0,gigi_pv,,False,False,1,13.23,4410,Liestal,BL
920213,,,,1.0,gigi_pv,,False,False,1,13.0,5600,Lenzburg,AG
920225,,,,1.0,gigi_pv,,False,False,1,17.82,5722,Gränichen,AG
920227,,,,,unlabeled,,False,True,1,,8965,Berikon,AG
920234,,,,1.0,gigi_pv,,False,False,1,16.62,5610,Wohlen AG,AG
920240,,,,1.0,gigi_pv,,False,False,1,65.84,5637,Beinwil (Freiamt),AG
920241,,,,1.0,gigi_pv,,False,False,1,11.64,5200,Brugg,AG
920242,,,,,unlabeled,,False,True,1,,5018,Erlinsbach,AG
920243,,,,1.0,gigi_battery,,False,True,1,,5024,Küttigen,AG
920283,,,,1.0,gigi_battery,,False,True,1,,4652,Winznau,SO
920285,,,,1.0,gigi_pv,,False,False,1,13.86,5210,Windisch,AG
103097,158585,,,1.0,silver_feedin,,True,,,,5622,,
103217,138566,,,1.0,silver_feedin,,True,,,,5312,,
103223,154814,,,1.0,silver_feedin,,True,,,,5316,,
103227,138236,,,1.0,silver_feedin,,True,,,,5306,,
103329,153127,,,1.0,silver_feedin,,True,,,,4313,,
103440,128108,,,1.0,silver_feedin,,True,,,,5707,,
103485,137015,,,1.0,silver_feedin,,True,,,,5504,,
103771,105959,,,1.0,silver_feedin,,True,,,,5504,,
103777,86089,,,1.0,silver_feedin,,True,,,,5608,,
104198,142537,,,1.0,silver_feedin,,True,,,,4813,,
104313,88298,,,1.0,silver_feedin,,True,,,,5426,,
104409,86087,,,1.0,silver_feedin,,True,,,,5608,,
104490,130180,,,1.0,silver_feedin,,True,,,,5107,,
104539,167948,,,1.0,silver_feedin,,True,,,,4313,,
104839,86698,,,1.0,silver_feedin,,True,,,,5443,,
104948,103257,,,1.0,silver_feedin,,True,,,,5622,,
104977,168889,,,1.0,silver_feedin,,True,,,,4313,,
104990,144749,,,1.0,silver_feedin,,True,,,,4317,,
105749,38723,,,1.0,silver_feedin,,True,,,,4310,,
105865,169237,,,1.0,silver_feedin,,True,,,,5614,,
105932,46821,,,1.0,silver_feedin,,True,,,,5443,,
106032,141500,,,1.0,silver_feedin,,True,,,,5707,,
106170,66998,,,1.0,silver_feedin,,True,,,,8962,,
106186,144739,,,1.0,silver_feedin,,True,,,,5745,,
106307,166494,,,1.0,silver_feedin,,True,,,,5312,,
106434,103900,,,1.0,silver_feedin,,True,,,,4310,,
106565,114998,,,1.0,silver_feedin,,True,,,,5107,,
106605,134526,,,1.0,silver_feedin,,True,,,,4313,,
106616,117520,,,1.0,silver_feedin,,True,,,,5306,,
106698,107122,,,1.0,silver_feedin,,True,,,,5504,,
106801,108841,,,1.0,silver_feedin,,True,,,,5706,,
106883,162136,,,1.0,silver_feedin,,True,,,,5322,,
106901,165946,,,1.0,silver_feedin,,True,,,,5322,,
106989,107940,,,1.0,silver_feedin,,True,,,,4303,,
107011,136060,,,1.0,silver_feedin,,True,,,,5620,,
107018,126224,,,1.0,silver_feedin,,True,,,,4303,,
107148,81371,,,1.0,silver_feedin,,True,,,,5330,,
107178,169289,,,1.0,silver_feedin,,True,,,,4312,,
107269,86299,,,1.0,silver_feedin,,True,,,,5608,,
107303,143128,,,1.0,silver_feedin,,True,,,,4313,,
107439,62992,,,1.0,silver_feedin,,True,,,,8962,,
107606,116018,,,1.0,silver_feedin,,True,,,,5330,,
107624,157908,,,1.0,silver_feedin,,True,,,,5312,,
107713,88215,,,1.0,silver_feedin,,True,,,,5332,,
107770,99011,,,1.0,silver_feedin,,True,,,,5332,,
107782,109856,,,1.0,silver_feedin,,True,,,,5332,,
107823,142475,,,1.0,silver_feedin,,True,,,,4316,,
107847,91200,,,1.0,silver_feedin,,True,,,,5332,,
107857,120050,,,1.0,silver_feedin,,True,,,,5332,,
107934,155845,,,1.0,silver_feedin,,True,,,,5332,,
107936,95488,,,1.0,silver_feedin,,True,,,,5332,,
107944,93081,,,1.0,silver_feedin,,True,,,,5332,,
107951,93866,,,1.0,silver_feedin,,True,,,,5332,,
107958,164099,,,1.0,silver_feedin,,True,,,,5330,,
108015,92372,,,1.0,silver_feedin,,True,,,,5332,,
108123,95562,,,1.0,silver_feedin,,True,,,,5332,,
108132,146175,,,1.0,silver_feedin,,True,,,,5332,,
108307,93080,,,1.0,silver_feedin,,True,,,,5332,,
108340,168972,,,1.0,silver_feedin,,True,,,,5322,,
108385,95030,,,1.0,silver_feedin,,True,,,,5332,,
108388,91201,,,1.0,silver_feedin,,True,,,,5332,,
108399,87429,,,1.0,silver_feedin,,True,,,,5332,,
108447,168103,,,1.0,silver_feedin,,True,,,,5322,,
108577,167938,,,1.0,silver_feedin,,True,,,,5322,,
108578,165181,,,1.0,silver_feedin,,True,,,,5322,,
108583,166630,,,1.0,silver_feedin,,True,,,,5322,,
108630,91199,,,1.0,silver_feedin,,True,,,,5332,,
108632,87430,,,1.0,silver_feedin,,True,,,,5332,,
108637,163312,,,1.0,silver_feedin,,True,,,,4316,,
108725,132523,,,1.0,silver_feedin,,True,,,,5332,,
108765,169119,,,1.0,silver_feedin,,True,,,,5322,,
108768,169130,,,1.0,silver_feedin,,True,,,,5322,,
108777,166003,,,1.0,silver_feedin,,True,,,,5322,,
108786,167211,,,1.0,silver_feedin,,True,,,,5322,,
108798,169123,,,1.0,silver_feedin,,True,,,,5322,,
108802,161189,,,1.0,silver_feedin,,True,,,,5324,,
108803,168973,,,1.0,silver_feedin,,True,,,,5322,,
108868,90127,,,1.0,silver_feedin,,True,,,,5332,,
108870,92544,,,1.0,silver_feedin,,True,,,,5332,,
108871,90227,,,1.0,silver_feedin,,True,,,,5332,,
108873,109256,,,1.0,silver_feedin,,True,,,,5332,,
108875,151400,,,1.0,silver_feedin,,True,,,,5332,,
108879,90527,,,1.0,silver_feedin,,True,,,,5332,,
108887,90672,,,1.0,silver_feedin,,True,,,,5332,,
108891,87428,,,1.0,silver_feedin,,True,,,,5332,,
108905,97796,,,1.0,silver_feedin,,True,,,,5332,,
108913,91754,,,1.0,silver_feedin,,True,,,,5332,,
108925,126550,,,1.0,silver_feedin,,True,,,,5332,,
108928,161413,,,1.0,silver_feedin,,True,,,,5332,,
108932,92361,,,1.0,silver_feedin,,True,,,,5332,,
108933,91687,,,1.0,silver_feedin,,True,,,,5332,,
108960,168258,,,1.0,silver_feedin,,True,,,,5322,,
108961,168257,,,1.0,silver_feedin,,True,,,,5322,,
108963,168244,,,1.0,silver_feedin,,True,,,,5322,,
108987,163740,,,1.0,silver_feedin,,True,,,,5322,,
109077,167214,,,1.0,silver_feedin,,True,,,,5322,,
109081,168112,,,1.0,silver_feedin,,True,,,,5322,,
109140,44845,,,1.0,silver_feedin,,True,,,,5745,,
109149,162625,,,1.0,silver_feedin,,True,,,,4312,,
109165,93865,,,1.0,silver_feedin,,True,,,,5332,,
109183,144649,,,1.0,silver_feedin,,True,,,,4313,,
109279,107932,,,1.0,silver_feedin,,True,,,,5078,,
109357,161628,,,1.0,silver_feedin,,True,,,,4333,,
109527,170828,,,1.0,silver_feedin,,True,,,,5614,,
109668,94825,,,1.0,silver_feedin,,True,,,,5304,,
109828,157429,,,1.0,silver_feedin,,True,,,,4314,,
110316,151217,,,1.0,silver_feedin,,True,,,,4324,,
110572,125187,,,1.0,silver_feedin,,True,,,,5707,,
110626,156436,,,1.0,silver_feedin,,True,,,,8962,,
111347,47677,,,1.0,silver_feedin,,True,,,,5330,,
111394,153478,,,1.0,silver_feedin,,True,,,,4313,,
111481,80900,,,1.0,silver_feedin,,True,,,,5733,,
111870,47380,,,1.0,silver_feedin,,True,,,,5443,,
112273,126222,,,1.0,silver_feedin,,True,,,,4303,,
112276,168240,,,1.0,silver_feedin,,True,,,,5322,,
112382,125674,,,1.0,silver_feedin,,True,,,,5607,,
112511,119734,,,1.0,silver_feedin,,True,,,,5235,,
112537,153130,,,1.0,silver_feedin,,True,,,,4313,,
112993,103752,,,1.0,silver_feedin,,True,,,,5745,,
113064,132017,,,1.0,silver_feedin,,True,,,,5707,,
113090,136014,,,1.0,silver_feedin,,True,,,,4313,,
113271,160861,,,1.0,silver_feedin,,True,,,,4312,,
113313,162545,,,1.0,silver_feedin,,True,,,,5614,,
113406,110012,,,1.0,silver_feedin,,True,,,,5426,,
113538,138515,,,1.0,silver_feedin,,True,,,,5727,,
113655,101863,,,1.0,silver_feedin,,True,,,,5113,,
113733,133655,,,1.0,silver_feedin,,True,,,,5330,,
113822,166169,,,1.0,silver_feedin,,True,,,,4313,,
114491,160437,,,1.0,silver_feedin,,True,,,,4325,,
114609,164607,,,1.0,silver_feedin,,True,,,,5724,,
114760,101753,,,1.0,silver_feedin,,True,,,,8962,,
114796,47268,,,1.0,silver_feedin,,True,,,,5443,,
114883,39766,,,1.0,silver_feedin,,True,,,,5745,,
114911,143026,,,1.0,silver_feedin,,True,,,,5316,,
115111,58219,,,1.0,silver_feedin,,True,,,,5727,,
115197,153164,,,1.0,silver_feedin,,True,,,,4813,,
115317,86298,,,1.0,silver_feedin,,True,,,,5608,,
115482,168760,,,1.0,silver_feedin,,True,,,,4312,,
115499,167437,,,1.0,silver_feedin,,True,,,,5236,,
115628,162905,,,1.0,silver_feedin,,True,,,,4333,,
115661,27201,,,1.0,silver_feedin,,True,,,,5113,,
115673,128897,,,1.0,silver_feedin,,True,,,,4317,,
115788,144385,,,1.0,silver_feedin,,True,,,,5075,,
115796,68937,,,1.0,silver_feedin,,True,,,,5467,,
115889,61535,,,1.0,silver_feedin,,True,,,,5745,,
116248,52002,,,1.0,silver_feedin,,True,,,,5330,,
116432,47266,,,1.0,silver_feedin,,True,,,,5443,,
116625,120138,,,1.0,silver_feedin,,True,,,,4322,,
116687,139621,,,1.0,silver_feedin,,True,,,,5316,,
116768,138513,,,1.0,silver_feedin,,True,,,,4313,,
116883,141595,,,1.0,silver_feedin,,True,,,,5607,,
116893,71371,,,1.0,silver_feedin,,True,,,,8962,,
116902,125775,,,1.0,silver_feedin,,True,,,,5607,,
116903,159288,,,1.0,silver_feedin,,True,,,,5607,,
116904,125774,,,1.0,silver_feedin,,True,,,,5607,,
116910,135697,,,1.0,silver_feedin,,True,,,,5607,,
116922,141593,,,1.0,silver_feedin,,True,,,,5607,,
116928,139817,,,1.0,silver_feedin,,True,,,,5607,,
116964,159177,,,1.0,silver_feedin,,True,,,,5607,,
116966,141594,,,1.0,silver_feedin,,True,,,,5607,,
116972,141372,,,1.0,silver_feedin,,True,,,,5607,,
117034,153278,,,1.0,silver_feedin,,True,,,,4303,,
117090,131249,,,1.0,silver_feedin,,True,,,,5607,,
117148,149251,,,1.0,silver_feedin,,True,,,,5607,,
117158,151160,,,1.0,silver_feedin,,True,,,,5607,,
117189,151392,,,1.0,silver_feedin,,True,,,,5607,,
117230,167947,,,1.0,silver_feedin,,True,,,,4313,,
117267,141269,,,1.0,silver_feedin,,True,,,,5607,,
117268,140575,,,1.0,silver_feedin,,True,,,,5607,,
117310,130130,,,1.0,silver_feedin,,True,,,,5607,,
117317,145525,,,1.0,silver_feedin,,True,,,,5607,,
117324,158857,,,1.0,silver_feedin,,True,,,,5607,,
117346,150722,,,1.0,silver_feedin,,True,,,,5607,,
117352,151687,,,1.0,silver_feedin,,True,,,,5607,,
117370,139439,,,1.0,silver_feedin,,True,,,,5607,,
117376,139577,,,1.0,silver_feedin,,True,,,,5607,,
117381,139819,,,1.0,silver_feedin,,True,,,,5607,,
117498,109449,,,1.0,silver_feedin,,True,,,,5237,,
117654,112836,,,1.0,silver_feedin,,True,,,,5522,,
117655,112832,,,1.0,silver_feedin,,True,,,,5522,,
117660,112835,,,1.0,silver_feedin,,True,,,,5522,,
117807,148374,,,1.0,silver_feedin,,True,,,,5607,,
117814,131395,,,1.0,silver_feedin,,True,,,,5607,,
117851,135699,,,1.0,silver_feedin,,True,,,,5607,,
117867,132262,,,1.0,silver_feedin,,True,,,,5607,,
117874,135864,,,1.0,silver_feedin,,True,,,,5607,,
117902,135698,,,1.0,silver_feedin,,True,,,,5607,,
117917,127422,,,1.0,silver_feedin,,True,,,,5607,,
117931,148486,,,1.0,silver_feedin,,True,,,,5607,,
117952,150899,,,1.0,silver_feedin,,True,,,,5607,,
117996,130173,,,1.0,silver_feedin,,True,,,,5108,,
118060,159168,,,1.0,silver_feedin,,True,,,,5312,,
118144,127986,,,1.0,silver_feedin,,True,,,,5607,,
118145,134844,,,1.0,silver_feedin,,True,,,,5607,,
118158,155256,,,1.0,silver_feedin,,True,,,,5607,,
118161,139816,,,1.0,silver_feedin,,True,,,,5607,,
118163,131264,,,1.0,silver_feedin,,True,,,,5607,,
118164,140330,,,1.0,silver_feedin,,True,,,,5607,,
118167,150671,,,1.0,silver_feedin,,True,,,,5607,,
118219,127421,,,1.0,silver_feedin,,True,,,,5607,,
118226,134285,,,1.0,silver_feedin,,True,,,,5607,,
118291,129732,,,1.0,silver_feedin,,True,,,,5607,,
118309,139820,,,1.0,silver_feedin,,True,,,,5607,,
118311,139815,,,1.0,silver_feedin,,True,,,,5607,,
118312,139824,,,1.0,silver_feedin,,True,,,,5607,,
118313,139822,,,1.0,silver_feedin,,True,,,,5607,,
118331,136846,,,1.0,silver_feedin,,True,,,,5607,,
118347,122627,,,1.0,silver_feedin,,True,,,,4322,,
118355,129728,,,1.0,silver_feedin,,True,,,,5607,,
118414,148485,,,1.0,silver_feedin,,True,,,,5607,,
118430,107591,,,1.0,silver_feedin,,True,,,,5622,,
118433,115991,,,1.0,silver_feedin,,True,,,,5504,,
118524,144382,,,1.0,silver_feedin,,True,,,,5607,,
118567,131505,,,1.0,silver_feedin,,True,,,,5607,,
118569,150167,,,1.0,silver_feedin,,True,,,,5607,,
118598,138745,,,1.0,silver_feedin,,True,,,,5607,,
118601,144107,,,1.0,silver_feedin,,True,,,,5607,,
118608,149422,,,1.0,silver_feedin,,True,,,,5607,,
118617,142474,,,1.0,silver_feedin,,True,,,,5607,,
118628,159142,,,1.0,silver_feedin,,True,,,,5607,,
118629,149059,,,1.0,silver_feedin,,True,,,,5607,,
118638,149252,,,1.0,silver_feedin,,True,,,,5607,,
118641,156367,,,1.0,silver_feedin,,True,,,,5607,,
118676,131259,,,1.0,silver_feedin,,True,,,,5607,,
118774,143463,,,1.0,silver_feedin,,True,,,,5607,,
118948,102372,,,1.0,silver_feedin,,True,,,,5225,,
119046,109810,,,1.0,silver_feedin,,True,,,,5622,,
119052,163079,,,1.0,silver_feedin,,True,,,,5615,,
119577,144723,,,1.0,silver_feedin,,True,,,,5620,,
119725,126156,,,1.0,silver_feedin,,True,,,,5620,,
119735,99437,,,1.0,silver_feedin,,True,,,,4468,,
119791,86732,,,1.0,silver_feedin,,True,,,,5074,,
119919,164594,,,1.0,silver_feedin,,True,,,,5605,,
120120,42597,,,1.0,silver_feedin,,True,,,,5745,,
120133,154618,,,1.0,silver_feedin,,True,,,,4313,,
120312,105773,,,1.0,silver_feedin,,True,,,,4310,,
120502,157491,,,1.0,silver_feedin,,True,,,,4303,,
120617,42979,,,1.0,silver_feedin,,True,,,,5105,,
120680,150243,,,1.0,silver_feedin,,True,,,,4813,,
120786,127538,,,1.0,silver_feedin,,True,,,,5507,,
121022,144175,,,1.0,silver_feedin,,True,,,,4313,,
121027,130957,,,1.0,silver_feedin,,True,,,,5725,,
121039,47267,,,1.0,silver_feedin,,True,,,,5443,,
121086,119465,,,1.0,silver_feedin,,True,,,,4303,,
121129,125672,,,1.0,silver_feedin,,True,,,,5607,,
121141,131267,,,1.0,silver_feedin,,True,,,,5607,,
121152,153109,,,1.0,silver_feedin,,True,,,,5607,,
121216,87307,,,1.0,silver_feedin,,True,,,,5608,,
121221,165165,,,1.0,silver_feedin,,True,,,,5614,,
121288,132020,,,1.0,silver_feedin,,True,,,,5707,,
121583,109257,,,1.0,silver_feedin,,True,,,,4310,,
121856,127985,,,1.0,silver_feedin,,True,,,,5607,,
121986,149314,,,1.0,silver_feedin,,True,,,,5107,,
121995,165168,,,1.0,silver_feedin,,True,,,,5614,,
122080,56067,,,1.0,silver_feedin,,True,,,,5072,,
122182,73033,,,1.0,silver_feedin,,True,,,,5106,,
122299,153258,,,1.0,silver_feedin,,True,,,,5506,,
122384,151390,,,1.0,silver_feedin,,True,,,,5620,,
122389,101615,,,1.0,silver_feedin,,True,,,,5622,,
122391,99153,,,1.0,silver_feedin,,True,,,,5622,,
122409,149861,,,1.0,silver_feedin,,True,,,,4313,,
122495,91313,,,1.0,silver_feedin,,True,,,,5225,,
122864,139823,,,1.0,silver_feedin,,True,,,,5607,,
122909,142390,,,1.0,silver_feedin,,True,,,,5607,,
122914,131266,,,1.0,silver_feedin,,True,,,,5607,,
122920,166471,,,1.0,silver_feedin,,True,,,,5615,,
122992,157288,,,1.0,silver_feedin,,True,,,,5312,,
123043,159242,,,1.0,silver_feedin,,True,,,,5607,,
123081,169118,,,1.0,silver_feedin,,True,,,,5322,,
123276,107211,,,1.0,silver_feedin,,True,,,,5617,,
123307,148344,,,1.0,silver_feedin,,True,,,,5620,,
123449,80899,,,1.0,silver_feedin,,True,,,,5706,,
123558,128925,,,1.0,silver_feedin,,True,,,,5620,,
123618,152043,,,1.0,silver_feedin,,True,,,,4313,,
123627,82970,,,1.0,silver_feedin,,True,,,,5608,,
123710,152174,,,1.0,silver_feedin,,True,,,,4813,,
123767,97781,,,1.0,silver_feedin,,True,,,,5706,,
123886,38023,,,1.0,silver_feedin,,True,,,,4310,,
124140,167953,,,1.0,silver_feedin,,True,,,,4313,,
124204,163478,,,1.0,silver_feedin,,True,,,,5733,,
124214,36090,,,1.0,silver_feedin,,True,,,,5443,,
124242,165161,,,1.0,silver_feedin,,True,,,,4312,,
124356,68905,,,1.0,silver_feedin,,True,,,,5330,,
124401,141272,,,1.0,silver_feedin,,True,,,,5607,,
124446,157727,,,1.0,silver_feedin,,True,,,,5106,,
124664,96857,,,1.0,silver_feedin,,True,,,,5706,,
124733,124350,,,1.0,silver_feedin,,True,,,,5707,,
124999,166301,,,1.0,silver_feedin,,True,,,,5236,,
125058,132001,,,1.0,silver_feedin,,True,,,,5725,,
125140,87293,,,1.0,silver_feedin,,True,,,,5074,,
125219,133534,,,1.0,silver_feedin,,True,,,,4813,,
125411,150984,,,1.0,silver_feedin,,True,,,,5306,,
125590,167655,,,1.0,silver_feedin,,True,,,,5236,,
125683,94909,,,1.0,silver_feedin,,True,,,,5706,,
125753,130181,,,1.0,silver_feedin,,True,,,,5107,,
125772,148421,,,1.0,silver_feedin,,True,,,,4313,,
125794,96056,,,1.0,silver_feedin,,True,,,,5304,,
125962,88554,,,1.0,silver_feedin,,True,,,,5706,,
125970,124658,,,1.0,silver_feedin,,True,,,,5075,,
126052,154393,,,1.0,silver_feedin,,True,,,,4313,,
126159,80430,,,1.0,silver_feedin,,True,,,,5608,,
126282,148489,,,1.0,silver_feedin,,True,,,,4316,,
126339,168008,,,1.0,silver_feedin,,True,,,,4324,,
126645,65291,,,1.0,silver_feedin,,True,,,,8962,,
126935,54808,,,1.0,silver_feedin,,True,,,,4313,,
126971,88733,,,1.0,silver_feedin,,True,,,,5244,,
127048,80429,,,1.0,silver_feedin,,True,,,,5608,,
127210,105430,,,1.0,silver_feedin,,True,,,,5078,,
127234,111460,,,1.0,silver_feedin,,True,,,,5745,,
127246,154643,,,1.0,silver_feedin,,True,,,,5504,,
127291,126270,,,1.0,silver_feedin,,True,,,,4313,,
127316,156425,,,1.0,silver_feedin,,True,,,,4313,,
127445,108714,,,1.0,silver_feedin,,True,,,,5706,,
127543,43959,,,1.0,silver_feedin,,True,,,,5105,,
127804,152059,,,1.0,silver_feedin,,True,,,,5707,,
127846,91011,,,1.0,silver_feedin,,True,,,,5706,,
127867,95489,,,1.0,silver_feedin,,True,,,,4310,,
128107,168145,,,1.0,silver_feedin,,True,,,,4313,,
128202,80367,,,1.0,silver_feedin,,True,,,,5072,,
128473,110146,,,1.0,silver_feedin,,True,,,,5619,,
128565,52195,,,1.0,silver_feedin,,True,,,,5745,,
128658,158223,,,1.0,silver_feedin,,True,,,,5072,,
128738,63857,,,1.0,silver_feedin,,True,,,,5072,,
128854,30290,,,1.0,silver_feedin,,True,,,,5072,,
129006,165408,,,1.0,silver_feedin,,True,,,,4313,,
129115,119540,,,1.0,silver_feedin,,True,,,,5462,,
129121,30239,,,1.0,silver_feedin,,True,,,,5072,,
129125,140426,,,1.0,silver_feedin,,True,,,,4317,,
129129,31439,,,1.0,silver_feedin,,True,,,,5072,,
129204,148285,,,1.0,silver_feedin,,True,,,,4316,,
129213,165363,,,1.0,silver_feedin,,True,,,,5620,,
129228,66520,,,1.0,silver_feedin,,True,,,,5072,,
129302,142499,,,1.0,silver_feedin,,True,,,,4313,,
129379,68966,,,1.0,silver_feedin,,True,,,,5072,,
129381,58220,,,1.0,silver_feedin,,True,,,,5072,,
129404,76793,,,1.0,silver_feedin,,True,,,,5072,,
129406,63511,,,1.0,silver_feedin,,True,,,,5072,,
129412,90221,,,1.0,silver_feedin,,True,,,,5072,,
129415,132055,,,1.0,silver_feedin,,True,,,,5072,,
129417,138516,,,1.0,silver_feedin,,True,,,,5072,,
129426,25525,,,1.0,silver_feedin,,True,,,,5072,,
129428,84118,,,1.0,silver_feedin,,True,,,,5608,,
129434,36305,,,1.0,silver_feedin,,True,,,,5072,,
129436,98623,,,1.0,silver_feedin,,True,,,,5072,,
129437,98622,,,1.0,silver_feedin,,True,,,,5072,,
129438,47288,,,1.0,silver_feedin,,True,,,,5072,,
129439,71407,,,1.0,silver_feedin,,True,,,,5072,,
129443,153221,,,1.0,silver_feedin,,True,,,,5072,,
129445,58965,,,1.0,silver_feedin,,True,,,,5072,,
129455,81922,,,1.0,silver_feedin,,True,,,,5072,,
129464,65743,,,1.0,silver_feedin,,True,,,,5072,,
129466,106355,,,1.0,silver_feedin,,True,,,,5072,,
129493,58972,,,1.0,silver_feedin,,True,,,,5619,,
129556,85530,,,1.0,silver_feedin,,True,,,,5072,,
129657,165373,,,1.0,silver_feedin,,True,,,,4313,,
129723,162903,,,1.0,silver_feedin,,True,,,,4333,,
129763,151828,,,1.0,silver_feedin,,True,,,,4313,,
129769,51593,,,1.0,silver_feedin,,True,,,,5072,,
129830,70014,,,1.0,silver_feedin,,True,,,,5072,,
129893,128928,,,1.0,silver_feedin,,True,,,,5443,,
129972,157945,,,1.0,silver_feedin,,True,,,,5070,,
129979,132051,,,1.0,silver_feedin,,True,,,,5027,,
130027,78192,,,1.0,silver_feedin,,True,,,,5072,,
130033,65518,,,1.0,silver_feedin,,True,,,,5467,,
130043,91780,,,1.0,silver_feedin,,True,,,,5072,,
130077,169292,,,1.0,silver_feedin,,True,,,,4312,,
130086,162051,,,1.0,silver_feedin,,True,,,,5604,,
130106,134490,,,1.0,silver_feedin,,True,,,,4303,,
130120,130184,,,1.0,silver_feedin,,True,,,,5107,,
130152,67307,,,1.0,silver_feedin,,True,,,,5072,,
130156,72318,,,1.0,silver_feedin,,True,,,,5072,,
130166,97185,,,1.0,silver_feedin,,True,,,,5072,,
130175,152817,,,1.0,silver_feedin,,True,,,,4325,,
130260,32131,,,1.0,silver_feedin,,True,,,,5072,,
130263,134202,,,1.0,silver_feedin,,True,,,,5620,,
130292,58221,,,1.0,silver_feedin,,True,,,,5072,,
130386,118003,,,1.0,silver_feedin,,True,,,,5504,,
130433,135756,,,1.0,silver_feedin,,True,,,,5107,,
130495,147863,,,1.0,silver_feedin,,True,,,,4316,,
130508,85012,,,1.0,silver_feedin,,True,,,,5727,,
130510,95448,,,1.0,silver_feedin,,True,,,,5426,,
130526,96357,,,1.0,silver_feedin,,True,,,,5727,,
130531,142472,,,1.0,silver_feedin,,True,,,,5312,,
130535,116375,,,1.0,silver_feedin,,True,,,,4322,,
130557,153140,,,1.0,silver_feedin,,True,,,,4324,,
130585,107554,,,1.0,silver_feedin,,True,,,,5078,,
130604,29907,,,1.0,silver_feedin,,True,,,,5072,,
130666,51139,,,1.0,silver_feedin,,True,,,,5745,,
130671,51140,,,1.0,silver_feedin,,True,,,,5745,,
130676,143505,,,1.0,silver_feedin,,True,,,,4313,,
130720,147833,,,1.0,silver_feedin,,True,,,,5306,,
130723,122611,,,1.0,silver_feedin,,True,,,,5306,,
130764,159954,,,1.0,silver_feedin,,True,,,,5600,,
130775,142500,,,1.0,silver_feedin,,True,,,,4313,,
130794,164055,,,1.0,silver_feedin,,True,,,,5607,,
130883,60805,,,1.0,silver_feedin,,True,,,,8962,,
130941,120334,,,1.0,silver_feedin,,True,,,,4303,,
130992,123378,,,1.0,silver_feedin,,True,,,,5745,,
131001,167439,,,1.0,silver_feedin,,True,,,,5236,,
131002,167648,,,1.0,silver_feedin,,True,,,,5236,,
131019,130530,,,1.0,silver_feedin,,True,,,,5027,,
131098,162510,,,1.0,silver_feedin,,True,,,,5615,,
131176,7854,,,1.0,silver_feedin,,True,,,,5725,,
131209,105460,,,1.0,silver_feedin,,True,,,,5443,,
131216,163912,,,1.0,silver_feedin,,True,,,,5605,,
131244,49283,,,1.0,silver_feedin,,True,,,,5443,,
131273,70003,,,1.0,silver_feedin,,True,,,,5443,,
131307,168571,,,1.0,silver_feedin,,True,,,,4313,,
131320,131872,,,1.0,silver_feedin,,True,,,,5600,,
131358,157982,,,1.0,silver_feedin,,True,,,,5725,,
131378,107573,,,1.0,silver_feedin,,True,,,,5522,,
131399,136597,,,1.0,silver_feedin,,True,,,,5306,,
131408,60208,,,1.0,silver_feedin,,True,,,,5105,,
131553,96361,,,1.0,silver_feedin,,True,,,,5745,,
131565,149689,,,1.0,silver_feedin,,True,,,,5726,,
131658,128934,,,1.0,silver_feedin,,True,,,,5726,,
131738,80270,,,1.0,silver_feedin,,True,,,,5727,,
131751,166453,,,1.0,silver_feedin,,True,,,,5726,,
131785,36282,,,1.0,silver_feedin,,True,,,,5726,,
131838,62961,,,1.0,silver_feedin,,True,,,,5464,,
131853,147613,,,1.0,silver_feedin,,True,,,,4317,,
131896,140458,,,1.0,silver_feedin,,True,,,,5726,,
131901,38501,,,1.0,silver_feedin,,True,,,,5726,,
131917,99035,,,1.0,silver_feedin,,True,,,,5726,,
131949,71405,,,1.0,silver_feedin,,True,,,,5330,,
131979,168582,,,1.0,silver_feedin,,True,,,,5314,,
131993,110242,,,1.0,silver_feedin,,True,,,,5726,,
132005,74779,,,1.0,silver_feedin,,True,,,,5726,,
132016,162235,,,1.0,silver_feedin,,True,,,,4316,,
132020,169495,,,1.0,silver_feedin,,True,,,,4316,,
132061,155257,,,1.0,silver_feedin,,True,,,,5607,,
132092,163239,,,1.0,silver_feedin,,True,,,,5614,,
132137,44597,,,1.0,silver_feedin,,True,,,,5619,,
132144,140430,,,1.0,silver_feedin,,True,,,,5464,,
132163,36212,,,1.0,silver_feedin,,True,,,,5726,,
132170,110241,,,1.0,silver_feedin,,True,,,,5726,,
132237,155820,,,1.0,silver_feedin,,True,,,,4313,,
132248,107989,,,1.0,silver_feedin,,True,,,,5726,,
132270,50367,,,1.0,silver_feedin,,True,,,,5726,,
132279,30452,,,1.0,silver_feedin,,True,,,,5726,,
132282,39689,,,1.0,silver_feedin,,True,,,,5726,,
132439,124384,,,1.0,silver_feedin,,True,,,,4303,,
132456,144408,,,1.0,silver_feedin,,True,,,,5314,,
132461,154556,,,1.0,silver_feedin,,True,,,,5330,,
132487,106353,,,1.0,silver_feedin,,True,,,,5506,,
132490,154709,,,1.0,silver_feedin,,True,,,,5107,,
132536,144118,,,1.0,silver_feedin,,True,,,,5607,,
132543,139643,,,1.0,silver_feedin,,True,,,,4813,,
132554,116414,,,1.0,silver_feedin,,True,,,,5726,,
132602,38098,,,1.0,silver_feedin,,True,,,,5726,,
132634,36608,,,1.0,silver_feedin,,True,,,,5726,,
132635,151501,,,1.0,silver_feedin,,True,,,,5726,,
132679,144748,,,1.0,silver_feedin,,True,,,,5726,,
132720,152387,,,1.0,silver_feedin,,True,,,,4324,,
132740,124351,,,1.0,silver_feedin,,True,,,,5726,,
132786,166950,,,1.0,silver_feedin,,True,,,,5726,,
132813,46758,,,1.0,silver_feedin,,True,,,,5726,,
132826,150117,,,1.0,silver_feedin,,True,,,,5726,,
132836,56096,,,1.0,silver_feedin,,True,,,,5726,,
132976,160727,,,1.0,silver_feedin,,True,,,,5726,,
132995,24525,,,1.0,silver_feedin,,True,,,,5726,,
132998,134225,,,1.0,silver_feedin,,True,,,,5726,,
132999,134351,,,1.0,silver_feedin,,True,,,,5726,,
133008,29050,,,1.0,silver_feedin,,True,,,,5726,,
133017,136988,,,1.0,silver_feedin,,True,,,,5506,,
133018,106922,,,1.0,silver_feedin,,True,,,,5506,,
133034,78135,,,1.0,silver_feedin,,True,,,,5726,,
133077,31096,,,1.0,silver_feedin,,True,,,,5726,,
133080,115636,,,1.0,silver_feedin,,True,,,,5726,,
133119,121253,,,1.0,silver_feedin,,True,,,,5504,,
133191,34706,,,1.0,silver_feedin,,True,,,,5726,,
133216,130669,,,1.0,silver_feedin,,True,,,,5452,,
133280,134454,,,1.0,silver_feedin,,True,,,,5620,,
133326,40942,,,1.0,silver_feedin,,True,,,,5726,,
133327,130231,,,1.0,silver_feedin,,True,,,,5620,,
133371,35337,,,1.0,silver_feedin,,True,,,,5726,,
133402,71413,,,1.0,silver_feedin,,True,,,,5726,,
133417,35734,,,1.0,silver_feedin,,True,,,,5726,,
133447,64823,,,1.0,silver_feedin,,True,,,,5726,,
133475,96816,,,1.0,silver_feedin,,True,,,,5733,,
133528,63268,,,1.0,silver_feedin,,True,,,,5726,,
133530,166951,,,1.0,silver_feedin,,True,,,,5726,,
133540,152900,,,1.0,silver_feedin,,True,,,,5726,,
133598,148788,,,1.0,silver_feedin,,True,,,,5726,,
133616,132046,,,1.0,silver_feedin,,True,,,,5330,,
133627,103877,,,1.0,silver_feedin,,True,,,,4468,,
133646,108726,,,1.0,silver_feedin,,True,,,,5726,,
133655,106368,,,1.0,silver_feedin,,True,,,,5726,,
133688,60030,,,1.0,silver_feedin,,True,,,,5726,,
133689,88716,,,1.0,silver_feedin,,True,,,,5726,,
133690,91390,,,1.0,silver_feedin,,True,,,,5726,,
133699,32671,,,1.0,silver_feedin,,True,,,,5726,,
133707,135780,,,1.0,silver_feedin,,True,,,,5707,,
133735,70811,,,1.0,silver_feedin,,True,,,,5074,,
133743,166466,,,1.0,silver_feedin,,True,,,,5236,,
133744,90852,,,1.0,silver_feedin,,True,,,,5106,,
133816,64718,,,1.0,silver_feedin,,True,,,,5726,,
133824,81386,,,1.0,silver_feedin,,True,,,,5726,,
133825,81387,,,1.0,silver_feedin,,True,,,,5726,,
133842,109835,,,1.0,silver_feedin,,True,,,,5726,,
133847,35889,,,1.0,silver_feedin,,True,,,,5726,,
133857,41246,,,1.0,silver_feedin,,True,,,,5726,,
133859,109217,,,1.0,silver_feedin,,True,,,,5726,,
133883,46181,,,1.0,silver_feedin,,True,,,,5726,,
133893,142588,,,1.0,silver_feedin,,True,,,,4303,,
133950,139118,,,1.0,silver_feedin,,True,,,,4813,,
133965,110100,,,1.0,silver_feedin,,True,,,,5706,,
133976,79627,,,1.0,silver_feedin,,True,,,,5106,,
133997,66808,,,1.0,silver_feedin,,True,,,,5726,,
134017,104753,,,1.0,silver_feedin,,True,,,,5726,,
134036,101418,,,1.0,silver_feedin,,True,,,,5726,,
134131,130683,,,1.0,silver_feedin,,True,,,,4317,,
134177,111696,,,1.0,silver_feedin,,True,,,,5726,,
134178,132019,,,1.0,silver_feedin,,True,,,,5707,,
134209,123247,,,1.0,silver_feedin,,True,,,,5726,,
134217,56952,,,1.0,silver_feedin,,True,,,,5726,,
134222,119542,,,1.0,silver_feedin,,True,,,,5726,,
134230,36952,,,1.0,silver_feedin,,True,,,,5726,,
134245,118341,,,1.0,silver_feedin,,True,,,,5726,,
134249,75546,,,1.0,silver_feedin,,True,,,,5726,,
134250,139644,,,1.0,silver_feedin,,True,,,,5726,,
134265,112180,,,1.0,silver_feedin,,True,,,,5726,,
134266,126019,,,1.0,silver_feedin,,True,,,,5726,,
134289,110147,,,1.0,silver_feedin,,True,,,,5726,,
134325,101220,,,1.0,silver_feedin,,True,,,,5078,,
134441,34670,,,1.0,silver_feedin,,True,,,,5726,,
134460,75926,,,1.0,silver_feedin,,True,,,,5726,,
134476,35832,,,1.0,silver_feedin,,True,,,,5726,,
134480,35441,,,1.0,silver_feedin,,True,,,,5726,,
134482,86699,,,1.0,silver_feedin,,True,,,,5726,,
134524,78572,,,1.0,silver_feedin,,True,,,,5726,,
134530,54833,,,1.0,silver_feedin,,True,,,,5726,,
134532,123267,,,1.0,silver_feedin,,True,,,,5726,,
134551,35827,,,1.0,silver_feedin,,True,,,,5726,,
134561,56337,,,1.0,silver_feedin,,True,,,,5726,,
134584,118054,,,1.0,silver_feedin,,True,,,,5306,,
134597,45488,,,1.0,silver_feedin,,True,,,,5726,,
134598,30450,,,1.0,silver_feedin,,True,,,,5726,,
134601,52435,,,1.0,silver_feedin,,True,,,,5726,,
134602,37871,,,1.0,silver_feedin,,True,,,,5726,,
134615,28341,,,1.0,silver_feedin,,True,,,,5726,,
134618,30528,,,1.0,silver_feedin,,True,,,,5726,,
134622,75547,,,1.0,silver_feedin,,True,,,,5726,,
134655,157170,,,1.0,silver_feedin,,True,,,,4313,,
134685,144851,,,1.0,silver_feedin,,True,,,,5075,,
134689,126478,,,1.0,silver_feedin,,True,,,,5707,,
134699,158031,,,1.0,silver_feedin,,True,,,,4325,,
134703,159003,,,1.0,silver_feedin,,True,,,,4324,,
134709,96648,,,1.0,silver_feedin,,True,,,,5426,,
134766,156780,,,1.0,silver_feedin,,True,,,,4313,,
134831,145429,,,1.0,silver_feedin,,True,,,,5312,,
134833,144410,,,1.0,silver_feedin,,True,,,,5316,,
134848,147593,,,1.0,silver_feedin,,True,,,,4322,,
135009,152154,,,1.0,silver_feedin,,True,,,,4313,,
135045,84500,,,1.0,silver_feedin,,True,,,,5726,,
135061,98408,,,1.0,silver_feedin,,True,,,,5332,,
135131,101300,,,1.0,silver_feedin,,True,,,,4310,,
135138,124132,,,1.0,silver_feedin,,True,,,,5733,,
135149,81452,,,1.0,silver_feedin,,True,,,,5733,,
135153,124346,,,1.0,silver_feedin,,True,,,,5027,,
135163,119887,,,1.0,silver_feedin,,True,,,,5330,,
135164,168007,,,1.0,silver_feedin,,True,,,,4324,,
135177,53069,,,1.0,silver_feedin,,True,,,,5330,,
135199,101345,,,1.0,silver_feedin,,True,,,,5726,,
135220,125185,,,1.0,silver_feedin,,True,,,,5707,,
135278,163264,,,1.0,silver_feedin,,True,,,,5614,,
135285,59385,,,1.0,silver_feedin,,True,,,,5600,,
135338,71616,,,1.0,silver_feedin,,True,,,,5745,,
135378,82348,,,1.0,silver_feedin,,True,,,,5727,,
135598,142508,,,1.0,silver_feedin,,True,,,,4313,,
135599,166448,,,1.0,silver_feedin,,True,,,,5706,,
135699,101283,,,1.0,silver_feedin,,True,,,,5506,,
135706,124255,,,1.0,silver_feedin,,True,,,,5707,,
135712,168146,,,1.0,silver_feedin,,True,,,,4313,,
135718,163542,,,1.0,silver_feedin,,True,,,,5614,,
135746,147924,,,1.0,silver_feedin,,True,,,,5620,,
135761,50995,,,1.0,silver_feedin,,True,,,,5443,,
135905,155805,,,1.0,silver_feedin,,True,,,,4313,,
135912,141006,,,1.0,silver_feedin,,True,,,,5312,,
135928,70494,,,1.0,silver_feedin,,True,,,,5726,,
135942,30309,,,1.0,silver_feedin,,True,,,,5113,,
136053,66443,,,1.0,silver_feedin,,True,,,,5330,,
136113,168884,,,1.0,silver_feedin,,True,,,,5615,,
136118,164958,,,1.0,silver_feedin,,True,,,,5614,,
136199,144745,,,1.0,silver_feedin,,True,,,,4313,,
136209,159921,,,1.0,silver_feedin,,True,,,,5225,,
136229,116413,,,1.0,silver_feedin,,True,,,,5306,,
136237,149648,,,1.0,silver_feedin,,True,,,,5727,,
136241,144728,,,1.0,silver_feedin,,True,,,,5607,,
136380,65442,,,1.0,silver_feedin,,True,,,,8962,,
136470,139812,,,1.0,silver_feedin,,True,,,,5607,,
136587,125515,,,1.0,silver_feedin,,True,,,,5506,,
136588,118612,,,1.0,silver_feedin,,True,,,,5304,,
136596,162299,,,1.0,silver_feedin,,True,,,,4313,,
136618,97662,,,1.0,silver_feedin,,True,,,,4303,,
136621,122605,,,1.0,silver_feedin,,True,,,,5332,,
136693,151161,,,1.0,silver_feedin,,True,,,,5607,,
136707,53117,,,1.0,silver_feedin,,True,,,,5452,,
136755,98430,,,1.0,silver_feedin,,True,,,,5622,,
136777,112170,,,1.0,silver_feedin,,True,,,,5706,,
136781,160846,,,1.0,silver_feedin,,True,,,,4312,,
136870,123289,,,1.0,silver_feedin,,True,,,,4313,,
136891,147353,,,1.0,silver_feedin,,True,,,,4813,,
136906,161479,,,1.0,silver_feedin,,True,,,,4317,,
136953,119466,,,1.0,silver_feedin,,True,,,,4303,,
137029,62006,,,1.0,silver_feedin,,True,,,,5106,,
137034,52198,,,1.0,silver_feedin,,True,,,,5106,,
137049,131848,,,1.0,silver_feedin,,True,,,,5707,,
137081,106914,,,1.0,silver_feedin,,True,,,,5745,,
137112,141267,,,1.0,silver_feedin,,True,,,,5074,,
137116,137591,,,1.0,silver_feedin,,True,,,,4313,,
137197,163996,,,1.0,silver_feedin,,True,,,,4312,,
137273,158294,,,1.0,silver_feedin,,True,,,,4313,,
137276,133484,,,1.0,silver_feedin,,True,,,,5707,,
137287,35893,,,1.0,silver_feedin,,True,,,,5726,,
137305,168462,,,1.0,silver_feedin,,True,,,,4313,,
137412,117474,,,1.0,silver_feedin,,True,,,,5504,,
137429,61645,,,1.0,silver_feedin,,True,,,,8962,,
137478,85979,,,1.0,silver_feedin,,True,,,,5608,,
137498,109089,,,1.0,silver_feedin,,True,,,,5745,,
137516,109852,,,1.0,silver_feedin,,True,,,,5304,,
137666,138045,,,1.0,silver_feedin,,True,,,,4313,,
137693,68716,,,1.0,silver_feedin,,True,,,,5467,,
137764,153160,,,1.0,silver_feedin,,True,,,,4325,,
137828,127574,,,1.0,silver_feedin,,True,,,,5726,,
137962,101286,,,1.0,silver_feedin,,True,,,,5443,,
137975,147337,,,1.0,silver_feedin,,True,,,,4303,,
137992,141011,,,1.0,silver_feedin,,True,,,,5075,,
137999,169538,,,1.0,silver_feedin,,True,,,,5604,,
138021,148776,,,1.0,silver_feedin,,True,,,,5314,,
138076,133420,,,1.0,silver_feedin,,True,,,,4313,,
138137,160697,,,1.0,silver_feedin,,True,,,,4303,,
138148,91755,,,1.0,silver_feedin,,True,,,,5608,,
138197,95449,,,1.0,silver_feedin,,True,,,,5426,,
138200,100238,,,1.0,silver_feedin,,True,,,,5622,,
138224,111977,,,1.0,silver_feedin,,True,,,,5622,,
138238,116867,,,1.0,silver_feedin,,True,,,,5504,,
138297,119267,,,1.0,silver_feedin,,True,,,,5324,,
138367,125721,,,1.0,silver_feedin,,True,,,,5075,,
138370,154172,,,1.0,silver_feedin,,True,,,,4313,,
138383,125631,,,1.0,silver_feedin,,True,,,,5027,,
138391,147250,,,1.0,silver_feedin,,True,,,,5108,,
138403,59417,,,1.0,silver_feedin,,True,,,,5106,,
138450,52367,,,1.0,silver_feedin,,True,,,,5452,,
138538,153271,,,1.0,silver_feedin,,True,,,,5607,,
138547,147878,,,1.0,silver_feedin,,True,,,,5316,,
138564,87400,,,1.0,silver_feedin,,True,,,,5074,,
138569,137830,,,1.0,silver_feedin,,True,,,,5707,,
138586,130492,,,1.0,silver_feedin,,True,,,,5707,,
138592,124148,,,1.0,silver_feedin,,True,,,,5617,,
138635,121384,,,1.0,silver_feedin,,True,,,,4322,,
138675,153274,,,1.0,silver_feedin,,True,,,,5620,,
138717,87094,,,1.0,silver_feedin,,True,,,,5706,,
138792,160468,,,1.0,silver_feedin,,True,,,,4310,,
138913,110658,,,1.0,silver_feedin,,True,,,,5324,,
138977,118778,,,1.0,silver_feedin,,True,,,,5106,,
139051,145926,,,1.0,silver_feedin,,True,,,,4313,,
139065,140646,,,1.0,silver_feedin,,True,,,,5314,,
139078,165374,,,1.0,silver_feedin,,True,,,,4313,,
139160,140414,,,1.0,silver_feedin,,True,,,,4313,,
139201,122328,,,1.0,silver_feedin,,True,,,,4310,,
139230,132052,,,1.0,silver_feedin,,True,,,,5426,,
139256,95521,,,1.0,silver_feedin,,True,,,,5225,,
139311,83414,,,1.0,silver_feedin,,True,,,,5072,,
139499,131887,,,1.0,silver_feedin,,True,,,,4317,,
139532,28682,,,1.0,silver_feedin,,True,,,,5726,,
139602,127600,,,1.0,silver_feedin,,True,,,,5027,,
139667,61630,,,1.0,silver_feedin,,True,,,,5745,,
139693,142516,,,1.0,silver_feedin,,True,,,,5107,,
139699,94433,,,1.0,silver_feedin,,True,,,,5072,,
139768,98933,,,1.0,silver_feedin,,True,,,,4303,,
139801,153325,,,1.0,silver_feedin,,True,,,,4324,,
139834,131263,,,1.0,silver_feedin,,True,,,,5607,,
139857,64719,,,1.0,silver_feedin,,True,,,,5726,,
139918,62767,,,1.0,silver_feedin,,True,,,,4310,,
139930,100469,,,1.0,silver_feedin,,True,,,,8962,,
139935,167954,,,1.0,silver_feedin,,True,,,,4313,,
139962,156798,,,1.0,silver_feedin,,True,,,,5312,,
139984,110010,,,1.0,silver_feedin,,True,,,,5078,,
140062,138572,,,1.0,silver_feedin,,True,,,,5443,,
140200,162063,,,1.0,silver_feedin,,True,,,,4313,,
140203,162298,,,1.0,silver_feedin,,True,,,,4313,,
140213,161757,,,1.0,silver_feedin,,True,,,,5615,,
140255,163544,,,1.0,silver_feedin,,True,,,,5614,,
140325,148423,,,1.0,silver_feedin,,True,,,,4313,,
140329,150197,,,1.0,silver_feedin,,True,,,,4313,,
140366,130424,,,1.0,silver_feedin,,True,,,,5725,,
140381,120510,,,1.0,silver_feedin,,True,,,,5324,,
140524,137594,,,1.0,silver_feedin,,True,,,,4313,,
140561,99061,,,1.0,silver_feedin,,True,,,,5622,,
140576,93776,,,1.0,silver_feedin,,True,,,,5745,,
140605,168465,,,1.0,silver_feedin,,True,,,,5614,,
140644,113732,,,1.0,silver_feedin,,True,,,,5504,,
140684,107546,,,1.0,silver_feedin,,True,,,,5225,,
140736,147477,,,1.0,silver_feedin,,True,,,,5608,,
140757,160402,,,1.0,silver_feedin,,True,,,,5312,,
140760,35850,,,1.0,silver_feedin,,True,,,,5726,,
140878,61632,,,1.0,silver_feedin,,True,,,,5046,,
140991,150186,,,1.0,silver_feedin,,True,,,,4313,,
141072,98515,,,1.0,silver_feedin,,True,,,,5467,,
141076,152316,,,1.0,silver_feedin,,True,,,,5467,,
141114,164094,,,1.0,silver_feedin,,True,,,,5622,,
141138,167231,,,1.0,silver_feedin,,True,,,,5107,,
141181,156625,,,1.0,silver_feedin,,True,,,,5620,,
141225,161343,,,1.0,silver_feedin,,True,,,,5725,,
141305,164103,,,1.0,silver_feedin,,True,,,,5605,,
141318,118400,,,1.0,silver_feedin,,True,,,,5727,,
141388,32608,,,1.0,silver_feedin,,True,,,,5726,,
141454,144848,,,1.0,silver_feedin,,True,,,,5607,,
141457,116390,,,1.0,silver_feedin,,True,,,,5504,,
141479,147573,,,1.0,silver_feedin,,True,,,,4303,,
141527,109051,,,1.0,silver_feedin,,True,,,,4322,,
141585,83228,,,1.0,silver_feedin,,True,,,,5105,,
141700,117473,,,1.0,silver_feedin,,True,,,,5504,,
141702,160435,,,1.0,silver_feedin,,True,,,,5504,,
141781,97667,,,1.0,silver_feedin,,True,,,,5745,,
141861,131885,,,1.0,silver_feedin,,True,,,,5707,,
141966,77679,,,1.0,silver_feedin,,True,,,,5106,,
142102,87092,,,1.0,silver_feedin,,True,,,,5706,,
142146,100763,,,1.0,silver_feedin,,True,,,,5622,,
142198,168893,,,1.0,silver_feedin,,True,,,,5312,,
142223,167227,,,1.0,silver_feedin,,True,,,,4313,,
142255,133634,,,1.0,silver_feedin,,True,,,,5027,,
142258,136095,,,1.0,silver_feedin,,True,,,,5707,,
142264,61441,,,1.0,silver_feedin,,True,,,,5106,,
142273,169684,,,1.0,silver_feedin,,True,,,,5070,,
142292,129884,,,1.0,silver_feedin,,True,,,,4317,,
142363,153013,,,1.0,silver_feedin,,True,,,,5707,,
142365,135919,,,1.0,silver_feedin,,True,,,,5707,,
142418,139624,,,1.0,silver_feedin,,True,,,,4313,,
142419,126271,,,1.0,silver_feedin,,True,,,,4313,,
142539,163213,,,1.0,silver_feedin,,True,,,,5614,,
142585,164093,,,1.0,silver_feedin,,True,,,,5622,,
142618,54168,,,1.0,silver_feedin,,True,,,,5619,,
142657,106343,,,1.0,silver_feedin,,True,,,,5074,,
142746,153134,,,1.0,silver_feedin,,True,,,,4313,,
142868,49003,,,1.0,silver_feedin,,True,,,,5330,,
142891,103560,,,1.0,silver_feedin,,True,,,,5504,,
142952,91688,,,1.0,silver_feedin,,True,,,,4310,,
142956,84232,,,1.0,silver_feedin,,True,,,,5074,,
142987,134286,,,1.0,silver_feedin,,True,,,,5607,,
143048,81085,,,1.0,silver_feedin,,True,,,,5733,,
143068,143487,,,1.0,silver_feedin,,True,,,,5506,,
143074,143488,,,1.0,silver_feedin,,True,,,,5506,,
143082,91779,,,1.0,silver_feedin,,True,,,,5443,,
143117,116357,,,1.0,silver_feedin,,True,,,,5506,,
143207,60164,,,1.0,silver_feedin,,True,,,,5608,,
143218,161409,,,1.0,silver_feedin,,True,,,,5504,,
143262,126517,,,1.0,silver_feedin,,True,,,,5078,,
143363,82233,,,1.0,silver_feedin,,True,,,,5619,,
143490,110174,,,1.0,silver_feedin,,True,,,,5622,,
143551,123482,,,1.0,silver_feedin,,True,,,,5506,,
143559,156396,,,1.0,silver_feedin,,True,,,,4324,,
143593,159981,,,1.0,silver_feedin,,True,,,,4303,,
143644,136097,,,1.0,silver_feedin,,True,,,,5707,,
143668,156781,,,1.0,silver_feedin,,True,,,,4313,,
143855,101219,,,1.0,silver_feedin,,True,,,,5078,,
143965,49411,,,1.0,silver_feedin,,True,,,,5443,,
143988,136091,,,1.0,silver_feedin,,True,,,,5107,,
143994,158371,,,1.0,silver_feedin,,True,,,,4325,,
143996,30566,,,1.0,silver_feedin,,True,,,,5072,,
144003,158744,,,1.0,silver_feedin,,True,,,,4315,,
144018,67365,,,1.0,silver_feedin,,True,,,,5727,,
144046,71410,,,1.0,silver_feedin,,True,,,,5745,,
144063,100643,,,1.0,silver_feedin,,True,,,,5504,,
144149,96887,,,1.0,silver_feedin,,True,,,,5074,,
144217,124291,,,1.0,silver_feedin,,True,,,,5707,,
144237,161190,,,1.0,silver_feedin,,True,,,,5322,,
144285,150191,,,1.0,silver_feedin,,True,,,,4313,,
144290,115730,,,1.0,silver_feedin,,True,,,,5622,,
144401,135795,,,1.0,silver_feedin,,True,,,,5106,,
144419,137629,,,1.0,silver_feedin,,True,,,,5707,,
144463,135794,,,1.0,silver_feedin,,True,,,,4813,,
144545,112755,,,1.0,silver_feedin,,True,,,,5727,,
144581,165744,,,1.0,silver_feedin,,True,,,,5445,,
144645,108078,,,1.0,silver_feedin,,True,,,,5504,,
144722,112017,,,1.0,silver_feedin,,True,,,,5078,,
144749,87370,,,1.0,silver_feedin,,True,,,,5244,,
144794,168159,,,1.0,silver_feedin,,True,,,,5236,,
144803,124288,,,1.0,silver_feedin,,True,,,,5707,,
144807,58971,,,1.0,silver_feedin,,True,,,,5619,,
144864,103561,,,1.0,silver_feedin,,True,,,,5617,,
144942,40202,,,1.0,silver_feedin,,True,,,,4310,,
145006,161165,,,1.0,silver_feedin,,True,,,,4333,,
145043,147430,,,1.0,silver_feedin,,True,,,,4303,,
145067,92607,,,1.0,silver_feedin,,True,,,,5304,,
145085,129727,,,1.0,silver_feedin,,True,,,,5607,,
145097,158010,,,1.0,silver_feedin,,True,,,,4324,,
145128,105531,,,1.0,silver_feedin,,True,,,,5504,,
145142,140420,,,1.0,silver_feedin,,True,,,,5107,,
145185,111461,,,1.0,silver_feedin,,True,,,,5745,,
145208,114184,,,1.0,silver_feedin,,True,,,,5506,,
145210,101282,,,1.0,silver_feedin,,True,,,,5506,,
145290,113753,,,1.0,silver_feedin,,True,,,,5464,,
145303,126640,,,1.0,silver_feedin,,True,,,,5027,,
145430,149095,,,1.0,silver_feedin,,True,,,,5506,,
145440,123420,,,1.0,silver_feedin,,True,,,,5332,,
145444,158807,,,1.0,silver_feedin,,True,,,,5314,,
145446,84088,,,1.0,silver_feedin,,True,,,,8962,,
145543,150898,,,1.0,silver_feedin,,True,,,,5607,,
145549,153409,,,1.0,silver_feedin,,True,,,,5506,,
145586,167003,,,1.0,silver_feedin,,True,,,,5615,,
145650,111449,,,1.0,silver_feedin,,True,,,,8962,,
145677,141288,,,1.0,silver_feedin,,True,,,,4313,,
145768,159962,,,1.0,silver_feedin,,True,,,,5074,,
145801,156888,,,1.0,silver_feedin,,True,,,,4324,,
145843,53908,,,1.0,silver_feedin,,True,,,,4310,,
145861,134483,,,1.0,silver_feedin,,True,,,,5027,,
145890,75430,,,1.0,silver_feedin,,True,,,,5467,,
145897,127782,,,1.0,silver_feedin,,True,,,,5725,,
145941,163257,,,1.0,silver_feedin,,True,,,,5070,,
145959,122243,,,1.0,silver_feedin,,True,,,,5506,,
146028,112360,,,1.0,silver_feedin,,True,,,,5072,,
146045,150250,,,1.0,silver_feedin,,True,,,,5707,,
146051,150251,,,1.0,silver_feedin,,True,,,,5707,,
146108,116087,,,1.0,silver_feedin,,True,,,,5617,,
146111,137755,,,1.0,silver_feedin,,True,,,,5316,,
146140,119905,,,1.0,silver_feedin,,True,,,,5324,,
146153,103558,,,1.0,silver_feedin,,True,,,,5504,,
146175,108001,,,1.0,silver_feedin,,True,,,,5622,,
146194,162942,,,1.0,silver_feedin,,True,,,,5614,,
146272,132357,,,1.0,silver_feedin,,True,,,,5027,,
146308,155827,,,1.0,silver_feedin,,True,,,,4313,,
146329,151500,,,1.0,silver_feedin,,True,,,,5522,,
146343,138091,,,1.0,silver_feedin,,True,,,,8962,,
146364,123376,,,1.0,silver_feedin,,True,,,,5072,,
146389,108838,,,1.0,silver_feedin,,True,,,,5105,,
146455,154838,,,1.0,silver_feedin,,True,,,,5504,,
146494,159566,,,1.0,silver_feedin,,True,,,,5620,,
146533,20303,,,1.0,silver_feedin,,True,,,,5046,,
146594,132057,,,1.0,silver_feedin,,True,,,,5707,,
146602,115790,,,1.0,silver_feedin,,True,,,,5504,,
146690,37279,,,1.0,silver_feedin,,True,,,,4310,,
146693,130124,,,1.0,silver_feedin,,True,,,,5620,,
146800,160136,,,1.0,silver_feedin,,True,,,,5614,,
146810,150238,,,1.0,silver_feedin,,True,,,,4813,,
146880,96727,,,1.0,silver_feedin,,True,,,,5105,,
146986,135667,,,1.0,silver_feedin,,True,,,,5620,,
147103,154707,,,1.0,silver_feedin,,True,,,,4313,,
147154,164046,,,1.0,silver_feedin,,True,,,,5605,,
147218,100650,,,1.0,silver_feedin,,True,,,,5332,,
147294,96725,,,1.0,silver_feedin,,True,,,,5105,,
147340,95011,,,1.0,silver_feedin,,True,,,,5304,,
147341,96356,,,1.0,silver_feedin,,True,,,,8962,,
147343,167810,,,1.0,silver_feedin,,True,,,,4312,,
147361,130295,,,1.0,silver_feedin,,True,,,,5707,,
147372,138569,,,1.0,silver_feedin,,True,,,,4313,,
147373,121260,,,1.0,silver_feedin,,True,,,,5504,,
147395,123487,,,1.0,silver_feedin,,True,,,,5225,,
147418,106960,,,1.0,silver_feedin,,True,,,,5622,,
147419,167812,,,1.0,silver_feedin,,True,,,,4312,,
147483,142446,,,1.0,silver_feedin,,True,,,,5107,,
147490,135980,,,1.0,silver_feedin,,True,,,,5620,,
147498,163256,,,1.0,silver_feedin,,True,,,,5615,,
147499,112838,,,1.0,silver_feedin,,True,,,,5619,,
147506,91690,,,1.0,silver_feedin,,True,,,,5745,,
147524,165381,,,1.0,silver_feedin,,True,,,,5107,,
147606,87043,,,1.0,silver_feedin,,True,,,,5426,,
147613,107946,,,1.0,silver_feedin,,True,,,,5506,,
147652,29867,,,1.0,silver_feedin,,True,,,,5072,,
147681,153414,,,1.0,silver_feedin,,True,,,,4322,,
147738,77817,,,1.0,silver_feedin,,True,,,,5727,,
147898,139441,,,1.0,silver_feedin,,True,,,,4313,,
147968,121327,,,1.0,silver_feedin,,True,,,,5324,,
148442,160433,,,1.0,silver_feedin,,True,,,,5616,,
148798,117123,,,1.0,silver_feedin,,True,,,,5506,,
148804,115933,,,1.0,silver_feedin,,True,,,,5504,,
148860,147109,,,1.0,silver_feedin,,True,,,,4313,,
148883,170538,,,1.0,silver_feedin,,True,,,,5616,,
148909,124386,,,1.0,silver_feedin,,True,,,,5733,,
148925,144853,,,1.0,silver_feedin,,True,,,,4313,,
148945,155101,,,1.0,silver_feedin,,True,,,,5225,,
148969,153489,,,1.0,silver_feedin,,True,,,,5107,,
148982,82351,,,1.0,silver_feedin,,True,,,,5745,,
148983,82352,,,1.0,silver_feedin,,True,,,,5745,,
148997,130391,,,1.0,silver_feedin,,True,,,,5707,,
148998,137625,,,1.0,silver_feedin,,True,,,,5707,,
149017,107572,,,1.0,silver_feedin,,True,,,,5522,,
149095,143513,,,1.0,silver_feedin,,True,,,,5107,,
149138,110560,,,1.0,silver_feedin,,True,,,,5504,,
149151,91772,,,1.0,silver_feedin,,True,,,,5072,,
149155,122612,,,1.0,silver_feedin,,True,,,,5726,,
149183,119382,,,1.0,silver_feedin,,True,,,,4303,,
149205,138399,,,1.0,silver_feedin,,True,,,,5314,,
149268,64040,,,1.0,silver_feedin,,True,,,,5106,,
149301,74063,,,1.0,silver_feedin,,True,,,,5105,,
149361,60678,,,1.0,silver_feedin,,True,,,,4310,,
149367,100496,,,1.0,silver_feedin,,True,,,,5078,,
149378,116230,,,1.0,silver_feedin,,True,,,,4322,,
149434,86352,,,1.0,silver_feedin,,True,,,,5330,,
149459,40551,,,1.0,silver_feedin,,True,,,,5443,,
149465,166464,,,1.0,silver_feedin,,True,,,,5615,,
149488,126028,,,1.0,silver_feedin,,True,,,,5106,,
149494,48745,,,1.0,silver_feedin,,True,,,,5106,,
149500,148353,,,1.0,silver_feedin,,True,,,,5620,,
149557,31509,,,1.0,silver_feedin,,True,,,,5072,,
149604,140413,,,1.0,silver_feedin,,True,,,,4313,,
149637,107926,,,1.0,silver_feedin,,True,,,,8962,,
149660,163014,,,1.0,silver_feedin,,True,,,,5605,,
149700,143512,,,1.0,silver_feedin,,True,,,,5107,,
149762,115990,,,1.0,silver_feedin,,True,,,,5727,,
149796,111618,,,1.0,silver_feedin,,True,,,,5504,,
149797,111619,,,1.0,silver_feedin,,True,,,,5504,,
149864,88221,,,1.0,silver_feedin,,True,,,,5745,,
149885,125345,,,1.0,silver_feedin,,True,,,,5504,,
149936,140454,,,1.0,silver_feedin,,True,,,,5306,,
149952,118573,,,1.0,silver_feedin,,True,,,,5078,,
150036,63514,,,1.0,silver_feedin,,True,,,,5464,,
150060,45766,,,1.0,silver_feedin,,True,,,,5330,,
150098,154232,,,1.0,silver_feedin,,True,,,,4313,,
150138,29131,,,1.0,silver_feedin,,True,,,,5726,,
150141,90909,,,1.0,silver_feedin,,True,,,,5072,,
150142,63856,,,1.0,silver_feedin,,True,,,,5072,,
150151,168646,,,1.0,silver_feedin,,True,,,,4312,,
150160,109232,,,1.0,silver_feedin,,True,,,,5225,,
150175,106950,,,1.0,silver_feedin,,True,,,,5726,,
150234,128073,,,1.0,silver_feedin,,True,,,,5506,,
150258,143506,,,1.0,silver_feedin,,True,,,,5504,,
150268,160425,,,1.0,silver_feedin,,True,,,,5027,,
150279,30668,,,1.0,silver_feedin,,True,,,,5072,,
150310,120031,,,1.0,silver_feedin,,True,,,,5304,,
150397,151169,,,1.0,silver_feedin,,True,,,,5075,,
150472,86696,,,1.0,silver_feedin,,True,,,,5426,,
150474,108717,,,1.0,silver_feedin,,True,,,,4322,,
150498,90176,,,1.0,silver_feedin,,True,,,,5244,,
150540,147456,,,1.0,silver_feedin,,True,,,,4310,,
150560,86668,,,1.0,silver_feedin,,True,,,,5225,,
150629,94409,,,1.0,silver_feedin,,True,,,,5304,,
150646,148299,,,1.0,silver_feedin,,True,,,,5075,,
150729,161688,,,1.0,silver_feedin,,True,,,,4333,,
150750,57172,,,1.0,silver_feedin,,True,,,,5726,,
150760,68906,,,1.0,silver_feedin,,True,,,,5330,,
150815,118002,,,1.0,silver_feedin,,True,,,,5504,,
150829,112781,,,1.0,silver_feedin,,True,,,,5727,,
150847,44599,,,1.0,silver_feedin,,True,,,,5619,,
150927,92622,,,1.0,silver_feedin,,True,,,,5426,,
150972,66224,,,1.0,silver_feedin,,True,,,,8962,,
151000,49895,,,1.0,silver_feedin,,True,,,,5105,,
151002,159172,,,1.0,silver_feedin,,True,,,,4322,,
151027,160828,,,1.0,silver_feedin,,True,,,,5615,,
151079,116782,,,1.0,silver_feedin,,True,,,,5306,,
151089,46726,,,1.0,silver_feedin,,True,,,,5443,,
151094,110518,,,1.0,silver_feedin,,True,,,,5504,,
151136,135434,,,1.0,silver_feedin,,True,,,,4317,,
151149,90059,,,1.0,silver_feedin,,True,,,,5706,,
151239,4597,,,1.0,silver_feedin,,True,,,,5733,,
151242,105033,,,1.0,silver_feedin,,True,,,,5324,,
151261,65441,,,1.0,silver_feedin,,True,,,,8962,,
151368,126267,,,1.0,silver_feedin,,True,,,,4313,,
151419,169443,,,1.0,silver_feedin,,True,,,,5615,,
151445,144550,,,1.0,silver_feedin,,True,,,,5443,,
151472,131805,,,1.0,silver_feedin,,True,,,,5725,,
151480,157490,,,1.0,silver_feedin,,True,,,,4303,,
151525,159947,,,1.0,silver_feedin,,True,,,,5614,,
151587,139157,,,1.0,silver_feedin,,True,,,,5620,,
151596,148214,,,1.0,silver_feedin,,True,,,,5607,,
151686,109198,,,1.0,silver_feedin,,True,,,,5522,,
151706,100428,,,1.0,silver_feedin,,True,,,,5706,,
151730,137597,,,1.0,silver_feedin,,True,,,,4313,,
151770,124102,,,1.0,silver_feedin,,True,,,,5707,,
151815,126290,,,1.0,silver_feedin,,True,,,,4313,,
151854,156426,,,1.0,silver_feedin,,True,,,,4313,,
151867,88022,,,1.0,silver_feedin,,True,,,,4310,,
151890,81455,,,1.0,silver_feedin,,True,,,,5727,,
151951,56450,,,1.0,silver_feedin,,True,,,,5726,,
152019,108977,,,1.0,silver_feedin,,True,,,,4303,,
152028,88837,,,1.0,silver_feedin,,True,,,,5332,,
152079,83270,,,1.0,silver_feedin,,True,,,,5452,,
152080,165130,,,1.0,silver_feedin,,True,,,,5312,,
152091,133635,,,1.0,silver_feedin,,True,,,,5027,,
152126,141283,,,1.0,silver_feedin,,True,,,,5725,,
152185,141291,,,1.0,silver_feedin,,True,,,,5072,,
152223,97186,,,1.0,silver_feedin,,True,,,,5072,,
152343,115992,,,1.0,silver_feedin,,True,,,,5504,,
152346,112873,,,1.0,silver_feedin,,True,,,,5504,,
152398,166943,,,1.0,silver_feedin,,True,,,,5727,,
152441,144846,,,1.0,silver_feedin,,True,,,,5620,,
152463,158920,,,1.0,silver_feedin,,True,,,,5504,,
152465,111459,,,1.0,silver_feedin,,True,,,,5504,,
152479,97167,,,1.0,silver_feedin,,True,,,,5706,,
152488,57171,,,1.0,silver_feedin,,True,,,,5452,,
152552,154630,,,1.0,silver_feedin,,True,,,,4313,,
152561,127967,,,1.0,silver_feedin,,True,,,,5105,,
152565,160030,,,1.0,silver_feedin,,True,,,,5522,,
152629,126515,,,1.0,silver_feedin,,True,,,,5505,,
152631,41159,,,1.0,silver_feedin,,True,,,,5105,,
152749,138568,,,1.0,silver_feedin,,True,,,,4313,,
152828,85961,,,1.0,silver_feedin,,True,,,,5452,,
152854,159019,,,1.0,silver_feedin,,True,,,,5105,,
152942,117747,,,1.0,silver_feedin,,True,,,,5075,,
153015,119694,,,1.0,silver_feedin,,True,,,,8962,,
153022,82293,,,1.0,silver_feedin,,True,,,,5454,,
153035,152498,,,1.0,silver_feedin,,True,,,,4313,,
153152,151127,,,1.0,silver_feedin,,True,,,,4813,,
153168,54896,,,1.0,silver_feedin,,True,,,,5727,,
153176,95286,,,1.0,silver_feedin,,True,,,,5706,,
153216,90084,,,1.0,silver_feedin,,True,,,,5074,,
153264,141580,,,1.0,silver_feedin,,True,,,,5074,,
153348,134677,,,1.0,silver_feedin,,True,,,,5312,,
153454,112029,,,1.0,silver_feedin,,True,,,,8962,,
153482,36717,,,1.0,silver_feedin,,True,,,,5745,,
153489,168579,,,1.0,silver_feedin,,True,,,,5312,,
153509,162400,,,1.0,silver_feedin,,True,,,,5615,,
153519,126172,,,1.0,silver_feedin,,True,,,,5312,,
153703,110517,,,1.0,silver_feedin,,True,,,,5504,,
153726,131282,,,1.0,silver_feedin,,True,,,,5725,,
153810,40938,,,1.0,silver_feedin,,True,,,,5745,,
153861,169552,,,1.0,silver_feedin,,True,,,,5614,,
154053,118404,,,1.0,silver_feedin,,True,,,,5608,,
154086,99120,,,1.0,silver_feedin,,True,,,,5074,,
154183,31276,,,1.0,silver_feedin,,True,,,,5072,,
154315,153165,,,1.0,silver_feedin,,True,,,,4813,,
154377,111167,,,1.0,silver_feedin,,True,,,,5504,,
154421,47675,,,1.0,silver_feedin,,True,,,,5330,,
154479,97759,,,1.0,silver_feedin,,True,,,,5225,,
154520,96996,,,1.0,silver_feedin,,True,,,,5443,,
154650,124252,,,1.0,silver_feedin,,True,,,,5707,,
154654,103717,,,1.0,silver_feedin,,True,,,,5522,,
154677,131746,,,1.0,silver_feedin,,True,,,,5707,,
154764,119457,,,1.0,silver_feedin,,True,,,,5324,,
154792,168015,,,1.0,silver_feedin,,True,,,,5707,,
154814,148514,,,1.0,silver_feedin,,True,,,,4310,,
154847,159364,,,1.0,silver_feedin,,True,,,,4333,,
154911,128929,,,1.0,silver_feedin,,True,,,,5452,,
154960,164971,,,1.0,silver_feedin,,True,,,,4325,,
155018,143465,,,1.0,silver_feedin,,True,,,,5607,,
155050,130522,,,1.0,silver_feedin,,True,,,,5027,,
155132,107023,,,1.0,silver_feedin,,True,,,,5237,,
155179,80757,,,1.0,silver_feedin,,True,,,,5727,,
155185,94410,,,1.0,silver_feedin,,True,,,,5304,,
155194,147084,,,1.0,silver_feedin,,True,,,,5027,,
155195,95847,,,1.0,silver_feedin,,True,,,,5505,,
155197,66607,,,1.0,silver_feedin,,True,,,,5727,,
155207,94036,,,1.0,silver_feedin,,True,,,,5706,,
155337,107950,,,1.0,silver_feedin,,True,,,,5237,,
155442,80758,,,1.0,silver_feedin,,True,,,,4310,,
155443,109002,,,1.0,silver_feedin,,True,,,,4303,,
155451,142469,,,1.0,silver_feedin,,True,,,,5620,,
155524,153248,,,1.0,silver_feedin,,True,,,,4313,,
155614,94883,,,1.0,silver_feedin,,True,,,,5745,,
155655,68984,,,1.0,silver_feedin,,True,,,,5726,,
155679,115548,,,1.0,silver_feedin,,True,,,,5330,,
155801,159251,,,1.0,silver_feedin,,True,,,,5072,,
155915,161857,,,1.0,silver_feedin,,True,,,,4312,,
155930,142591,,,1.0,silver_feedin,,True,,,,5107,,
155978,88276,,,1.0,silver_feedin,,True,,,,5504,,
155984,69009,,,1.0,silver_feedin,,True,,,,5330,,
155986,146251,,,1.0,silver_feedin,,True,,,,5107,,
156002,110145,,,1.0,silver_feedin,,True,,,,5522,,
156023,60811,,,1.0,silver_feedin,,True,,,,5106,,
156071,130577,,,1.0,silver_feedin,,True,,,,5707,,
156100,118939,,,1.0,silver_feedin,,True,,,,4303,,
156158,99151,,,1.0,silver_feedin,,True,,,,5622,,
156179,48698,,,1.0,silver_feedin,,True,,,,5745,,
156194,150070,,,1.0,silver_feedin,,True,,,,8962,,
156278,106936,,,1.0,silver_feedin,,True,,,,5078,,
156287,163477,,,1.0,silver_feedin,,True,,,,5322,,
156359,125186,,,1.0,silver_feedin,,True,,,,5707,,
156391,123418,,,1.0,silver_feedin,,True,,,,4468,,
156424,70948,,,1.0,silver_feedin,,True,,,,5072,,
156439,96992,,,1.0,silver_feedin,,True,,,,5304,,
156449,95238,,,1.0,silver_feedin,,True,,,,5426,,
156483,57546,,,1.0,silver_feedin,,True,,,,5072,,
156536,122610,,,1.0,silver_feedin,,True,,,,5464,,
156563,136598,,,1.0,silver_feedin,,True,,,,5726,,
156567,88007,,,1.0,silver_feedin,,True,,,,5304,,
156605,120485,,,1.0,silver_feedin,,True,,,,8962,,
156609,124487,,,1.0,silver_feedin,,True,,,,4322,,
156612,155260,,,1.0,silver_feedin,,True,,,,4316,,
156625,90268,,,1.0,silver_feedin,,True,,,,5608,,
156878,100647,,,1.0,silver_feedin,,True,,,,5504,,
156879,110559,,,1.0,silver_feedin,,True,,,,5504,,
156913,130332,,,1.0,silver_feedin,,True,,,,5620,,
156941,142480,,,1.0,silver_feedin,,True,,,,5027,,
156971,153254,,,1.0,silver_feedin,,True,,,,5078,,
157039,86353,,,1.0,silver_feedin,,True,,,,5330,,
157085,104154,,,1.0,silver_feedin,,True,,,,5617,,
157195,162515,,,1.0,silver_feedin,,True,,,,5322,,
157204,135733,,,1.0,silver_feedin,,True,,,,4313,,
157232,94941,,,1.0,silver_feedin,,True,,,,5304,,
157290,123221,,,1.0,silver_feedin,,True,,,,5619,,
157333,125528,,,1.0,silver_feedin,,True,,,,5707,,
157338,130495,,,1.0,silver_feedin,,True,,,,5726,,
157339,81370,,,1.0,silver_feedin,,True,,,,5105,,
157366,104952,,,1.0,silver_feedin,,True,,,,5504,,
157433,122371,,,1.0,silver_feedin,,True,,,,5452,,
157434,122372,,,1.0,silver_feedin,,True,,,,5452,,
157492,164068,,,1.0,silver_feedin,,True,,,,4312,,
157508,109216,,,1.0,silver_feedin,,True,,,,5522,,
157622,117158,,,1.0,silver_feedin,,True,,,,5272,,
157695,126362,,,1.0,silver_feedin,,True,,,,5272,,
157758,144142,,,1.0,silver_feedin,,True,,,,5316,,
157777,107560,,,1.0,silver_feedin,,True,,,,5272,,
157989,163411,,,1.0,silver_feedin,,True,,,,5614,,
158026,62286,,,1.0,silver_feedin,,True,,,,5105,,
158069,137265,,,1.0,silver_feedin,,True,,,,5707,,
158120,82350,,,1.0,silver_feedin,,True,,,,4310,,
158122,162065,,,1.0,silver_feedin,,True,,,,4333,,
158147,168587,,,1.0,silver_feedin,,True,,,,4310,,
158200,118050,,,1.0,silver_feedin,,True,,,,5306,,
158201,167234,,,1.0,silver_feedin,,True,,,,5306,,
158206,142586,,,1.0,silver_feedin,,True,,,,4303,,
158231,112661,,,1.0,silver_feedin,,True,,,,5301,,
158236,88736,,,1.0,silver_feedin,,True,,,,5727,,
158239,159572,,,1.0,silver_feedin,,True,,,,5620,,
158253,105532,,,1.0,silver_feedin,,True,,,,5504,,
158311,143549,,,1.0,silver_feedin,,True,,,,5706,,
158370,144616,,,1.0,silver_feedin,,True,,,,5107,,
158477,96569,,,1.0,silver_feedin,,True,,,,5745,,
158479,118777,,,1.0,silver_feedin,,True,,,,5745,,
158496,90670,,,1.0,silver_feedin,,True,,,,5426,,
158540,111915,,,1.0,silver_feedin,,True,,,,5078,,
158560,136577,,,1.0,silver_feedin,,True,,,,5027,,
158561,142478,,,1.0,silver_feedin,,True,,,,5027,,
158605,109117,,,1.0,silver_feedin,,True,,,,5622,,
158623,105029,,,1.0,silver_feedin,,True,,,,5078,,
158700,39714,,,1.0,silver_feedin,,True,,,,5330,,
158785,109049,,,1.0,silver_feedin,,True,,,,4322,,
158817,130486,,,1.0,silver_feedin,,True,,,,5725,,
158834,131944,,,1.0,silver_feedin,,True,,,,5106,,
158901,87808,,,1.0,silver_feedin,,True,,,,5505,,
158919,139438,,,1.0,silver_feedin,,True,,,,5607,,
158959,160714,,,1.0,silver_feedin,,True,,,,4315,,
158991,85702,,,1.0,silver_feedin,,True,,,,4468,,
159052,141592,,,1.0,silver_feedin,,True,,,,5607,,
159058,92870,,,1.0,silver_feedin,,True,,,,5426,,
159075,167225,,,1.0,silver_feedin,,True,,,,5316,,
159079,103718,,,1.0,silver_feedin,,True,,,,5522,,
159190,116612,,,1.0,silver_feedin,,True,,,,4805,,
159296,4351,,,1.0,silver_feedin,,True,,,,4805,,
159340,5464,,,1.0,silver_feedin,,True,,,,4805,,
159402,64489,,,1.0,silver_feedin,,True,,,,4805,,
159623,83408,,,1.0,silver_feedin,,True,,,,4805,,
159847,153196,,,1.0,silver_feedin,,True,,,,4805,,
159875,18353,,,1.0,silver_feedin,,True,,,,4805,,
159942,64569,,,1.0,silver_feedin,,True,,,,4805,,
160109,59107,,,1.0,silver_feedin,,True,,,,4805,,
160168,17813,,,1.0,silver_feedin,,True,,,,4805,,
160213,14109,,,1.0,silver_feedin,,True,,,,4805,,
160244,142515,,,1.0,silver_feedin,,True,,,,5745,,
160248,3210,,,1.0,silver_feedin,,True,,,,4805,,
160391,161047,,,1.0,silver_feedin,,True,,,,4805,,
160535,3697,,,1.0,silver_feedin,,True,,,,4805,,
160537,4754,,,1.0,silver_feedin,,True,,,,4805,,
160621,31070,,,1.0,silver_feedin,,True,,,,4805,,
160774,5339,,,1.0,silver_feedin,,True,,,,4805,,
160924,85250,,,1.0,silver_feedin,,True,,,,4805,,
160939,159166,,,1.0,silver_feedin,,True,,,,4805,,
161025,7511,,,1.0,silver_feedin,,True,,,,4805,,
161145,157285,,,1.0,silver_feedin,,True,,,,4805,,
161151,58317,,,1.0,silver_feedin,,True,,,,4805,,
161191,103248,,,1.0,silver_feedin,,True,,,,5078,,
161318,123374,,,1.0,silver_feedin,,True,,,,5426,,
161341,162483,,,1.0,silver_feedin,,True,,,,5614,,
161354,168653,,,1.0,silver_feedin,,True,,,,5733,,
161367,163884,,,1.0,silver_feedin,,True,,,,5614,,
161393,154312,,,1.0,silver_feedin,,True,,,,5312,,
161454,93211,,,1.0,silver_feedin,,True,,,,5706,,
161597,96359,,,1.0,silver_feedin,,True,,,,5072,,
161626,150875,,,1.0,silver_feedin,,True,,,,5312,,
161629,155864,,,1.0,silver_feedin,,True,,,,5107,,
161762,120755,,,1.0,silver_feedin,,True,,,,5522,,
161787,112157,,,1.0,silver_feedin,,True,,,,5464,,
161934,111920,,,1.0,silver_feedin,,True,,,,4303,,
162081,121259,,,1.0,silver_feedin,,True,,,,5504,,
162165,101976,,,1.0,silver_feedin,,True,,,,5608,,
162274,92624,,,1.0,silver_feedin,,True,,,,4310,,
162359,114659,,,1.0,silver_feedin,,True,,,,5522,,
162454,97788,,,1.0,silver_feedin,,True,,,,5304,,
162459,103719,,,1.0,silver_feedin,,True,,,,5522,,
162479,107948,,,1.0,silver_feedin,,True,,,,5237,,
162480,146821,,,1.0,silver_feedin,,True,,,,5306,,
162591,57294,,,1.0,silver_feedin,,True,,,,5727,,
162599,169688,,,1.0,silver_feedin,,True,,,,4313,,
162652,97769,,,1.0,silver_feedin,,True,,,,5706,,
162713,48915,,,1.0,silver_feedin,,True,,,,5619,,
162714,37341,,,1.0,silver_feedin,,True,,,,5745,,
162726,157382,,,1.0,silver_feedin,,True,,,,4316,,
162739,114791,,,1.0,silver_feedin,,True,,,,5313,,
162750,144186,,,1.0,silver_feedin,,True,,,,5107,,
162838,61131,,,1.0,silver_feedin,,True,,,,8962,,
162863,133632,,,1.0,silver_feedin,,True,,,,5607,,
162892,97565,,,1.0,silver_feedin,,True,,,,5622,,
162911,124459,,,1.0,silver_feedin,,True,,,,5622,,
162925,131240,,,1.0,silver_feedin,,True,,,,5070,,
162926,100737,,,1.0,silver_feedin,,True,,,,5426,,
162946,161054,,,1.0,silver_feedin,,True,,,,5027,,
162947,119705,,,1.0,silver_feedin,,True,,,,5625,,
162957,96795,,,1.0,silver_feedin,,True,,,,5330,,
162986,142482,,,1.0,silver_feedin,,True,,,,5075,,
163145,88836,,,1.0,silver_feedin,,True,,,,5443,,
163154,153157,,,1.0,silver_feedin,,True,,,,4325,,
163212,104092,,,1.0,silver_feedin,,True,,,,5244,,
163268,169839,,,1.0,silver_feedin,,True,,,,5107,,
163363,107556,,,1.0,silver_feedin,,True,,,,5304,,
163402,147159,,,1.0,silver_feedin,,True,,,,5617,,
163414,97566,,,1.0,silver_feedin,,True,,,,5622,,
163443,125673,,,1.0,silver_feedin,,True,,,,5607,,
163692,153490,,,1.0,silver_feedin,,True,,,,5707,,
163771,127433,,,1.0,silver_feedin,,True,,,,5725,,
163782,126355,,,1.0,silver_feedin,,True,,,,5707,,
163783,123417,,,1.0,silver_feedin,,True,,,,4303,,
163844,137835,,,1.0,silver_feedin,,True,,,,4813,,
163898,153315,,,1.0,silver_feedin,,True,,,,5074,,
163903,126295,,,1.0,silver_feedin,,True,,,,4313,,
164021,159141,,,1.0,silver_feedin,,True,,,,4325,,
164119,99149,,,1.0,silver_feedin,,True,,,,5622,,
164264,90622,,,1.0,silver_feedin,,True,,,,5225,,
164276,162547,,,1.0,silver_feedin,,True,,,,5614,,
164301,106743,,,1.0,silver_feedin,,True,,,,5504,,
164321,162134,,,1.0,silver_feedin,,True,,,,5113,,
164408,94123,,,1.0,silver_feedin,,True,,,,8962,,
164436,83428,,,1.0,silver_feedin,,True,,,,5330,,
164449,66448,,,1.0,silver_feedin,,True,,,,5452,,
164453,157294,,,1.0,silver_feedin,,True,,,,4313,,
164454,167517,,,1.0,silver_feedin,,True,,,,5316,,
164494,158730,,,1.0,silver_feedin,,True,,,,5615,,
164605,142652,,,1.0,silver_feedin,,True,,,,4325,,
164678,148418,,,1.0,silver_feedin,,True,,,,5316,,
164850,144451,,,1.0,silver_feedin,,True,,,,5304,,
164899,124101,,,1.0,silver_feedin,,True,,,,4310,,
165058,123246,,,1.0,silver_feedin,,True,,,,5426,,
165093,77136,,,1.0,silver_feedin,,True,,,,4310,,
165134,117632,,,1.0,silver_feedin,,True,,,,5622,,
165142,143485,,,1.0,silver_feedin,,True,,,,5316,,
165143,54718,,,1.0,silver_feedin,,True,,,,5443,,
165154,169308,,,1.0,silver_feedin,,True,,,,4312,,
165164,129842,,,1.0,silver_feedin,,True,,,,5107,,
165197,156433,,,1.0,silver_feedin,,True,,,,4324,,
165217,109103,,,1.0,silver_feedin,,True,,,,5617,,
165338,141690,,,1.0,silver_feedin,,True,,,,5504,,
165390,168335,,,1.0,silver_feedin,,True,,,,5614,,
165409,103559,,,1.0,silver_feedin,,True,,,,5504,,
165426,97196,,,1.0,silver_feedin,,True,,,,5622,,
165429,84240,,,1.0,silver_feedin,,True,,,,4310,,
165430,155109,,,1.0,silver_feedin,,True,,,,5620,,
165456,130670,,,1.0,silver_feedin,,True,,,,5504,,
165483,41469,,,1.0,silver_feedin,,True,,,,5745,,
165546,118596,,,1.0,silver_feedin,,True,,,,4310,,
165547,103501,,,1.0,silver_feedin,,True,,,,4310,,
165564,167232,,,1.0,silver_feedin,,True,,,,4325,,
165574,25659,,,1.0,silver_feedin,,True,,,,5072,,
165619,154636,,,1.0,silver_feedin,,True,,,,4313,,
165646,81832,,,1.0,silver_feedin,,True,,,,5733,,
165656,137636,,,1.0,silver_feedin,,True,,,,4813,,
165693,127616,,,1.0,silver_feedin,,True,,,,5304,,
165699,94158,,,1.0,silver_feedin,,True,,,,5304,,
165700,105431,,,1.0,silver_feedin,,True,,,,5304,,
165723,140404,,,1.0,silver_feedin,,True,,,,5324,,
165733,149110,,,1.0,silver_feedin,,True,,,,4313,,
165768,134995,,,1.0,silver_feedin,,True,,,,5504,,
165786,122331,,,1.0,silver_feedin,,True,,,,5235,,
165895,88835,,,1.0,silver_feedin,,True,,,,5467,,
165907,76739,,,1.0,silver_feedin,,True,,,,5625,,
165923,131393,,,1.0,silver_feedin,,True,,,,5607,,
165984,125776,,,1.0,silver_feedin,,True,,,,5607,,
166011,117634,,,1.0,silver_feedin,,True,,,,5745,,
166042,84233,,,1.0,silver_feedin,,True,,,,5074,,
166120,147880,,,1.0,silver_feedin,,True,,,,4313,,
166218,89848,,,1.0,silver_feedin,,True,,,,5608,,
166296,144145,,,1.0,silver_feedin,,True,,,,5316,,
166302,167827,,,1.0,silver_feedin,,True,,,,5614,,
166459,95136,,,1.0,silver_feedin,,True,,,,5733,,
166523,171023,,,1.0,silver_feedin,,True,,,,4313,,
166530,153142,,,1.0,silver_feedin,,True,,,,4324,,
166653,107570,,,1.0,silver_feedin,,True,,,,5522,,
166785,80914,,,1.0,silver_feedin,,True,,,,5608,,
166798,95384,,,1.0,silver_feedin,,True,,,,5304,,
166854,123369,,,1.0,silver_feedin,,True,,,,5706,,
166862,162332,,,1.0,silver_feedin,,True,,,,5614,,
166948,100808,,,1.0,silver_feedin,,True,,,,5622,,
167056,152265,,,1.0,silver_feedin,,True,,,,5443,,
167078,130667,,,1.0,silver_feedin,,True,,,,4313,,
167272,141689,,,1.0,silver_feedin,,True,,,,4313,,
167278,171586,,,1.0,silver_feedin,,True,,,,5614,,
167280,147335,,,1.0,silver_feedin,,True,,,,5074,,
167311,88834,,,1.0,silver_feedin,,True,,,,5304,,
167336,127618,,,1.0,silver_feedin,,True,,,,5607,,
167452,93233,,,1.0,silver_feedin,,True,,,,5304,,
167476,35849,,,1.0,silver_feedin,,True,,,,5726,,
167515,93064,,,1.0,silver_feedin,,True,,,,5443,,
167635,134007,,,1.0,silver_feedin,,True,,,,5707,,
167654,59285,,,1.0,silver_feedin,,True,,,,5106,,
167664,134981,,,1.0,silver_feedin,,True,,,,5707,,
167684,128104,,,1.0,silver_feedin,,True,,,,5725,,
167690,117841,,,1.0,silver_feedin,,True,,,,5312,,
167788,103734,,,1.0,silver_feedin,,True,,,,5622,,
167795,158160,,,1.0,silver_feedin,,True,,,,5706,,
167796,149058,,,1.0,silver_feedin,,True,,,,5607,,
167811,116121,,,1.0,silver_feedin,,True,,,,5075,,
167887,106025,,,1.0,silver_feedin,,True,,,,5619,,
167908,37884,,,1.0,silver_feedin,,True,,,,5330,,
167964,152403,,,1.0,silver_feedin,,True,,,,5522,,
167993,54890,,,1.0,silver_feedin,,True,,,,5330,,
168018,162976,,,1.0,silver_feedin,,True,,,,4333,,
168033,66500,,,1.0,silver_feedin,,True,,,,8962,,
168281,56090,,,1.0,silver_feedin,,True,,,,5330,,
168403,156723,,,1.0,silver_feedin,,True,,,,5617,,
168483,48277,,,1.0,silver_feedin,,True,,,,4310,,
168501,153177,,,1.0,silver_feedin,,True,,,,4310,,
168597,74778,,,1.0,silver_feedin,,True,,,,5452,,
168623,126277,,,1.0,silver_feedin,,True,,,,4313,,
168627,120368,,,1.0,silver_feedin,,True,,,,5075,,
168659,141007,,,1.0,silver_feedin,,True,,,,5304,,
168786,168329,,,1.0,silver_feedin,,True,,,,5605,,
168846,152052,,,1.0,silver_feedin,,True,,,,4813,,
168952,84578,,,1.0,silver_feedin,,True,,,,5608,,
169087,117673,,,1.0,silver_feedin,,True,,,,5075,,
169176,144056,,,1.0,silver_feedin,,True,,,,5620,,
169189,86708,,,1.0,silver_feedin,,True,,,,5105,,
169368,137628,,,1.0,silver_feedin,,True,,,,5707,,
169521,53055,,,1.0,silver_feedin,,True,,,,4310,,
169557,144827,,,1.0,silver_feedin,,True,,,,5314,,
169597,157954,,,1.0,silver_feedin,,True,,,,4310,,
169867,143504,,,1.0,silver_feedin,,True,,,,4313,,
169877,155821,,,1.0,silver_feedin,,True,,,,4313,,
169885,129879,,,1.0,silver_feedin,,True,,,,5707,,
169890,101711,,,1.0,silver_feedin,,True,,,,5622,,
169895,123388,,,1.0,silver_feedin,,True,,,,5505,,
169897,168017,,,1.0,silver_feedin,,True,,,,5522,,
170068,95419,,,1.0,silver_feedin,,True,,,,5426,,
170146,81456,,,1.0,silver_feedin,,True,,,,5072,,
170260,152176,,,1.0,silver_feedin,,True,,,,4813,,
170278,129788,,,1.0,silver_feedin,,True,,,,5504,,
170309,150957,,,1.0,silver_feedin,,True,,,,5745,,
170333,30483,,,1.0,silver_feedin,,True,,,,5726,,
170351,31815,,,1.0,silver_feedin,,True,,,,5072,,
170361,107937,,,1.0,silver_feedin,,True,,,,4303,,
170392,112019,,,1.0,silver_feedin,,True,,,,5237,,
170432,122800,,,1.0,silver_feedin,,True,,,,5600,,
170451,97125,,,1.0,silver_feedin,,True,,,,5622,,
170453,164271,,,1.0,silver_feedin,,True,,,,5614,,
170528,162267,,,1.0,silver_feedin,,True,,,,5322,,
170532,64684,,,1.0,silver_feedin,,True,,,,8962,,
170588,45939,,,1.0,silver_feedin,,True,,,,5330,,
170591,144613,,,1.0,silver_feedin,,True,,,,4313,,
170619,125941,,,1.0,silver_feedin,,True,,,,5707,,
170714,108141,,,1.0,silver_feedin,,True,,,,5237,,
170722,97367,,,1.0,silver_feedin,,True,,,,5622,,
170734,132308,,,1.0,silver_feedin,,True,,,,5027,,
170830,129894,,,1.0,silver_feedin,,True,,,,5506,,
170873,126548,,,1.0,silver_feedin,,True,,,,5237,,
170903,163451,,,1.0,silver_feedin,,True,,,,5615,,
170977,72560,,,1.0,silver_feedin,,True,,,,8962,,
171029,92373,,,1.0,silver_feedin,,True,,,,5332,,
171127,168463,,,1.0,silver_feedin,,True,,,,4313,,
171160,162189,,,1.0,silver_feedin,,True,,,,5614,,
171166,111009,,,1.0,silver_feedin,,True,,,,5443,,
171171,152175,,,1.0,silver_feedin,,True,,,,4813,,
171227,48363,,,1.0,silver_feedin,,True,,,,5105,,
171231,39954,,,1.0,silver_feedin,,True,,,,5726,,
171273,59180,,,1.0,silver_feedin,,True,,,,5600,,
171288,156797,,,1.0,silver_feedin,,True,,,,5312,,
171294,162947,,,1.0,silver_feedin,,True,,,,5614,,
171375,148784,,,1.0,silver_feedin,,True,,,,4813,,
171380,125097,,,1.0,silver_feedin,,True,,,,5707,,
171414,131876,,,1.0,silver_feedin,,True,,,,5607,,
171440,98246,,,1.0,silver_feedin,,True,,,,5622,,
171468,104928,,,1.0,silver_feedin,,True,,,,5330,,
171480,140586,,,1.0,silver_feedin,,True,,,,5607,,
171624,112244,,,1.0,silver_feedin,,True,,,,5332,,
171690,160485,,,1.0,silver_feedin,,True,,,,5070,,
171746,141692,,,1.0,silver_feedin,,True,,,,4310,,
171772,136062,,,1.0,silver_feedin,,True,,,,5304,,
171840,65292,,,1.0,silver_feedin,,True,,,,8962,,
171853,97366,,,1.0,silver_feedin,,True,,,,5622,,
171919,108933,,,1.0,silver_feedin,,True,,,,5225,,
171921,58076,,,1.0,silver_feedin,,True,,,,5330,,
171961,66283,,,1.0,silver_feedin,,True,,,,5745,,
172060,27502,,,1.0,silver_feedin,,True,,,,5625,,
172072,137831,,,1.0,silver_feedin,,True,,,,5707,,
172094,104464,,,1.0,silver_feedin,,True,,,,5726,,
172166,75083,,,1.0,silver_feedin,,True,,,,4310,,
172366,38185,,,1.0,silver_feedin,,True,,,,5452,,
172439,161934,,,1.0,silver_feedin,,True,,,,5614,,
172540,153138,,,1.0,silver_feedin,,True,,,,4324,,
172591,59113,,,1.0,silver_feedin,,True,,,,5745,,
172651,83329,,,1.0,silver_feedin,,True,,,,5072,,
172702,30283,,,1.0,silver_feedin,,True,,,,5726,,
172745,104717,,,1.0,silver_feedin,,True,,,,5225,,
172759,144295,,,1.0,silver_feedin,,True,,,,5426,,
172789,97034,,,1.0,silver_feedin,,True,,,,5313,,
172790,141998,,,1.0,silver_feedin,,True,,,,5313,,
172799,31184,,,1.0,silver_feedin,,True,,,,5313,,
172801,111699,,,1.0,silver_feedin,,True,,,,5313,,
172826,142525,,,1.0,silver_feedin,,True,,,,5707,,
172831,118260,,,1.0,silver_feedin,,True,,,,5443,,
172954,100648,,,1.0,silver_feedin,,True,,,,5504,,
173009,140331,,,1.0,silver_feedin,,True,,,,5607,,
173028,158932,,,1.0,silver_feedin,,True,,,,5312,,
173070,168426,,,1.0,silver_feedin,,True,,,,4312,,
173073,153255,,,1.0,silver_feedin,,True,,,,5074,,
173103,161926,,,1.0,silver_feedin,,True,,,,5070,,
173330,153107,,,1.0,silver_feedin,,True,,,,5724,,
173370,103555,,,1.0,silver_feedin,,True,,,,5313,,
173438,110659,,,1.0,silver_feedin,,True,,,,4303,,
173439,134546,,,1.0,silver_feedin,,True,,,,5707,,
173529,151843,,,1.0,silver_feedin,,True,,,,5504,,
173540,168567,,,1.0,silver_feedin,,True,,,,5070,,
173566,167731,,,1.0,silver_feedin,,True,,,,4312,,
173690,161629,,,1.0,silver_feedin,,True,,,,4333,,
173695,66544,,,1.0,silver_feedin,,True,,,,8962,,
173709,106871,,,1.0,silver_feedin,,True,,,,5244,,
173740,147127,,,1.0,silver_feedin,,True,,,,4310,,
173816,103714,,,1.0,silver_feedin,,True,,,,5522,,
173850,81733,,,1.0,silver_feedin,,True,,,,5608,,
173864,144434,,,1.0,silver_feedin,,True,,,,8962,,
173945,127684,,,1.0,silver_feedin,,True,,,,5324,,
173948,115794,,,1.0,silver_feedin,,True,,,,5745,,
174032,125126,,,1.0,silver_feedin,,True,,,,5600,,
174072,142541,,,1.0,silver_feedin,,True,,,,4813,,
174127,109272,,,1.0,silver_feedin,,True,,,,5506,,
174138,117783,,,1.0,silver_feedin,,True,,,,5504,,
174175,38049,,,1.0,silver_feedin,,True,,,,4310,,
174238,131996,,,1.0,silver_feedin,,True,,,,4814,,
174270,159494,,,1.0,silver_feedin,,True,,,,5614,,
174278,150983,,,1.0,silver_feedin,,True,,,,5306,,
174282,166946,,,1.0,silver_feedin,,True,,,,5464,,
174286,153280,,,1.0,silver_feedin,,True,,,,5314,,
174345,148319,,,1.0,silver_feedin,,True,,,,5616,,
174376,146749,,,1.0,silver_feedin,,True,,,,5726,,
174421,31142,,,1.0,silver_feedin,,True,,,,5313,,
174422,29558,,,1.0,silver_feedin,,True,,,,5313,,
174587,31277,,,1.0,silver_feedin,,True,,,,5072,,
174588,83413,,,1.0,silver_feedin,,True,,,,5072,,
174629,137596,,,1.0,silver_feedin,,True,,,,4313,,
174666,48746,,,1.0,silver_feedin,,True,,,,5106,,
174697,158360,,,1.0,silver_feedin,,True,,,,5313,,
174727,84938,,,1.0,silver_feedin,,True,,,,5313,,
174934,32135,,,1.0,silver_feedin,,True,,,,5313,,
175004,58216,,,1.0,silver_feedin,,True,,,,5313,,
175017,32564,,,1.0,silver_feedin,,True,,,,5313,,
175034,154583,,,1.0,silver_feedin,,True,,,,5313,,
175049,78087,,,1.0,silver_feedin,,True,,,,5313,,
175069,29507,,,1.0,silver_feedin,,True,,,,5313,,
175071,149286,,,1.0,silver_feedin,,True,,,,5313,,
175087,56949,,,1.0,silver_feedin,,True,,,,5313,,
175096,64461,,,1.0,silver_feedin,,True,,,,5313,,
175164,149287,,,1.0,silver_feedin,,True,,,,5313,,
175173,147349,,,1.0,silver_feedin,,True,,,,5313,,
175184,164059,,,1.0,silver_feedin,,True,,,,5316,,
175201,32560,,,1.0,silver_feedin,,True,,,,5313,,
175207,30693,,,1.0,silver_feedin,,True,,,,5313,,
175220,29508,,,1.0,silver_feedin,,True,,,,5313,,
175224,32552,,,1.0,silver_feedin,,True,,,,5313,,
175226,110176,,,1.0,silver_feedin,,True,,,,5313,,
175245,156299,,,1.0,silver_feedin,,True,,,,5313,,
175253,31625,,,1.0,silver_feedin,,True,,,,5313,,
175272,58214,,,1.0,silver_feedin,,True,,,,5313,,
175289,158808,,,1.0,silver_feedin,,True,,,,5313,,
175337,31909,,,1.0,silver_feedin,,True,,,,5313,,
175354,73667,,,1.0,silver_feedin,,True,,,,5313,,
175429,30060,,,1.0,silver_feedin,,True,,,,5313,,
175477,84234,,,1.0,silver_feedin,,True,,,,5313,,
175512,58941,,,1.0,silver_feedin,,True,,,,5313,,
175516,62026,,,1.0,silver_feedin,,True,,,,5313,,
175526,124385,,,1.0,silver_feedin,,True,,,,5313,,
175537,77235,,,1.0,silver_feedin,,True,,,,5313,,
175538,101872,,,1.0,silver_feedin,,True,,,,5313,,
175540,158362,,,1.0,silver_feedin,,True,,,,5313,,
175544,93851,,,1.0,silver_feedin,,True,,,,5313,,
175586,132767,,,1.0,silver_feedin,,True,,,,5313,,
175614,24312,,,1.0,silver_feedin,,True,,,,5313,,
175617,62999,,,1.0,silver_feedin,,True,,,,5313,,
175626,28546,,,1.0,silver_feedin,,True,,,,5313,,
175652,30067,,,1.0,silver_feedin,,True,,,,5313,,
175656,27087,,,1.0,silver_feedin,,True,,,,5313,,
175682,29534,,,1.0,silver_feedin,,True,,,,5313,,
175688,54474,,,1.0,silver_feedin,,True,,,,5313,,
175691,92612,,,1.0,silver_feedin,,True,,,,5313,,
175733,92611,,,1.0,silver_feedin,,True,,,,5313,,
175736,150681,,,1.0,silver_feedin,,True,,,,5313,,
175739,158361,,,1.0,silver_feedin,,True,,,,5313,,
175740,63529,,,1.0,silver_feedin,,True,,,,5313,,
175741,29536,,,1.0,silver_feedin,,True,,,,5313,,
175759,29429,,,1.0,silver_feedin,,True,,,,5313,,
175766,101433,,,1.0,silver_feedin,,True,,,,5313,,
175771,29430,,,1.0,silver_feedin,,True,,,,5313,,
175779,28916,,,1.0,silver_feedin,,True,,,,5313,,
175781,29626,,,1.0,silver_feedin,,True,,,,5313,,
175789,56477,,,1.0,silver_feedin,,True,,,,5313,,
175799,64805,,,1.0,silver_feedin,,True,,,,5313,,
175808,120551,,,1.0,silver_feedin,,True,,,,5313,,
175809,136581,,,1.0,silver_feedin,,True,,,,5313,,
175810,83969,,,1.0,silver_feedin,,True,,,,5313,,
175817,60066,,,1.0,silver_feedin,,True,,,,5313,,
175820,58215,,,1.0,silver_feedin,,True,,,,5313,,
175854,31737,,,1.0,silver_feedin,,True,,,,5313,,
175877,29542,,,1.0,silver_feedin,,True,,,,5313,,
175904,86396,,,1.0,silver_feedin,,True,,,,5313,,
175905,81450,,,1.0,silver_feedin,,True,,,,5313,,
175906,159170,,,1.0,silver_feedin,,True,,,,5313,,
175907,77492,,,1.0,silver_feedin,,True,,,,5313,,
176009,107942,,,1.0,silver_feedin,,True,,,,5313,,
176011,107943,,,1.0,silver_feedin,,True,,,,5313,,
176028,151026,,,1.0,silver_feedin,,True,,,,5313,,
176078,29506,,,1.0,silver_feedin,,True,,,,5313,,
176090,117159,,,1.0,silver_feedin,,True,,,,5313,,
176096,52334,,,1.0,silver_feedin,,True,,,,5313,,
176121,79990,,,1.0,silver_feedin,,True,,,,5313,,
176124,83431,,,1.0,silver_feedin,,True,,,,5313,,
176143,171063,,,1.0,silver_feedin,,True,,,,5608,,
176216,93235,,,1.0,silver_feedin,,True,,,,5313,,
176275,117176,,,1.0,silver_feedin,,True,,,,4322,,
176392,114990,,,1.0,silver_feedin,,True,,,,5452,,
176395,150686,,,1.0,silver_feedin,,True,,,,5452,,
176416,82009,,,1.0,silver_feedin,,True,,,,5074,,
176684,140405,,,1.0,silver_feedin,,True,,,,5607,,
176689,93774,,,1.0,silver_feedin,,True,,,,5745,,
176727,137607,,,1.0,silver_feedin,,True,,,,5107,,
176992,124654,,,1.0,silver_feedin,,True,,,,5027,,
177017,123354,,,1.0,silver_feedin,,True,,,,4303,,
177020,95012,,,1.0,silver_feedin,,True,,,,5304,,
177046,169986,,,1.0,silver_feedin,,True,,,,5316,,
177120,70268,,,1.0,silver_feedin,,True,,,,5334,,
177211,135100,,,1.0,silver_feedin,,True,,,,5313,,
177234,122373,,,1.0,silver_feedin,,True,,,,5452,,
177284,88301,,,1.0,silver_feedin,,True,,,,5426,,
177373,58123,,,1.0,silver_feedin,,True,,,,5727,,
177376,91875,,,1.0,silver_feedin,,True,,,,5706,,
177404,158515,,,1.0,silver_feedin,,True,,,,5312,,
178250,128157,,,1.0,silver_feedin,,True,,,,5620,,
178446,119919,,,1.0,silver_feedin,,True,,,,5426,,
178750,148320,,,1.0,silver_feedin,,True,,,,5616,,
179282,149253,,,1.0,silver_feedin,,True,,,,5607,,
179290,135092,,,1.0,silver_feedin,,True,,,,5607,,
179313,169288,,,1.0,silver_feedin,,True,,,,4312,,
179318,150194,,,1.0,silver_feedin,,True,,,,4313,,
179390,32414,,,1.0,silver_feedin,,True,,,,5625,,
179414,75587,,,1.0,silver_feedin,,True,,,,4310,,
179416,96952,,,1.0,silver_feedin,,True,,,,5707,,
179505,101194,,,1.0,silver_feedin,,True,,,,5225,,
179543,144685,,,1.0,silver_feedin,,True,,,,4813,,
179559,87473,,,1.0,silver_feedin,,True,,,,5608,,
179577,144479,,,1.0,silver_feedin,,True,,,,5306,,
179627,119565,,,1.0,silver_feedin,,True,,,,5504,,
179654,64128,,,1.0,silver_feedin,,True,,,,5726,,
179656,154638,,,1.0,silver_feedin,,True,,,,4322,,
179686,161626,,,1.0,silver_feedin,,True,,,,5615,,
179687,45795,,,1.0,silver_feedin,,True,,,,5330,,
179701,163459,,,1.0,silver_feedin,,True,,,,5075,,
179735,160359,,,1.0,silver_feedin,,True,,,,4315,,
179754,133654,,,1.0,silver_feedin,,True,,,,5105,,
179831,160462,,,1.0,silver_feedin,,True,,,,4303,,
179934,100571,,,1.0,silver_feedin,,True,,,,4468,,
179953,141009,,,1.0,silver_feedin,,True,,,,5607,,
179967,83753,,,1.0,silver_feedin,,True,,,,5505,,
180086,63463,,,1.0,silver_feedin,,True,,,,5464,,
180183,157963,,,1.0,silver_feedin,,True,,,,5707,,
180202,161427,,,1.0,silver_feedin,,True,,,,5464,,
180322,76794,,,1.0,silver_feedin,,True,,,,5072,,
180490,164673,,,1.0,silver_feedin,,True,,,,4312,,
180506,108260,,,1.0,silver_feedin,,True,,,,5622,,
180512,84230,,,1.0,silver_feedin,,True,,,,5244,,
180570,127423,,,1.0,silver_feedin,,True,,,,5607,,
180593,134853,,,1.0,silver_feedin,,True,,,,4317,,
180606,121380,,,1.0,silver_feedin,,True,,,,5225,,
180625,149780,,,1.0,silver_feedin,,True,,,,5707,,
180651,50733,,,1.0,silver_feedin,,True,,,,5443,,
180659,169306,,,1.0,silver_feedin,,True,,,,5322,,
180666,120794,,,1.0,silver_feedin,,True,,,,5608,,
180685,130259,,,1.0,silver_feedin,,True,,,,5027,,
180701,66606,,,1.0,silver_feedin,,True,,,,5727,,
180721,96995,,,1.0,silver_feedin,,True,,,,5313,,
180724,149862,,,1.0,silver_feedin,,True,,,,4313,,
180743,64541,,,1.0,silver_feedin,,True,,,,8962,,
180866,137555,,,1.0,silver_feedin,,True,,,,5027,,
180894,147799,,,1.0,silver_feedin,,True,,,,5607,,
180901,82025,,,1.0,silver_feedin,,True,,,,5733,,
180921,152376,,,1.0,silver_feedin,,True,,,,4313,,
180940,130490,,,1.0,silver_feedin,,True,,,,5072,,
180992,153015,,,1.0,silver_feedin,,True,,,,5306,,
181039,131612,,,1.0,silver_feedin,,True,,,,5235,,
181066,135903,,,1.0,silver_feedin,,True,,,,5244,,
181069,167811,,,1.0,silver_feedin,,True,,,,4312,,
181133,109113,,,1.0,silver_feedin,,True,,,,5622,,
181630,96702,,,1.0,silver_feedin,,True,,,,5706,,
181728,148490,,,1.0,silver_feedin,,True,,,,4316,,
181764,147515,,,1.0,silver_feedin,,True,,,,5105,,
181796,29535,,,1.0,silver_feedin,,True,,,,5313,,
181844,120047,,,1.0,silver_feedin,,True,,,,5443,,
181845,139559,,,1.0,silver_feedin,,True,,,,5620,,
181876,152842,,,1.0,silver_feedin,,True,,,,5314,,
181894,99154,,,1.0,silver_feedin,,True,,,,5622,,
181993,65313,,,1.0,silver_feedin,,True,,,,5106,,
182067,134215,,,1.0,silver_feedin,,True,,,,5316,,
182187,148422,,,1.0,silver_feedin,,True,,,,4313,,
182207,46876,,,1.0,silver_feedin,,True,,,,5313,,
182258,74639,,,1.0,silver_feedin,,True,,,,5745,,
182301,68961,,,1.0,silver_feedin,,True,,,,5443,,
182329,100774,,,1.0,silver_feedin,,True,,,,5622,,
182330,100785,,,1.0,silver_feedin,,True,,,,5622,,
182392,129718,,,1.0,silver_feedin,,True,,,,5607,,
182442,131422,,,1.0,silver_feedin,,True,,,,5072,,
182443,131421,,,1.0,silver_feedin,,True,,,,5072,,
182640,58313,,,1.0,silver_feedin,,True,,,,5106,,
182762,92365,,,1.0,silver_feedin,,True,,,,5332,,
182784,69614,,,1.0,silver_feedin,,True,,,,5113,,
182792,96175,,,1.0,silver_feedin,,True,,,,5619,,
182819,107944,,,1.0,silver_feedin,,True,,,,5313,,
182959,122220,,,1.0,silver_feedin,,True,,,,4303,,
182977,134009,,,1.0,silver_feedin,,True,,,,5707,,
183018,131417,,,1.0,silver_feedin,,True,,,,5313,,
183079,142936,,,1.0,silver_feedin,,True,,,,5607,,
183249,92931,,,1.0,silver_feedin,,True,,,,8962,,
183276,37373,,,1.0,silver_feedin,,True,,,,5726,,
183304,141278,,,1.0,silver_feedin,,True,,,,5316,,
183344,169128,,,1.0,silver_feedin,,True,,,,5322,,
183372,128828,,,1.0,silver_feedin,,True,,,,4317,,
183380,151797,,,1.0,silver_feedin,,True,,,,5316,,
183400,35031,,,1.0,silver_feedin,,True,,,,5443,,
183485,68968,,,1.0,silver_feedin,,True,,,,4310,,
183490,106959,,,1.0,silver_feedin,,True,,,,5622,,
183494,143466,,,1.0,silver_feedin,,True,,,,5027,,
183506,142681,,,1.0,silver_feedin,,True,,,,4313,,
183525,93247,,,1.0,silver_feedin,,True,,,,5426,,
183607,165156,,,1.0,silver_feedin,,True,,,,4312,,
183672,156858,,,1.0,silver_feedin,,True,,,,5726,,
183684,165368,,,1.0,silver_feedin,,True,,,,5113,,
183690,124213,,,1.0,silver_feedin,,True,,,,5607,,
183837,165448,,,1.0,silver_feedin,,True,,,,4312,,
183858,87657,,,1.0,silver_feedin,,True,,,,5113,,
183873,104481,,,1.0,silver_feedin,,True,,,,5622,,
183956,62998,,,1.0,silver_feedin,,True,,,,5625,,
183962,118581,,,1.0,silver_feedin,,True,,,,5625,,
183967,154171,,,1.0,silver_feedin,,True,,,,4313,,
184053,161424,,,1.0,silver_feedin,,True,,,,4310,,
184083,90813,,,1.0,silver_feedin,,True,,,,5225,,
184171,75900,,,1.0,silver_feedin,,True,,,,5074,,
184316,118052,,,1.0,silver_feedin,,True,,,,5306,,
184321,161410,,,1.0,silver_feedin,,True,,,,5504,,
184362,165164,,,1.0,silver_feedin,,True,,,,5614,,
184386,168964,,,1.0,silver_feedin,,True,,,,5322,,
184397,112839,,,1.0,silver_feedin,,True,,,,5106,,
184417,18896,,,1.0,silver_feedin,,True,,,,5305,,
184436,120052,,,1.0,silver_feedin,,True,,,,5305,,
184445,165392,,,1.0,silver_feedin,,True,,,,5305,,
184446,142534,,,1.0,silver_feedin,,True,,,,5306,,
184457,60073,,,1.0,silver_feedin,,True,,,,5305,,
184461,30447,,,1.0,silver_feedin,,True,,,,5305,,
184474,55468,,,1.0,silver_feedin,,True,,,,5305,,
184482,96069,,,1.0,silver_feedin,,True,,,,5305,,
184484,110602,,,1.0,silver_feedin,,True,,,,5305,,
184516,96070,,,1.0,silver_feedin,,True,,,,5305,,
184535,162071,,,1.0,silver_feedin,,True,,,,5614,,
184545,112784,,,1.0,silver_feedin,,True,,,,5305,,
184549,84580,,,1.0,silver_feedin,,True,,,,5305,,
184555,18523,,,1.0,silver_feedin,,True,,,,5305,,
184609,168155,,,1.0,silver_feedin,,True,,,,4313,,
184629,144549,,,1.0,silver_feedin,,True,,,,4313,,
184694,55476,,,1.0,silver_feedin,,True,,,,5330,,
184716,169987,,,1.0,silver_feedin,,True,,,,5725,,
184775,65703,,,1.0,silver_feedin,,True,,,,5745,,
184781,118044,,,1.0,silver_feedin,,True,,,,5745,,
184791,122626,,,1.0,silver_feedin,,True,,,,4322,,
184827,165354,,,1.0,silver_feedin,,True,,,,5608,,
184898,120036,,,1.0,silver_feedin,,True,,,,5324,,
184904,152949,,,1.0,silver_feedin,,True,,,,5316,,
184948,114983,,,1.0,silver_feedin,,True,,,,5506,,
184968,161242,,,1.0,silver_feedin,,True,,,,5078,,
184979,83748,,,1.0,silver_feedin,,True,,,,5505,,
184995,83749,,,1.0,silver_feedin,,True,,,,5505,,
185010,91915,,,1.0,silver_feedin,,True,,,,5505,,
185017,83750,,,1.0,silver_feedin,,True,,,,5505,,
185018,83751,,,1.0,silver_feedin,,True,,,,5505,,
185114,114722,,,1.0,silver_feedin,,True,,,,5506,,
185116,46655,,,1.0,silver_feedin,,True,,,,5106,,
185171,161342,,,1.0,silver_feedin,,True,,,,5316,,
185174,112179,,,1.0,silver_feedin,,True,,,,5305,,
185194,148752,,,1.0,silver_feedin,,True,,,,5620,,
185243,128932,,,1.0,silver_feedin,,True,,,,5707,,
185317,139627,,,1.0,silver_feedin,,True,,,,4313,,
185372,130916,,,1.0,silver_feedin,,True,,,,4805,,
185413,56650,,,1.0,silver_feedin,,True,,,,5443,,
185453,112853,,,1.0,silver_feedin,,True,,,,4303,,
185534,170539,,,1.0,silver_feedin,,True,,,,5616,,
185561,98245,,,1.0,silver_feedin,,True,,,,5622,,
185678,159169,,,1.0,silver_feedin,,True,,,,5314,,
185774,137690,,,1.0,silver_feedin,,True,,,,5075,,
185899,98600,,,1.0,silver_feedin,,True,,,,5113,,
186016,160804,,,1.0,silver_feedin,,True,,,,5070,,
186029,160699,,,1.0,silver_feedin,,True,,,,5504,,
186054,54697,,,1.0,silver_feedin,,True,,,,5452,,
186151,156421,,,1.0,silver_feedin,,True,,,,5620,,
186164,125720,,,1.0,silver_feedin,,True,,,,5027,,
186169,125583,,,1.0,silver_feedin,,True,,,,8962,,
186172,132524,,,1.0,silver_feedin,,True,,,,5745,,
186183,147960,,,1.0,silver_feedin,,True,,,,4310,,
186216,87982,,,1.0,silver_feedin,,True,,,,5706,,
186233,60405,,,1.0,silver_feedin,,True,,,,5443,,
186299,121244,,,1.0,silver_feedin,,True,,,,5504,,
186738,31269,,,1.0,silver_feedin,,True,,,,5072,,
186804,78405,,,1.0,silver_feedin,,True,,,,5074,,
187231,96988,,,1.0,silver_feedin,,True,,,,5330,,
187260,164043,,,1.0,silver_feedin,,True,,,,5235,,
187281,82302,,,1.0,silver_feedin,,True,,,,5733,,
187357,93867,,,1.0,silver_feedin,,True,,,,5332,,
187377,154148,,,1.0,silver_feedin,,True,,,,5706,,
187409,84939,,,1.0,silver_feedin,,True,,,,5426,,
187464,153247,,,1.0,silver_feedin,,True,,,,5314,,
187664,162482,,,1.0,silver_feedin,,True,,,,5614,,
187696,97564,,,1.0,silver_feedin,,True,,,,5622,,
187697,97567,,,1.0,silver_feedin,,True,,,,5622,,
187743,135731,,,1.0,silver_feedin,,True,,,,4313,,
187746,167438,,,1.0,silver_feedin,,True,,,,5236,,
187781,29120,,,1.0,silver_feedin,,True,,,,5113,,
187940,168020,,,1.0,silver_feedin,,True,,,,4323,,
187965,68492,,,1.0,silver_feedin,,True,,,,5467,,
187992,149312,,,1.0,silver_feedin,,True,,,,4324,,
188038,122374,,,1.0,silver_feedin,,True,,,,4310,,
188055,136096,,,1.0,silver_feedin,,True,,,,5707,,
188077,168932,,,1.0,silver_feedin,,True,,,,5322,,
188085,160013,,,1.0,silver_feedin,,True,,,,5108,,
188096,168105,,,1.0,silver_feedin,,True,,,,5322,,
188131,63246,,,1.0,silver_feedin,,True,,,,8962,,
188208,132058,,,1.0,silver_feedin,,True,,,,5707,,
188211,110167,,,1.0,silver_feedin,,True,,,,5622,,
188249,148757,,,1.0,silver_feedin,,True,,,,5075,,
188302,157721,,,1.0,silver_feedin,,True,,,,4313,,
188350,98519,,,1.0,silver_feedin,,True,,,,5313,,
188366,79412,,,1.0,silver_feedin,,True,,,,5313,,
188388,54597,,,1.0,silver_feedin,,True,,,,5727,,
188679,161046,,,1.0,silver_feedin,,True,,,,5706,,
189637,165445,,,1.0,silver_feedin,,True,,,,5617,,
189678,147897,,,1.0,silver_feedin,,True,,,,5726,,
189690,107579,,,1.0,silver_feedin,,True,,,,5622,,
189781,106367,,,1.0,silver_feedin,,True,,,,5619,,
189804,96813,,,1.0,silver_feedin,,True,,,,5074,,
189854,116215,,,1.0,silver_feedin,,True,,,,5075,,
189904,97182,,,1.0,silver_feedin,,True,,,,5113,,
189933,126223,,,1.0,silver_feedin,,True,,,,4303,,
190034,140445,,,1.0,silver_feedin,,True,,,,5607,,
190107,121301,,,1.0,silver_feedin,,True,,,,5504,,
190112,98405,,,1.0,silver_feedin,,True,,,,5225,,
190122,107351,,,1.0,silver_feedin,,True,,,,5617,,
190204,127687,,,1.0,silver_feedin,,True,,,,5607,,
190235,162484,,,1.0,silver_feedin,,True,,,,5707,,
190248,118582,,,1.0,silver_feedin,,True,,,,5733,,
190380,53996,,,1.0,silver_feedin,,True,,,,5452,,
190446,148438,,,1.0,silver_feedin,,True,,,,4317,,
190447,96701,,,1.0,silver_feedin,,True,,,,8962,,
190454,90446,,,1.0,silver_feedin,,True,,,,5225,,
190537,165208,,,1.0,silver_feedin,,True,,,,5615,,
190543,164261,,,1.0,silver_feedin,,True,,,,5745,,
190598,86981,,,1.0,silver_feedin,,True,,,,5106,,
190639,117099,,,1.0,silver_feedin,,True,,,,5506,,
190792,114195,,,1.0,silver_feedin,,True,,,,5078,,
190830,153146,,,1.0,silver_feedin,,True,,,,5107,,
190843,117102,,,1.0,silver_feedin,,True,,,,5622,,
190904,168969,,,1.0,silver_feedin,,True,,,,5322,,
190933,159484,,,1.0,silver_feedin,,True,,,,5614,,
191014,88434,,,1.0,silver_feedin,,True,,,,5304,,
191072,149776,,,1.0,silver_feedin,,True,,,,4313,,
191075,136093,,,1.0,silver_feedin,,True,,,,5707,,
191149,168771,,,1.0,silver_feedin,,True,,,,4313,,
191151,168776,,,1.0,silver_feedin,,True,,,,4313,,
191284,154812,,,1.0,silver_feedin,,True,,,,5313,,
191327,94819,,,1.0,silver_feedin,,True,,,,5505,,
191333,73597,,,1.0,silver_feedin,,True,,,,5106,,
191393,53896,,,1.0,silver_feedin,,True,,,,5072,,
191399,146822,,,1.0,silver_feedin,,True,,,,5620,,
191447,35449,,,1.0,silver_feedin,,True,,,,5726,,
191469,153576,,,1.0,silver_feedin,,True,,,,5314,,
191520,135001,,,1.0,silver_feedin,,True,,,,5330,,
191588,141636,,,1.0,silver_feedin,,True,,,,5316,,
191690,51023,,,1.0,silver_feedin,,True,,,,5452,,
191701,120784,,,1.0,silver_feedin,,True,,,,5443,,
191709,168931,,,1.0,silver_feedin,,True,,,,5070,,
191743,86547,,,1.0,silver_feedin,,True,,,,4468,,
191754,168775,,,1.0,silver_feedin,,True,,,,4313,,
191790,109258,,,1.0,silver_feedin,,True,,,,5619,,
191817,131879,,,1.0,silver_feedin,,True,,,,5027,,
191863,117154,,,1.0,silver_feedin,,True,,,,5600,,
191911,50988,,,1.0,silver_feedin,,True,,,,5452,,
191914,140949,,,1.0,silver_feedin,,True,,,,5330,,
191942,159951,,,1.0,silver_feedin,,True,,,,5076,,
191947,107578,,,1.0,silver_feedin,,True,,,,5622,,
191948,104956,,,1.0,silver_feedin,,True,,,,5622,,
191949,104957,,,1.0,silver_feedin,,True,,,,5622,,
191968,135979,,,1.0,silver_feedin,,True,,,,5620,,
191999,119537,,,1.0,silver_feedin,,True,,,,5235,,
192019,153295,,,1.0,silver_feedin,,True,,,,4313,,
192021,119693,,,1.0,silver_feedin,,True,,,,5105,,
192213,160361,,,1.0,silver_feedin,,True,,,,5706,,
192265,163412,,,1.0,silver_feedin,,True,,,,5614,,
192315,44116,,,1.0,silver_feedin,,True,,,,5443,,
192423,162864,,,1.0,silver_feedin,,True,,,,5070,,
192480,130666,,,1.0,silver_feedin,,True,,,,4313,,
192589,168784,,,1.0,silver_feedin,,True,,,,5236,,
192621,141271,,,1.0,silver_feedin,,True,,,,5607,,
192693,64390,,,1.0,silver_feedin,,True,,,,8962,,
192702,64391,,,1.0,silver_feedin,,True,,,,8962,,
192746,125718,,,1.0,silver_feedin,,True,,,,5607,,
192760,97795,,,1.0,silver_feedin,,True,,,,5426,,
192784,72562,,,1.0,silver_feedin,,True,,,,5443,,
192906,164553,,,1.0,silver_feedin,,True,,,,4323,,
192960,164183,,,1.0,silver_feedin,,True,,,,5615,,
192983,145428,,,1.0,silver_feedin,,True,,,,5312,,
192988,149691,,,1.0,silver_feedin,,True,,,,5027,,
192996,142485,,,1.0,silver_feedin,,True,,,,5733,,
193048,83752,,,1.0,silver_feedin,,True,,,,5505,,
193208,125009,,,1.0,silver_feedin,,True,,,,5027,,
193228,153115,,,1.0,silver_feedin,,True,,,,5075,,
193275,158046,,,1.0,silver_feedin,,True,,,,5620,,
193286,156427,,,1.0,silver_feedin,,True,,,,4313,,
193505,27968,,,1.0,silver_feedin,,True,,,,5625,,
193600,161252,,,1.0,silver_feedin,,True,,,,5467,,
193757,72178,,,1.0,silver_feedin,,True,,,,8962,,
193978,114204,,,1.0,silver_feedin,,True,,,,4310,,
193999,118615,,,1.0,silver_feedin,,True,,,,5304,,
194003,142540,,,1.0,silver_feedin,,True,,,,4813,,
194100,167212,,,1.0,silver_feedin,,True,,,,5322,,
194196,144384,,,1.0,silver_feedin,,True,,,,5075,,
194206,147756,,,1.0,silver_feedin,,True,,,,5324,,
194256,114996,,,1.0,silver_feedin,,True,,,,5745,,
194297,66344,,,1.0,silver_feedin,,True,,,,5745,,
194387,126152,,,1.0,silver_feedin,,True,,,,5620,,
194448,156883,,,1.0,silver_feedin,,True,,,,5443,,
194497,109213,,,1.0,silver_feedin,,True,,,,5072,,
194557,86528,,,1.0,silver_feedin,,True,,,,5330,,
194609,86088,,,1.0,silver_feedin,,True,,,,5608,,
194644,64682,,,1.0,silver_feedin,,True,,,,5745,,
194668,108725,,,1.0,silver_feedin,,True,,,,5504,,
194839,69311,,,1.0,silver_feedin,,True,,,,4805,,
194845,64256,,,1.0,silver_feedin,,True,,,,5072,,
194856,72723,,,1.0,silver_feedin,,True,,,,5452,,
194867,29674,,,1.0,silver_feedin,,True,,,,5726,,
195050,116868,,,1.0,silver_feedin,,True,,,,5306,,
195133,162218,,,1.0,silver_feedin,,True,,,,5605,,
195140,81921,,,1.0,silver_feedin,,True,,,,5443,,
195228,109001,,,1.0,silver_feedin,,True,,,,4303,,
195305,159603,,,1.0,silver_feedin,,True,,,,5070,,
195365,72563,,,1.0,silver_feedin,,True,,,,5745,,
195387,105767,,,1.0,silver_feedin,,True,,,,5330,,
195418,136600,,,1.0,silver_feedin,,True,,,,5426,,
195494,115792,,,1.0,silver_feedin,,True,,,,4310,,
195527,162620,,,1.0,silver_feedin,,True,,,,5605,,
195590,98629,,,1.0,silver_feedin,,True,,,,5622,,
195591,104934,,,1.0,silver_feedin,,True,,,,5324,,
195636,101278,,,1.0,silver_feedin,,True,,,,5506,,
195669,160146,,,1.0,silver_feedin,,True,,,,5070,,
195758,154262,,,1.0,silver_feedin,,True,,,,4325,,
195795,126155,,,1.0,silver_feedin,,True,,,,5620,,
195858,45237,,,1.0,silver_feedin,,True,,,,5105,,
196049,169032,,,1.0,silver_feedin,,True,,,,5615,,
196050,79748,,,1.0,silver_feedin,,True,,,,5733,,
196072,163263,,,1.0,silver_feedin,,True,,,,5236,,
196097,105952,,,1.0,silver_feedin,,True,,,,5105,,
196196,57555,,,1.0,silver_feedin,,True,,,,5106,,
196258,169287,,,1.0,silver_feedin,,True,,,,4312,,
196326,90510,,,1.0,silver_feedin,,True,,,,5727,,
196338,130179,,,1.0,silver_feedin,,True,,,,5107,,
196397,140424,,,1.0,silver_feedin,,True,,,,5522,,
196435,161042,,,1.0,silver_feedin,,True,,,,4333,,
196449,144061,,,1.0,silver_feedin,,True,,,,5605,,
196477,168951,,,1.0,silver_feedin,,True,,,,5027,,
196560,127686,,,1.0,silver_feedin,,True,,,,5607,,
196590,70812,,,1.0,silver_feedin,,True,,,,5745,,
196597,57963,,,1.0,silver_feedin,,True,,,,5726,,
196752,59215,,,1.0,silver_feedin,,True,,,,5330,,
196806,124348,,,1.0,silver_feedin,,True,,,,5707,,
196882,92416,,,1.0,silver_feedin,,True,,,,5225,,
197067,83754,,,1.0,silver_feedin,,True,,,,5505,,
197135,151159,,,1.0,silver_feedin,,True,,,,5607,,
197179,146488,,,1.0,silver_feedin,,True,,,,5622,,
197203,170478,,,1.0,silver_feedin,,True,,,,5070,,
197217,141008,,,1.0,silver_feedin,,True,,,,5607,,
197256,158580,,,1.0,silver_feedin,,True,,,,4313,,
197262,134993,,,1.0,silver_feedin,,True,,,,4813,,
197268,90646,,,1.0,silver_feedin,,True,,,,5074,,
197298,159175,,,1.0,silver_feedin,,True,,,,5235,,
197318,112843,,,1.0,silver_feedin,,True,,,,8962,,
197362,144651,,,1.0,silver_feedin,,True,,,,5107,,
197373,138574,,,1.0,silver_feedin,,True,,,,5707,,
197391,104150,,,1.0,silver_feedin,,True,,,,5727,,
197508,168432,,,1.0,silver_feedin,,True,,,,4312,,
197516,26532,,,1.0,silver_feedin,,True,,,,5625,,
197550,138412,,,1.0,silver_feedin,,True,,,,5244,,
197555,153368,,,1.0,silver_feedin,,True,,,,5027,,
197650,114790,,,1.0,silver_feedin,,True,,,,8953,,
197665,44852,,,1.0,silver_feedin,,True,,,,5619,,
197672,38705,,,1.0,silver_feedin,,True,,,,4310,,
197692,144141,,,1.0,silver_feedin,,True,,,,5316,,
197693,144140,,,1.0,silver_feedin,,True,,,,5316,,
197698,53577,,,1.0,silver_feedin,,True,,,,5330,,
197716,61070,,,1.0,silver_feedin,,True,,,,5106,,
197810,147888,,,1.0,silver_feedin,,True,,,,4310,,
197954,106921,,,1.0,silver_feedin,,True,,,,5078,,
197978,88734,,,1.0,silver_feedin,,True,,,,5074,,
198008,56243,,,1.0,silver_feedin,,True,,,,5330,,
198047,146727,,,1.0,silver_feedin,,True,,,,5027,,
198055,101862,,,1.0,silver_feedin,,True,,,,5467,,
198056,144297,,,1.0,silver_feedin,,True,,,,5107,,
198219,168968,,,1.0,silver_feedin,,True,,,,5322,,
198244,147141,,,1.0,silver_feedin,,True,,,,5107,,
198334,120793,,,1.0,silver_feedin,,True,,,,5745,,
198373,112242,,,1.0,silver_feedin,,True,,,,5225,,
198374,128107,,,1.0,silver_feedin,,True,,,,5707,,
198397,142536,,,1.0,silver_feedin,,True,,,,4813,,
198441,105613,,,1.0,silver_feedin,,True,,,,5522,,
198480,49806,,,1.0,silver_feedin,,True,,,,5745,,
198553,150196,,,1.0,silver_feedin,,True,,,,4313,,
198741,80715,,,1.0,silver_feedin,,True,,,,5727,,
198754,141140,,,1.0,silver_feedin,,True,,,,5622,,
198759,148217,,,1.0,silver_feedin,,True,,,,4316,,
198775,45776,,,1.0,silver_feedin,,True,,,,5330,,
198795,65155,,,1.0,silver_feedin,,True,,,,5464,,
198830,111916,,,1.0,silver_feedin,,True,,,,5304,,
198855,161361,,,1.0,silver_feedin,,True,,,,5506,,
198891,159181,,,1.0,silver_feedin,,True,,,,4313,,
198960,147798,,,1.0,silver_feedin,,True,,,,5078,,
198973,94943,,,1.0,silver_feedin,,True,,,,5733,,
199011,58122,,,1.0,silver_feedin,,True,,,,5726,,
199061,36288,,,1.0,silver_feedin,,True,,,,4310,,
199091,158819,,,1.0,silver_feedin,,True,,,,5726,,
199122,151162,,,1.0,silver_feedin,,True,,,,5607,,
199191,84776,,,1.0,silver_feedin,,True,,,,4468,,
199237,117689,,,1.0,silver_feedin,,True,,,,5506,,
199252,134740,,,1.0,silver_feedin,,True,,,,5620,,
199417,42343,,,1.0,silver_feedin,,True,,,,5620,,
199423,140348,,,1.0,silver_feedin,,True,,,,4813,,
199521,96055,,,1.0,silver_feedin,,True,,,,5304,,
199561,121261,,,1.0,silver_feedin,,True,,,,5332,,
199581,95715,,,1.0,silver_feedin,,True,,,,5625,,
199625,108002,,,1.0,silver_feedin,,True,,,,5074,,
199750,164321,,,1.0,silver_feedin,,True,,,,5070,,
199819,52312,,,1.0,silver_feedin,,True,,,,5330,,
199938,168907,,,1.0,silver_feedin,,True,,,,5615,,
200015,152053,,,1.0,silver_feedin,,True,,,,4813,,
200044,165172,,,1.0,silver_feedin,,True,,,,5322,,
200071,44329,,,1.0,silver_feedin,,True,,,,5106,,
200103,90117,,,1.0,silver_feedin,,True,,,,5426,,
200135,163956,,,1.0,silver_feedin,,True,,,,5322,,
200152,118053,,,1.0,silver_feedin,,True,,,,5306,,
200203,158178,,,1.0,silver_feedin,,True,,,,5312,,
200210,152058,,,1.0,silver_feedin,,True,,,,5707,,
200232,164098,,,1.0,silver_feedin,,True,,,,5330,,
200281,86927,,,1.0,silver_feedin,,True,,,,5113,,
200312,147951,,,1.0,silver_feedin,,True,,,,5443,,
200371,163419,,,1.0,silver_feedin,,True,,,,5322,,
200415,94880,,,1.0,silver_feedin,,True,,,,5443,,
200419,44526,,,1.0,silver_feedin,,True,,,,5105,,
200432,92992,,,1.0,silver_feedin,,True,,,,5426,,
200477,125678,,,1.0,silver_feedin,,True,,,,5707,,
200492,157296,,,1.0,silver_feedin,,True,,,,4313,,
200503,66891,,,1.0,silver_feedin,,True,,,,5467,,
200549,161213,,,1.0,silver_feedin,,True,,,,5607,,
200561,105102,,,1.0,silver_feedin,,True,,,,5522,,
200646,138601,,,1.0,silver_feedin,,True,,,,5620,,
200662,92623,,,1.0,silver_feedin,,True,,,,5443,,
200686,147256,,,1.0,silver_feedin,,True,,,,5107,,
200706,109716,,,1.0,silver_feedin,,True,,,,5107,,
200707,139634,,,1.0,silver_feedin,,True,,,,5108,,
200708,64764,,,1.0,silver_feedin,,True,,,,5272,,
200743,124356,,,1.0,silver_feedin,,True,,,,5622,,
200809,139120,,,1.0,silver_feedin,,True,,,,4813,,
200811,99152,,,1.0,silver_feedin,,True,,,,5622,,
200847,107949,,,1.0,silver_feedin,,True,,,,5237,,
200872,154811,,,1.0,silver_feedin,,True,,,,5027,,
200993,134362,,,1.0,silver_feedin,,True,,,,5076,,
200994,131653,,,1.0,silver_feedin,,True,,,,5076,,
200995,151606,,,1.0,silver_feedin,,True,,,,5076,,
200997,153098,,,1.0,silver_feedin,,True,,,,5076,,
201001,132780,,,1.0,silver_feedin,,True,,,,5076,,
201002,135580,,,1.0,silver_feedin,,True,,,,5076,,
201003,153099,,,1.0,silver_feedin,,True,,,,5076,,
201007,153100,,,1.0,silver_feedin,,True,,,,5076,,
201020,161195,,,1.0,silver_feedin,,True,,,,5076,,
201041,63086,,,1.0,silver_feedin,,True,,,,5074,,
201043,128597,,,1.0,silver_feedin,,True,,,,5707,,
201077,156612,,,1.0,silver_feedin,,True,,,,5076,,
201147,108063,,,1.0,silver_feedin,,True,,,,5237,,
201186,136568,,,1.0,silver_feedin,,True,,,,5076,,
201187,165359,,,1.0,silver_feedin,,True,,,,5076,,
201189,153230,,,1.0,silver_feedin,,True,,,,5076,,
201213,158161,,,1.0,silver_feedin,,True,,,,5076,,
201214,160200,,,1.0,silver_feedin,,True,,,,5076,,
201215,144292,,,1.0,silver_feedin,,True,,,,5076,,
201222,120626,,,1.0,silver_feedin,,True,,,,5076,,
201225,120028,,,1.0,silver_feedin,,True,,,,5076,,
201239,130713,,,1.0,silver_feedin,,True,,,,5076,,
201245,122585,,,1.0,silver_feedin,,True,,,,5076,,
201246,136567,,,1.0,silver_feedin,,True,,,,5076,,
201248,132047,,,1.0,silver_feedin,,True,,,,5076,,
201250,132074,,,1.0,silver_feedin,,True,,,,5076,,
201256,143362,,,1.0,silver_feedin,,True,,,,5076,,
201269,146767,,,1.0,silver_feedin,,True,,,,5076,,
201276,144018,,,1.0,silver_feedin,,True,,,,5076,,
201313,148475,,,1.0,silver_feedin,,True,,,,5076,,
201316,168949,,,1.0,silver_feedin,,True,,,,5076,,
201318,124549,,,1.0,silver_feedin,,True,,,,5076,,
201327,144870,,,1.0,silver_feedin,,True,,,,5076,,
201331,149028,,,1.0,silver_feedin,,True,,,,5076,,
201333,148749,,,1.0,silver_feedin,,True,,,,5076,,
201360,117837,,,1.0,silver_feedin,,True,,,,5076,,
201379,131439,,,1.0,silver_feedin,,True,,,,5076,,
201381,131874,,,1.0,silver_feedin,,True,,,,5076,,
201383,131873,,,1.0,silver_feedin,,True,,,,5076,,
201387,131875,,,1.0,silver_feedin,,True,,,,5076,,
201390,132048,,,1.0,silver_feedin,,True,,,,5076,,
201396,120494,,,1.0,silver_feedin,,True,,,,5076,,
201417,153337,,,1.0,silver_feedin,,True,,,,5076,,
201418,153338,,,1.0,silver_feedin,,True,,,,5076,,
201422,151607,,,1.0,silver_feedin,,True,,,,5076,,
201429,136613,,,1.0,silver_feedin,,True,,,,5076,,
201445,144436,,,1.0,silver_feedin,,True,,,,5076,,
201448,146768,,,1.0,silver_feedin,,True,,,,5076,,
201450,153313,,,1.0,silver_feedin,,True,,,,5076,,
201473,134236,,,1.0,silver_feedin,,True,,,,5076,,
201484,152025,,,1.0,silver_feedin,,True,,,,5076,,
201485,117836,,,1.0,silver_feedin,,True,,,,5076,,
201595,164088,,,1.0,silver_feedin,,True,,,,5608,,
201906,158020,,,1.0,silver_feedin,,True,,,,5614,,
202582,164158,,,1.0,silver_feedin,,True,,,,5445,,
202673,132772,,,1.0,silver_feedin,,True,,,,5244,,
202809,153336,,,1.0,silver_feedin,,True,,,,5076,,
203087,128076,,,1.0,silver_feedin,,True,,,,5707,,
203130,129880,,,1.0,silver_feedin,,True,,,,5707,,
203166,162072,,,1.0,silver_feedin,,True,,,,5522,,
203208,136596,,,1.0,silver_feedin,,True,,,,5522,,
203230,84229,,,1.0,silver_feedin,,True,,,,5244,,
203274,169471,,,1.0,silver_feedin,,True,,,,5614,,
203396,140453,,,1.0,silver_feedin,,True,,,,5306,,
203433,165183,,,1.0,silver_feedin,,True,,,,5614,,
203493,168429,,,1.0,silver_feedin,,True,,,,4312,,
203572,90528,,,1.0,silver_feedin,,True,,,,5745,,
203650,123436,,,1.0,silver_feedin,,True,,,,5313,,
203679,131638,,,1.0,silver_feedin,,True,,,,4813,,
203707,129584,,,1.0,silver_feedin,,True,,,,5105,,
203813,127811,,,1.0,silver_feedin,,True,,,,5504,,
203860,102376,,,1.0,silver_feedin,,True,,,,5452,,
203874,157262,,,1.0,silver_feedin,,True,,,,4313,,
203877,61438,,,1.0,silver_feedin,,True,,,,5106,,
203905,92907,,,1.0,silver_feedin,,True,,,,5505,,
203920,93210,,,1.0,silver_feedin,,True,,,,5706,,
203961,92717,,,1.0,silver_feedin,,True,,,,5706,,
203971,91811,,,1.0,silver_feedin,,True,,,,5706,,
203989,115896,,,1.0,silver_feedin,,True,,,,5324,,
204177,100976,,,1.0,silver_feedin,,True,,,,5225,,
204232,82304,,,1.0,silver_feedin,,True,,,,5727,,
204383,151456,,,1.0,silver_feedin,,True,,,,5467,,
204397,65140,,,1.0,silver_feedin,,True,,,,5464,,
204399,163076,,,1.0,silver_feedin,,True,,,,5615,,
204474,152317,,,1.0,silver_feedin,,True,,,,4316,,
204535,134350,,,1.0,silver_feedin,,True,,,,5707,,
204582,147891,,,1.0,silver_feedin,,True,,,,5726,,
204596,56945,,,1.0,silver_feedin,,True,,,,5105,,
204653,118624,,,1.0,silver_feedin,,True,,,,5727,,
204667,140818,,,1.0,silver_feedin,,True,,,,5107,,
204673,119692,,,1.0,silver_feedin,,True,,,,5600,,
204787,112851,,,1.0,silver_feedin,,True,,,,5074,,
204896,138754,,,1.0,silver_feedin,,True,,,,5075,,
205010,131776,,,1.0,silver_feedin,,True,,,,5607,,
205050,164097,,,1.0,silver_feedin,,True,,,,5445,,
205058,107589,,,1.0,silver_feedin,,True,,,,5622,,
205071,119886,,,1.0,silver_feedin,,True,,,,5330,,
205085,144119,,,1.0,silver_feedin,,True,,,,4316,,
205094,148220,,,1.0,silver_feedin,,True,,,,5314,,
205109,104342,,,1.0,silver_feedin,,True,,,,5225,,
205183,35157,,,1.0,silver_feedin,,True,,,,5726,,
205205,109096,,,1.0,silver_feedin,,True,,,,5522,,
205212,154265,,,1.0,silver_feedin,,True,,,,4325,,
205220,147164,,,1.0,silver_feedin,,True,,,,4313,,
205287,51932,,,1.0,silver_feedin,,True,,,,5330,,
205315,150113,,,1.0,silver_feedin,,True,,,,5522,,
205348,161627,,,1.0,silver_feedin,,True,,,,4333,,
205358,136101,,,1.0,silver_feedin,,True,,,,4317,,
205367,158549,,,1.0,silver_feedin,,True,,,,5076,,
205375,120762,,,1.0,silver_feedin,,True,,,,5622,,
210812,167999,,,1.0,silver_feedin,,True,,,,5425,,
212216,77715,,,1.0,silver_feedin,,True,,,,5443,,
212236,161692,,,1.0,silver_feedin,,True,,,,5522,,
212244,144144,,,1.0,silver_feedin,,True,,,,5316,,
212474,151455,,,1.0,silver_feedin,,True,,,,5467,,
212504,120695,,,1.0,silver_feedin,,True,,,,4324,,
212647,152759,,,1.0,silver_feedin,,True,,,,5607,,
212717,112022,,,1.0,silver_feedin,,True,,,,5504,,
212821,122628,,,1.0,silver_feedin,,True,,,,5235,,
212871,77618,,,1.0,silver_feedin,,True,,,,5733,,
212896,135451,,,1.0,silver_feedin,,True,,,,5076,,
212908,148509,,,1.0,silver_feedin,,True,,,,5314,,
212928,57706,,,1.0,silver_feedin,,True,,,,5443,,
213174,131850,,,1.0,silver_feedin,,True,,,,4813,,
213185,77814,,,1.0,silver_feedin,,True,,,,5426,,
213188,125671,,,1.0,silver_feedin,,True,,,,8962,,
213217,49881,,,1.0,silver_feedin,,True,,,,5330,,
213243,148510,,,1.0,silver_feedin,,True,,,,5314,,
213245,148508,,,1.0,silver_feedin,,True,,,,5314,,
213384,79188,,,1.0,silver_feedin,,True,,,,5330,,
213444,96358,,,1.0,silver_feedin,,True,,,,5452,,
213496,151024,,,1.0,silver_feedin,,True,,,,5313,,
213947,107933,,,1.0,silver_feedin,,True,,,,5078,,
213978,154173,,,1.0,silver_feedin,,True,,,,4313,,
213994,111539,,,1.0,silver_feedin,,True,,,,5324,,
214049,165393,,,1.0,silver_feedin,,True,,,,5726,,
214094,121257,,,1.0,silver_feedin,,True,,,,5504,,
214150,79419,,,1.0,silver_feedin,,True,,,,5726,,
214272,141691,,,1.0,silver_feedin,,True,,,,5504,,
214468,117672,,,1.0,silver_feedin,,True,,,,5075,,
214496,78949,,,1.0,silver_feedin,,True,,,,5706,,
214602,167520,,,1.0,silver_feedin,,True,,,,5707,,
214611,114039,,,1.0,silver_feedin,,True,,,,5324,,
214765,157433,,,1.0,silver_feedin,,True,,,,4325,,
214785,168751,,,1.0,silver_feedin,,True,,,,4312,,
214792,88004,,,1.0,silver_feedin,,True,,,,5304,,
214825,157248,,,1.0,silver_feedin,,True,,,,4468,,
215040,116861,,,1.0,silver_feedin,,True,,,,5075,,
215064,126654,,,1.0,silver_feedin,,True,,,,5725,,
215073,134229,,,1.0,silver_feedin,,True,,,,5070,,
215125,97664,,,1.0,silver_feedin,,True,,,,5727,,
215132,157227,,,1.0,silver_feedin,,True,,,,5105,,
215147,121432,,,1.0,silver_feedin,,True,,,,5324,,
215266,77261,,,1.0,silver_feedin,,True,,,,5745,,
215427,161631,,,1.0,silver_feedin,,True,,,,5107,,
215538,130298,,,1.0,silver_feedin,,True,,,,5707,,
215564,64394,,,1.0,silver_feedin,,True,,,,5745,,
215565,101750,,,1.0,silver_feedin,,True,,,,5105,,
215647,105774,,,1.0,silver_feedin,,True,,,,4310,,
215710,107958,,,1.0,silver_feedin,,True,,,,5522,,
215741,138059,,,1.0,silver_feedin,,True,,,,5707,,
215793,159634,,,1.0,silver_feedin,,True,,,,5614,,
215808,135444,,,1.0,silver_feedin,,True,,,,5044,,
215843,84105,,,1.0,silver_feedin,,True,,,,5313,,
215868,143521,,,1.0,silver_feedin,,True,,,,4317,,
215992,59112,,,1.0,silver_feedin,,True,,,,5745,,
216037,132045,,,1.0,silver_feedin,,True,,,,5600,,
216051,144435,,,1.0,silver_feedin,,True,,,,5334,,
216172,159239,,,1.0,silver_feedin,,True,,,,5727,,
216232,66608,,,1.0,silver_feedin,,True,,,,5072,,
216273,161475,,,1.0,silver_feedin,,True,,,,4323,,
216299,97183,,,1.0,silver_feedin,,True,,,,5625,,
216363,131808,,,1.0,silver_feedin,,True,,,,5452,,
216412,150664,,,1.0,silver_feedin,,True,,,,5620,,
216421,134961,,,1.0,silver_feedin,,True,,,,5504,,
216504,131250,,,1.0,silver_feedin,,True,,,,5607,,
216675,132768,,,1.0,silver_feedin,,True,,,,5725,,
216691,131909,,,1.0,silver_feedin,,True,,,,5725,,
216751,165443,,,1.0,silver_feedin,,True,,,,5505,,
216781,148785,,,1.0,silver_feedin,,True,,,,5622,,
216791,135093,,,1.0,silver_feedin,,True,,,,5027,,
217132,136040,,,1.0,silver_feedin,,True,,,,5707,,
217196,99148,,,1.0,silver_feedin,,True,,,,5622,,
217214,124219,,,1.0,silver_feedin,,True,,,,5304,,
217257,111924,,,1.0,silver_feedin,,True,,,,5426,,
217357,168186,,,1.0,silver_feedin,,True,,,,5600,,
217368,116614,,,1.0,silver_feedin,,True,,,,5304,,
217412,115971,,,1.0,silver_feedin,,True,,,,5625,,
217654,112495,,,1.0,silver_feedin,,True,,,,5301,,
217733,116776,,,1.0,silver_feedin,,True,,,,4303,,
217962,143484,,,1.0,silver_feedin,,True,,,,5316,,
218006,118802,,,1.0,silver_feedin,,True,,,,5600,,
218034,151798,,,1.0,silver_feedin,,True,,,,5725,,
218083,98529,,,1.0,silver_feedin,,True,,,,5072,,
218084,98530,,,1.0,silver_feedin,,True,,,,5072,,
218107,127812,,,1.0,silver_feedin,,True,,,,5504,,
218172,168752,,,1.0,silver_feedin,,True,,,,4312,,
218239,134851,,,1.0,silver_feedin,,True,,,,5306,,
218349,108943,,,1.0,silver_feedin,,True,,,,5312,,
218473,80723,,,1.0,silver_feedin,,True,,,,5745,,
218474,81888,,,1.0,silver_feedin,,True,,,,5105,,
218533,95130,,,1.0,silver_feedin,,True,,,,5304,,
218580,147355,,,1.0,silver_feedin,,True,,,,4813,,
218594,157652,,,1.0,silver_feedin,,True,,,,5707,,
218626,47659,,,1.0,silver_feedin,,True,,,,5330,,
218672,131783,,,1.0,silver_feedin,,True,,,,5106,,
218766,72722,,,1.0,silver_feedin,,True,,,,5074,,
219028,158264,,,1.0,silver_feedin,,True,,,,5312,,
219093,150701,,,1.0,silver_feedin,,True,,,,5108,,
219098,124355,,,1.0,silver_feedin,,True,,,,5622,,
219192,156303,,,1.0,silver_feedin,,True,,,,4322,,
219290,59117,,,1.0,silver_feedin,,True,,,,5745,,
219352,158816,,,1.0,silver_feedin,,True,,,,5332,,
219354,88657,,,1.0,silver_feedin,,True,,,,5745,,
219373,158180,,,1.0,silver_feedin,,True,,,,5312,,
219472,127818,,,1.0,silver_feedin,,True,,,,4317,,
219517,152746,,,1.0,silver_feedin,,True,,,,4324,,
219544,119697,,,1.0,silver_feedin,,True,,,,5304,,
219654,78099,,,1.0,silver_feedin,,True,,,,5443,,
219746,147957,,,1.0,silver_feedin,,True,,,,5452,,
219747,147956,,,1.0,silver_feedin,,True,,,,5452,,
219791,147369,,,1.0,silver_feedin,,True,,,,5726,,
219864,81099,,,1.0,silver_feedin,,True,,,,5733,,
219971,142520,,,1.0,silver_feedin,,True,,,,4325,,
220082,97665,,,1.0,silver_feedin,,True,,,,4310,,
220087,114661,,,1.0,silver_feedin,,True,,,,5522,,
220155,121329,,,1.0,silver_feedin,,True,,,,4310,,
220189,136041,,,1.0,silver_feedin,,True,,,,5707,,
220199,161082,,,1.0,silver_feedin,,True,,,,4323,,
220248,163851,,,1.0,silver_feedin,,True,,,,4333,,
220250,117257,,,1.0,silver_feedin,,True,,,,5072,,
220300,159362,,,1.0,silver_feedin,,True,,,,5506,,
220641,148067,,,1.0,silver_feedin,,True,,,,5306,,
220708,167210,,,1.0,silver_feedin,,True,,,,5070,,
220733,112172,,,1.0,silver_feedin,,True,,,,5237,,
220749,134723,,,1.0,silver_feedin,,True,,,,5107,,
220801,97166,,,1.0,silver_feedin,,True,,,,5706,,
220803,102425,,,1.0,silver_feedin,,True,,,,5105,,
220949,148487,,,1.0,silver_feedin,,True,,,,5607,,
221001,109277,,,1.0,silver_feedin,,True,,,,5726,,
221024,72558,,,1.0,silver_feedin,,True,,,,5105,,
221181,120792,,,1.0,silver_feedin,,True,,,,5745,,
221192,107555,,,1.0,silver_feedin,,True,,,,5078,,
221281,130561,,,1.0,silver_feedin,,True,,,,5727,,
221336,37516,,,1.0,silver_feedin,,True,,,,5745,,
221338,144746,,,1.0,silver_feedin,,True,,,,4310,,
221446,158972,,,1.0,silver_feedin,,True,,,,5028,,
221503,53337,,,1.0,silver_feedin,,True,,,,5330,,
221561,157723,,,1.0,silver_feedin,,True,,,,4324,,
221580,64567,,,1.0,silver_feedin,,True,,,,8962,,
221640,137424,,,1.0,silver_feedin,,True,,,,5314,,
221676,57472,,,1.0,silver_feedin,,True,,,,5727,,
221702,166940,,,1.0,silver_feedin,,True,,,,5505,,
221788,140455,,,1.0,silver_feedin,,True,,,,4813,,
221828,163176,,,1.0,silver_feedin,,True,,,,4333,,
221852,109235,,,1.0,silver_feedin,,True,,,,5324,,
221958,95239,,,1.0,silver_feedin,,True,,,,5426,,
221967,126212,,,1.0,silver_feedin,,True,,,,5027,,
221969,159924,,,1.0,silver_feedin,,True,,,,5605,,
221998,130154,,,1.0,silver_feedin,,True,,,,5725,,
222228,159278,,,1.0,silver_feedin,,True,,,,5445,,
222230,140457,,,1.0,silver_feedin,,True,,,,4813,,
222278,158919,,,1.0,silver_feedin,,True,,,,5504,,
222324,47662,,,1.0,silver_feedin,,True,,,,5330,,
222341,91689,,,1.0,silver_feedin,,True,,,,5745,,
222380,141496,,,1.0,silver_feedin,,True,,,,5707,,
222465,101288,,,1.0,silver_feedin,,True,,,,5443,,
222511,143859,,,1.0,silver_feedin,,True,,,,4313,,
222527,84581,,,1.0,silver_feedin,,True,,,,5046,,
222554,159194,,,1.0,silver_feedin,,True,,,,5607,,
222592,96105,,,1.0,silver_feedin,,True,,,,5452,,
222604,84639,,,1.0,silver_feedin,,True,,,,5619,,
222704,152140,,,1.0,silver_feedin,,True,,,,5313,,
222736,85206,,,1.0,silver_feedin,,True,,,,5046,,
222778,86693,,,1.0,silver_feedin,,True,,,,5113,,
222784,88781,,,1.0,silver_feedin,,True,,,,4310,,
222807,146621,,,1.0,silver_feedin,,True,,,,5306,,
222847,154147,,,1.0,silver_feedin,,True,,,,5105,,
222946,126265,,,1.0,silver_feedin,,True,,,,4313,,
223021,166944,,,1.0,silver_feedin,,True,,,,5072,,
223048,156850,,,1.0,silver_feedin,,True,,,,5235,,
223063,158229,,,1.0,silver_feedin,,True,,,,4325,,
223075,37458,,,1.0,silver_feedin,,True,,,,5745,,
223125,88325,,,1.0,silver_feedin,,True,,,,5608,,
223172,122632,,,1.0,silver_feedin,,True,,,,4303,,
223270,131831,,,1.0,silver_feedin,,True,,,,4813,,
223298,86925,,,1.0,silver_feedin,,True,,,,5074,,
223316,120955,,,1.0,silver_feedin,,True,,,,5726,,
223488,149514,,,1.0,silver_feedin,,True,,,,5332,,
223779,162624,,,1.0,silver_feedin,,True,,,,5705,,
223787,3723,,,1.0,silver_feedin,,True,,,,4805,,
223824,112015,,,1.0,silver_feedin,,True,,,,5225,,
223864,164095,,,1.0,silver_feedin,,True,,,,5107,,
223927,121287,,,1.0,silver_feedin,,True,,,,4322,,
224105,122327,,,1.0,silver_feedin,,True,,,,4310,,
224109,124201,,,1.0,silver_feedin,,True,,,,5707,,
224141,157184,,,1.0,silver_feedin,,True,,,,4317,,
224216,126174,,,1.0,silver_feedin,,True,,,,5312,,
224249,144726,,,1.0,silver_feedin,,True,,,,5607,,
224266,162550,,,1.0,silver_feedin,,True,,,,5614,,
224284,161483,,,1.0,silver_feedin,,True,,,,4315,,
224306,92887,,,1.0,silver_feedin,,True,,,,5727,,
224349,94157,,,1.0,silver_feedin,,True,,,,5304,,
224351,158224,,,1.0,silver_feedin,,True,,,,4310,,
224368,155061,,,1.0,silver_feedin,,True,,,,4324,,
224446,152090,,,1.0,silver_feedin,,True,,,,5607,,
224662,169746,,,1.0,silver_feedin,,True,,,,5236,,
224792,26846,,,1.0,silver_feedin,,True,,,,5726,,
224830,98243,,,1.0,silver_feedin,,True,,,,5745,,
224867,167221,,,1.0,silver_feedin,,True,,,,5614,,
224877,125723,,,1.0,silver_feedin,,True,,,,5108,,
224880,140423,,,1.0,silver_feedin,,True,,,,5707,,
224929,112756,,,1.0,silver_feedin,,True,,,,5622,,
225139,110140,,,1.0,silver_feedin,,True,,,,5105,,
225261,109717,,,1.0,silver_feedin,,True,,,,5107,,
225325,136582,,,1.0,silver_feedin,,True,,,,5426,,
225326,145283,,,1.0,silver_feedin,,True,,,,5620,,
225370,137627,,,1.0,silver_feedin,,True,,,,5707,,
225436,93863,,,1.0,silver_feedin,,True,,,,5426,,
225448,160140,,,1.0,silver_feedin,,True,,,,5028,,
225470,103552,,,1.0,silver_feedin,,True,,,,5706,,
225480,95395,,,1.0,silver_feedin,,True,,,,5304,,
225560,66537,,,1.0,silver_feedin,,True,,,,5046,,
225735,164092,,,1.0,silver_feedin,,True,,,,4813,,
225783,144065,,,1.0,silver_feedin,,True,,,,5312,,
226027,157008,,,1.0,silver_feedin,,True,,,,5312,,
226071,138148,,,1.0,silver_feedin,,True,,,,4303,,
226114,135546,,,1.0,silver_feedin,,True,,,,5107,,
226359,100883,,,1.0,silver_feedin,,True,,,,5078,,
226590,91871,,,1.0,silver_feedin,,True,,,,4805,,
226650,168018,,,1.0,silver_feedin,,True,,,,5306,,
226685,137287,,,1.0,silver_feedin,,True,,,,4317,,
226786,131867,,,1.0,silver_feedin,,True,,,,5244,,
226788,86980,,,1.0,silver_feedin,,True,,,,5608,,
226877,89093,,,1.0,silver_feedin,,True,,,,5706,,
226939,144477,,,1.0,silver_feedin,,True,,,,5522,,
226962,117618,,,1.0,silver_feedin,,True,,,,5304,,
226964,120944,,,1.0,silver_feedin,,True,,,,5727,,
226984,126145,,,1.0,silver_feedin,,True,,,,5620,,
226991,116336,,,1.0,silver_feedin,,True,,,,5324,,
227046,162529,,,1.0,silver_feedin,,True,,,,4333,,
227060,130175,,,1.0,silver_feedin,,True,,,,5504,,
227346,72559,,,1.0,silver_feedin,,True,,,,5105,,
227500,159958,,,1.0,silver_feedin,,True,,,,5620,,
227505,109193,,,1.0,silver_feedin,,True,,,,5237,,
227573,155877,,,1.0,silver_feedin,,True,,,,4325,,
227574,154845,,,1.0,silver_feedin,,True,,,,4325,,
227699,104932,,,1.0,silver_feedin,,True,,,,5074,,
227757,130893,,,1.0,silver_feedin,,True,,,,5225,,
227818,114639,,,1.0,silver_feedin,,True,,,,5504,,
227825,131271,,,1.0,silver_feedin,,True,,,,4316,,
227839,51142,,,1.0,silver_feedin,,True,,,,5745,,
228061,90302,,,1.0,silver_feedin,,True,,,,5452,,
228093,38428,,,1.0,silver_feedin,,True,,,,5105,,
228288,169073,,,1.0,silver_feedin,,True,,,,5322,,
228308,134547,,,1.0,silver_feedin,,True,,,,5707,,
228353,90126,,,1.0,silver_feedin,,True,,,,5332,,
228374,154762,,,1.0,silver_feedin,,True,,,,4313,,
228447,160438,,,1.0,silver_feedin,,True,,,,5106,,
228470,108934,,,1.0,silver_feedin,,True,,,,5225,,
228586,105101,,,1.0,silver_feedin,,True,,,,5522,,
228609,131300,,,1.0,silver_feedin,,True,,,,5107,,
228658,163792,,,1.0,silver_feedin,,True,,,,4312,,
228711,85103,,,1.0,silver_feedin,,True,,,,5733,,
228794,131877,,,1.0,silver_feedin,,True,,,,5607,,
228795,131878,,,1.0,silver_feedin,,True,,,,5607,,
228801,139660,,,1.0,silver_feedin,,True,,,,5225,,
228821,152748,,,1.0,silver_feedin,,True,,,,5745,,
228865,101513,,,1.0,silver_feedin,,True,,,,5225,,
229008,118153,,,1.0,silver_feedin,,True,,,,5506,,
229009,104788,,,1.0,silver_feedin,,True,,,,5506,,
229086,96994,,,1.0,silver_feedin,,True,,,,5313,,
229201,138393,,,1.0,silver_feedin,,True,,,,5105,,
229291,123434,,,1.0,silver_feedin,,True,,,,5313,,
229305,141010,,,1.0,silver_feedin,,True,,,,5607,,
229335,125792,,,1.0,silver_feedin,,True,,,,5027,,
229343,123260,,,1.0,silver_feedin,,True,,,,5505,,
229386,132056,,,1.0,silver_feedin,,True,,,,5235,,
229418,154662,,,1.0,silver_feedin,,True,,,,5506,,
229472,126211,,,1.0,silver_feedin,,True,,,,5027,,
229477,124352,,,1.0,silver_feedin,,True,,,,5726,,
229507,64147,,,1.0,silver_feedin,,True,,,,8962,,
229600,130562,,,1.0,silver_feedin,,True,,,,5107,,
229608,114068,,,1.0,silver_feedin,,True,,,,5506,,
229616,142513,,,1.0,silver_feedin,,True,,,,4324,,
229626,165390,,,1.0,silver_feedin,,True,,,,4813,,
229631,158855,,,1.0,silver_feedin,,True,,,,5707,,
229725,121377,,,1.0,silver_feedin,,True,,,,5330,,
229726,144381,,,1.0,silver_feedin,,True,,,,5607,,
229816,152774,,,1.0,silver_feedin,,True,,,,4313,,
229885,96568,,,1.0,silver_feedin,,True,,,,5745,,
230004,139871,,,1.0,silver_feedin,,True,,,,5426,,
230103,164370,,,1.0,silver_feedin,,True,,,,5105,,
230130,141738,,,1.0,silver_feedin,,True,,,,5726,,
230178,118595,,,1.0,silver_feedin,,True,,,,4310,,
230281,57554,,,1.0,silver_feedin,,True,,,,5619,,
230330,167007,,,1.0,silver_feedin,,True,,,,5615,,
230332,122600,,,1.0,silver_feedin,,True,,,,4303,,
230355,169665,,,1.0,silver_feedin,,True,,,,5425,,
230374,172274,,,1.0,silver_feedin,,True,,,,5425,,
230386,170622,,,1.0,silver_feedin,,True,,,,5425,,
230412,170625,,,1.0,silver_feedin,,True,,,,5425,,
230425,164737,,,1.0,silver_feedin,,True,,,,5425,,
230455,169301,,,1.0,silver_feedin,,True,,,,5425,,
230470,163548,,,1.0,silver_feedin,,True,,,,5425,,
230494,164741,,,1.0,silver_feedin,,True,,,,5425,,
230498,166413,,,1.0,silver_feedin,,True,,,,5425,,
230508,161462,,,1.0,silver_feedin,,True,,,,5425,,
230550,164740,,,1.0,silver_feedin,,True,,,,5425,,
230600,170624,,,1.0,silver_feedin,,True,,,,5425,,
230609,163253,,,1.0,silver_feedin,,True,,,,5425,,
230631,163890,,,1.0,silver_feedin,,True,,,,5425,,
230633,170641,,,1.0,silver_feedin,,True,,,,5425,,
230732,170685,,,1.0,silver_feedin,,True,,,,5425,,
230736,169673,,,1.0,silver_feedin,,True,,,,5425,,
230739,164970,,,1.0,silver_feedin,,True,,,,5425,,
230780,172288,,,1.0,silver_feedin,,True,,,,5425,,
230789,163892,,,1.0,silver_feedin,,True,,,,5425,,
230797,164738,,,1.0,silver_feedin,,True,,,,5425,,
230821,172287,,,1.0,silver_feedin,,True,,,,5425,,
230827,161463,,,1.0,silver_feedin,,True,,,,5425,,
230828,170626,,,1.0,silver_feedin,,True,,,,5425,,
230878,170620,,,1.0,silver_feedin,,True,,,,5425,,
230879,167081,,,1.0,silver_feedin,,True,,,,5425,,
230889,161461,,,1.0,silver_feedin,,True,,,,5425,,
230901,170602,,,1.0,silver_feedin,,True,,,,5425,,
230920,170601,,,1.0,silver_feedin,,True,,,,5425,,
230959,170683,,,1.0,silver_feedin,,True,,,,5425,,
230974,163252,,,1.0,silver_feedin,,True,,,,5425,,
230988,169670,,,1.0,silver_feedin,,True,,,,5425,,
231007,167076,,,1.0,silver_feedin,,True,,,,5425,,
231084,129585,,,1.0,silver_feedin,,True,,,,5105,,
231098,58978,,,1.0,silver_feedin,,True,,,,5106,,
231176,123382,,,1.0,silver_feedin,,True,,,,5027,,
231192,125670,,,1.0,silver_feedin,,True,,,,5105,,
231303,161240,,,1.0,silver_feedin,,True,,,,5724,,
231786,132521,,,1.0,silver_feedin,,True,,,,5727,,
231910,131934,,,1.0,silver_feedin,,True,,,,5467,,
231912,119234,,,1.0,silver_feedin,,True,,,,5106,,
231944,149533,,,1.0,silver_feedin,,True,,,,5707,,
231962,122124,,,1.0,silver_feedin,,True,,,,5452,,
231979,131836,,,1.0,silver_feedin,,True,,,,5027,,
232003,112220,,,1.0,silver_feedin,,True,,,,5106,,
232038,131802,,,1.0,silver_feedin,,True,,,,5733,,
232279,100239,,,1.0,silver_feedin,,True,,,,5622,,
232464,143447,,,1.0,silver_feedin,,True,,,,5620,,
232471,104105,,,1.0,silver_feedin,,True,,,,5078,,
232528,130937,,,1.0,silver_feedin,,True,,,,5027,,
232541,149166,,,1.0,silver_feedin,,True,,,,5707,,
232574,104106,,,1.0,silver_feedin,,True,,,,5078,,
232577,166439,,,1.0,silver_feedin,,True,,,,5425,,
232726,160536,,,1.0,silver_feedin,,True,,,,4312,,
232890,148215,,,1.0,silver_feedin,,True,,,,5607,,
232923,116786,,,1.0,silver_feedin,,True,,,,5443,,
232931,50227,,,1.0,silver_feedin,,True,,,,5745,,
232975,160495,,,1.0,silver_feedin,,True,,,,5312,,
233099,159020,,,1.0,silver_feedin,,True,,,,8962,,
233120,169070,,,1.0,silver_feedin,,True,,,,5322,,
233330,159980,,,1.0,silver_feedin,,True,,,,5075,,
233389,161276,,,1.0,silver_feedin,,True,,,,5324,,
233398,82803,,,1.0,silver_feedin,,True,,,,4310,,
233469,167788,,,1.0,silver_feedin,,True,,,,5724,,
233480,153104,,,1.0,silver_feedin,,True,,,,5724,,
233492,169612,,,1.0,silver_feedin,,True,,,,5724,,
233702,164613,,,1.0,silver_feedin,,True,,,,5724,,
233712,169605,,,1.0,silver_feedin,,True,,,,5724,,
233730,155204,,,1.0,silver_feedin,,True,,,,5724,,
233736,164610,,,1.0,silver_feedin,,True,,,,5724,,
233742,165695,,,1.0,silver_feedin,,True,,,,5724,,
233751,144500,,,1.0,silver_feedin,,True,,,,5724,,
233754,166519,,,1.0,silver_feedin,,True,,,,5724,,
233774,168681,,,1.0,silver_feedin,,True,,,,5724,,
233784,146787,,,1.0,silver_feedin,,True,,,,5724,,
233798,166735,,,1.0,silver_feedin,,True,,,,5724,,
233804,166730,,,1.0,silver_feedin,,True,,,,5724,,
233806,164611,,,1.0,silver_feedin,,True,,,,5724,,
233807,153106,,,1.0,silver_feedin,,True,,,,5724,,
233814,148033,,,1.0,silver_feedin,,True,,,,5724,,
233817,167273,,,1.0,silver_feedin,,True,,,,5724,,
233821,164608,,,1.0,silver_feedin,,True,,,,5724,,
233823,165719,,,1.0,silver_feedin,,True,,,,5724,,
233826,153105,,,1.0,silver_feedin,,True,,,,5724,,
233832,164616,,,1.0,silver_feedin,,True,,,,5724,,
233833,165214,,,1.0,silver_feedin,,True,,,,5724,,
233837,161238,,,1.0,silver_feedin,,True,,,,5724,,
233846,168330,,,1.0,silver_feedin,,True,,,,5724,,
233849,168395,,,1.0,silver_feedin,,True,,,,5724,,
233850,152722,,,1.0,silver_feedin,,True,,,,5724,,
233851,164614,,,1.0,silver_feedin,,True,,,,5724,,
233852,172178,,,1.0,silver_feedin,,True,,,,5724,,
233855,155203,,,1.0,silver_feedin,,True,,,,5724,,
233858,168680,,,1.0,silver_feedin,,True,,,,5724,,
233859,167787,,,1.0,silver_feedin,,True,,,,5724,,
233860,167543,,,1.0,silver_feedin,,True,,,,5724,,
233869,167883,,,1.0,silver_feedin,,True,,,,5724,,
233873,169503,,,1.0,silver_feedin,,True,,,,5724,,
233883,168672,,,1.0,silver_feedin,,True,,,,5724,,
233888,165577,,,1.0,silver_feedin,,True,,,,5724,,
233920,167257,,,1.0,silver_feedin,,True,,,,5724,,
233927,169726,,,1.0,silver_feedin,,True,,,,5724,,
233935,168558,,,1.0,silver_feedin,,True,,,,5724,,
233951,154313,,,1.0,silver_feedin,,True,,,,5724,,
233954,165678,,,1.0,silver_feedin,,True,,,,5724,,
233960,167267,,,1.0,silver_feedin,,True,,,,5724,,
233961,168002,,,1.0,silver_feedin,,True,,,,5724,,
233963,172177,,,1.0,silver_feedin,,True,,,,5724,,
233982,164612,,,1.0,silver_feedin,,True,,,,5724,,
233986,154155,,,1.0,silver_feedin,,True,,,,5724,,
233988,164609,,,1.0,silver_feedin,,True,,,,5724,,
234003,164615,,,1.0,silver_feedin,,True,,,,5724,,
234016,165704,,,1.0,silver_feedin,,True,,,,5724,,
234028,167262,,,1.0,silver_feedin,,True,,,,5724,,
234043,148032,,,1.0,silver_feedin,,True,,,,5724,,
234045,165709,,,1.0,silver_feedin,,True,,,,5724,,
234067,152723,,,1.0,silver_feedin,,True,,,,5724,,
234068,148031,,,1.0,silver_feedin,,True,,,,5724,,
234070,165127,,,1.0,silver_feedin,,True,,,,5724,,
234076,157580,,,1.0,silver_feedin,,True,,,,5724,,
234086,159407,,,1.0,silver_feedin,,True,,,,5724,,
234098,146786,,,1.0,silver_feedin,,True,,,,5724,,
234100,151609,,,1.0,silver_feedin,,True,,,,5724,,
234393,10428,,,1.0,silver_feedin,,True,,,,5046,,
234438,79409,,,1.0,silver_feedin,,True,,,,5330,,
234475,31261,,,1.0,silver_feedin,,True,,,,5313,,
234540,96694,,,1.0,silver_feedin,,True,,,,5727,,
234542,114191,,,1.0,silver_feedin,,True,,,,4313,,
234565,131333,,,1.0,silver_feedin,,True,,,,5707,,
234702,118831,,,1.0,silver_feedin,,True,,,,5070,,
234762,123513,,,1.0,silver_feedin,,True,,,,5105,,
234766,56804,,,1.0,silver_feedin,,True,,,,5113,,
234821,127617,,,1.0,silver_feedin,,True,,,,5607,,
234867,115638,,,1.0,silver_feedin,,True,,,,5443,,
234933,168547,,,1.0,silver_feedin,,True,,,,5105,,
234940,147354,,,1.0,silver_feedin,,True,,,,4813,,
234942,162135,,,1.0,silver_feedin,,True,,,,5314,,
234973,150187,,,1.0,silver_feedin,,True,,,,4313,,
234976,164190,,,1.0,silver_feedin,,True,,,,5615,,
235049,124505,,,1.0,silver_feedin,,True,,,,5027,,
235091,98500,,,1.0,silver_feedin,,True,,,,5225,,
235124,165291,,,1.0,silver_feedin,,True,,,,5615,,
235140,153116,,,1.0,silver_feedin,,True,,,,4303,,
235169,150080,,,1.0,silver_feedin,,True,,,,5078,,
235184,150069,,,1.0,silver_feedin,,True,,,,8962,,
235206,163528,,,1.0,silver_feedin,,True,,,,5504,,
235265,97466,,,1.0,silver_feedin,,True,,,,5522,,
235298,136847,,,1.0,silver_feedin,,True,,,,5607,,
235409,114660,,,1.0,silver_feedin,,True,,,,5522,,
235543,154701,,,1.0,silver_feedin,,True,,,,5107,,
235544,126643,,,1.0,silver_feedin,,True,,,,5027,,
235655,42101,,,1.0,silver_feedin,,True,,,,5105,,
235728,135915,,,1.0,silver_feedin,,True,,,,5316,,
235767,153257,,,1.0,silver_feedin,,True,,,,5725,,
235956,128100,,,1.0,silver_feedin,,True,,,,5620,,
235969,141693,,,1.0,silver_feedin,,True,,,,5745,,
236048,144285,,,1.0,silver_feedin,,True,,,,5707,,
236053,168393,,,1.0,silver_feedin,,True,,,,5724,,
236057,131423,,,1.0,silver_feedin,,True,,,,5504,,
236164,131074,,,1.0,silver_feedin,,True,,,,8967,,
236173,153304,,,1.0,silver_feedin,,True,,,,5614,,
236192,126313,,,1.0,silver_feedin,,True,,,,5504,,
236195,123393,,,1.0,silver_feedin,,True,,,,5504,,
236277,164176,,,1.0,silver_feedin,,True,,,,5445,,
236287,164166,,,1.0,silver_feedin,,True,,,,5445,,
236289,164162,,,1.0,silver_feedin,,True,,,,5445,,
236303,164159,,,1.0,silver_feedin,,True,,,,5445,,
236332,160511,,,1.0,silver_feedin,,True,,,,5445,,
236351,161649,,,1.0,silver_feedin,,True,,,,5445,,
236415,163039,,,1.0,silver_feedin,,True,,,,5445,,
236418,164171,,,1.0,silver_feedin,,True,,,,5445,,
236445,164160,,,1.0,silver_feedin,,True,,,,5445,,
236454,162397,,,1.0,silver_feedin,,True,,,,5445,,
236459,161648,,,1.0,silver_feedin,,True,,,,5445,,
236464,164174,,,1.0,silver_feedin,,True,,,,5445,,
236465,164157,,,1.0,silver_feedin,,True,,,,5445,,
236500,164630,,,1.0,silver_feedin,,True,,,,5445,,
236513,164633,,,1.0,silver_feedin,,True,,,,5445,,
236521,155225,,,1.0,silver_feedin,,True,,,,5445,,
236533,164161,,,1.0,silver_feedin,,True,,,,5445,,
236536,164168,,,1.0,silver_feedin,,True,,,,5445,,
236547,164629,,,1.0,silver_feedin,,True,,,,5445,,
236558,160853,,,1.0,silver_feedin,,True,,,,5445,,
236566,164169,,,1.0,silver_feedin,,True,,,,5445,,
236579,164388,,,1.0,silver_feedin,,True,,,,5445,,
236580,165732,,,1.0,silver_feedin,,True,,,,5445,,
236582,164167,,,1.0,silver_feedin,,True,,,,5445,,
236584,164175,,,1.0,silver_feedin,,True,,,,5445,,
236593,164163,,,1.0,silver_feedin,,True,,,,5445,,
236602,164156,,,1.0,silver_feedin,,True,,,,5445,,
236616,170424,,,1.0,silver_feedin,,True,,,,5445,,
236632,164172,,,1.0,silver_feedin,,True,,,,5445,,
236635,164173,,,1.0,silver_feedin,,True,,,,5445,,
236638,166754,,,1.0,silver_feedin,,True,,,,5445,,
236644,164170,,,1.0,silver_feedin,,True,,,,5445,,
236647,164631,,,1.0,silver_feedin,,True,,,,5445,,
236648,164165,,,1.0,silver_feedin,,True,,,,5445,,
236664,170427,,,1.0,silver_feedin,,True,,,,5445,,
236665,161250,,,1.0,silver_feedin,,True,,,,5445,,
236675,162846,,,1.0,silver_feedin,,True,,,,5445,,
236696,161249,,,1.0,silver_feedin,,True,,,,5445,,
236886,143462,,,1.0,silver_feedin,,True,,,,5607,,
236898,137713,,,1.0,silver_feedin,,True,,,,5313,,
237096,161359,,,1.0,silver_feedin,,True,,,,4312,,
237107,158931,,,1.0,silver_feedin,,True,,,,5076,,
237204,138201,,,1.0,silver_feedin,,True,,,,5443,,
237323,66203,,,1.0,silver_feedin,,True,,,,5105,,
237503,142481,,,1.0,silver_feedin,,True,,,,5027,,
237600,170408,,,1.0,silver_feedin,,True,,,,5724,,
237662,27229,,,1.0,silver_feedin,,True,,,,5113,,
237762,125534,,,1.0,silver_feedin,,True,,,,5506,,
237783,139652,,,1.0,silver_feedin,,True,,,,4813,,
237833,123398,,,1.0,silver_feedin,,True,,,,5622,,
237836,123397,,,1.0,silver_feedin,,True,,,,5622,,
237838,155088,,,1.0,silver_feedin,,True,,,,5619,,
237848,141980,,,1.0,silver_feedin,,True,,,,4805,,
237904,107947,,,1.0,silver_feedin,,True,,,,5506,,
238082,161053,,,1.0,silver_feedin,,True,,,,5607,,
238086,170409,,,1.0,silver_feedin,,True,,,,5724,,
238087,170410,,,1.0,silver_feedin,,True,,,,5724,,
238088,170411,,,1.0,silver_feedin,,True,,,,5724,,
238090,155191,,,1.0,silver_feedin,,True,,,,5724,,
238100,96815,,,1.0,silver_feedin,,True,,,,5733,,
238123,92906,,,1.0,silver_feedin,,True,,,,5726,,
238124,134850,,,1.0,silver_feedin,,True,,,,5306,,
238224,147890,,,1.0,silver_feedin,,True,,,,5617,,
238273,153018,,,1.0,silver_feedin,,True,,,,5332,,
238324,159096,,,1.0,silver_feedin,,True,,,,4312,,
238325,148321,,,1.0,silver_feedin,,True,,,,5072,,
238377,168336,,,1.0,silver_feedin,,True,,,,5306,,
238491,151534,,,1.0,silver_feedin,,True,,,,5426,,
238509,158923,,,1.0,silver_feedin,,True,,,,5306,,
238629,65517,,,1.0,silver_feedin,,True,,,,5467,,
238700,63768,,,1.0,silver_feedin,,True,,,,4310,,
238718,162068,,,1.0,silver_feedin,,True,,,,4324,,
238848,120330,,,1.0,silver_feedin,,True,,,,5105,,
238856,11928,,,1.0,silver_feedin,,True,,,,5044,,
238898,142723,,,1.0,silver_feedin,,True,,,,5076,,
238936,118682,,,1.0,silver_feedin,,True,,,,5443,,
238941,122629,,,1.0,silver_feedin,,True,,,,5235,,
238953,156422,,,1.0,silver_feedin,,True,,,,5075,,
239054,126274,,,1.0,silver_feedin,,True,,,,4313,,
239077,153252,,,1.0,silver_feedin,,True,,,,5707,,
239272,141575,,,1.0,silver_feedin,,True,,,,5605,,
239355,153245,,,1.0,silver_feedin,,True,,,,5304,,
239481,107957,,,1.0,silver_feedin,,True,,,,5745,,
239491,151094,,,1.0,silver_feedin,,True,,,,5727,,
239555,165337,,,1.0,silver_feedin,,True,,,,4313,,
239558,147259,,,1.0,silver_feedin,,True,,,,5074,,
239559,63000,,,1.0,silver_feedin,,True,,,,5443,,
239561,121147,,,1.0,silver_feedin,,True,,,,5727,,
239581,131639,,,1.0,silver_feedin,,True,,,,4813,,
240000,144418,,,1.0,silver_feedin,,True,,,,4325,,
240038,95292,,,1.0,silver_feedin,,True,,,,5706,,
240064,37943,,,1.0,silver_feedin,,True,,,,5330,,
240085,151472,,,1.0,silver_feedin,,True,,,,5027,,
240117,92273,,,1.0,silver_feedin,,True,,,,5426,,
240159,135680,,,1.0,silver_feedin,,True,,,,5272,,
240222,153217,,,1.0,silver_feedin,,True,,,,5314,,
240402,148443,,,1.0,silver_feedin,,True,,,,4310,,
240407,107590,,,1.0,silver_feedin,,True,,,,5622,,
240419,165296,,,1.0,silver_feedin,,True,,,,4317,,
240441,170817,,,1.0,silver_feedin,,True,,,,4315,,
240499,159071,,,1.0,silver_feedin,,True,,,,4332,,
240525,165325,,,1.0,silver_feedin,,True,,,,4317,,
240548,162641,,,1.0,silver_feedin,,True,,,,5707,,
240625,163523,,,1.0,silver_feedin,,True,,,,4322,,
240709,152703,,,1.0,silver_feedin,,True,,,,5443,,
240721,71375,,,1.0,silver_feedin,,True,,,,4805,,
240722,95135,,,1.0,silver_feedin,,True,,,,5313,,
240783,105956,,,1.0,silver_feedin,,True,,,,5313,,
240938,160726,,,1.0,silver_feedin,,True,,,,5072,,
241024,138727,,,1.0,silver_feedin,,True,,,,5620,,
241097,40659,,,1.0,silver_feedin,,True,,,,5330,,
241132,157877,,,1.0,silver_feedin,,True,,,,5244,,
241153,164196,,,1.0,silver_feedin,,True,,,,5615,,
241164,157643,,,1.0,silver_feedin,,True,,,,5504,,
241209,135696,,,1.0,silver_feedin,,True,,,,5607,,
241324,76740,,,1.0,silver_feedin,,True,,,,5313,,
241343,39953,,,1.0,silver_feedin,,True,,,,5619,,
241354,161366,,,1.0,silver_feedin,,True,,,,5237,,
241379,167010,,,1.0,silver_feedin,,True,,,,5615,,
241479,153249,,,1.0,silver_feedin,,True,,,,4310,,
241607,136586,,,1.0,silver_feedin,,True,,,,5452,,
241751,158916,,,1.0,silver_feedin,,True,,,,5312,,
241850,152044,,,1.0,silver_feedin,,True,,,,4313,,
241858,92994,,,1.0,silver_feedin,,True,,,,5426,,
241933,134855,,,1.0,silver_feedin,,True,,,,4317,,
242017,172179,,,1.0,silver_feedin,,True,,,,5724,,
242032,150046,,,1.0,silver_feedin,,True,,,,5106,,
242055,159337,,,1.0,silver_feedin,,True,,,,4310,,
242064,149112,,,1.0,silver_feedin,,True,,,,5443,,
242089,161219,,,1.0,silver_feedin,,True,,,,4303,,
242203,157907,,,1.0,silver_feedin,,True,,,,5312,,
242266,142283,,,1.0,silver_feedin,,True,,,,5725,,
242279,95564,,,1.0,silver_feedin,,True,,,,4310,,
242326,150242,,,1.0,silver_feedin,,True,,,,4813,,
242354,120771,,,1.0,silver_feedin,,True,,,,5074,,
242384,67355,,,1.0,silver_feedin,,True,,,,5467,,
242463,150878,,,1.0,silver_feedin,,True,,,,5312,,
242465,153305,,,1.0,silver_feedin,,True,,,,5330,,
242466,164085,,,1.0,silver_feedin,,True,,,,5107,,
242508,54268,,,1.0,silver_feedin,,True,,,,5452,,
242534,131216,,,1.0,silver_feedin,,True,,,,5225,,
242547,124550,,,1.0,silver_feedin,,True,,,,5076,,
242548,60223,,,1.0,silver_feedin,,True,,,,5330,,
242550,158202,,,1.0,silver_feedin,,True,,,,5070,,
242597,50989,,,1.0,silver_feedin,,True,,,,5452,,
242647,90919,,,1.0,silver_feedin,,True,,,,8962,,
242649,121340,,,1.0,silver_feedin,,True,,,,5324,,
242787,93608,,,1.0,silver_feedin,,True,,,,5706,,
242815,65063,,,1.0,silver_feedin,,True,,,,8962,,
242828,150132,,,1.0,silver_feedin,,True,,,,4332,,
242917,158102,,,1.0,silver_feedin,,True,,,,4325,,
243016,76734,,,1.0,silver_feedin,,True,,,,5105,,
243055,152089,,,1.0,silver_feedin,,True,,,,5074,,
243097,161407,,,1.0,silver_feedin,,True,,,,5443,,
243185,88213,,,1.0,silver_feedin,,True,,,,5426,,
243291,90820,,,1.0,silver_feedin,,True,,,,5074,,
243356,66262,,,1.0,silver_feedin,,True,,,,5726,,
243563,169279,,,1.0,silver_feedin,,True,,,,5315,,
243681,168998,,,1.0,silver_feedin,,True,,,,5315,,
243689,166692,,,1.0,silver_feedin,,True,,,,5315,,
243720,168549,,,1.0,silver_feedin,,True,,,,5315,,
243734,167240,,,1.0,silver_feedin,,True,,,,5315,,
243753,168999,,,1.0,silver_feedin,,True,,,,5315,,
243755,168837,,,1.0,silver_feedin,,True,,,,5315,,
243757,169313,,,1.0,silver_feedin,,True,,,,5315,,
243797,168668,,,1.0,silver_feedin,,True,,,,5315,,
243800,169003,,,1.0,silver_feedin,,True,,,,5315,,
243920,95404,,,1.0,silver_feedin,,True,,,,5304,,
243929,63390,,,1.0,silver_feedin,,True,,,,8953,,
244005,84236,,,1.0,silver_feedin,,True,,,,4310,,
244225,131283,,,1.0,silver_feedin,,True,,,,5725,,
244400,125465,,,1.0,silver_feedin,,True,,,,5235,,
244403,123425,,,1.0,silver_feedin,,True,,,,5426,,
244419,160497,,,1.0,silver_feedin,,True,,,,5313,,
244424,130112,,,1.0,silver_feedin,,True,,,,8962,,
244535,153453,,,1.0,silver_feedin,,True,,,,4310,,
244562,32350,,,1.0,silver_feedin,,True,,,,5113,,
244573,168331,,,1.0,silver_feedin,,True,,,,5070,,
244582,148469,,,1.0,silver_feedin,,True,,,,8962,,
244679,131636,,,1.0,silver_feedin,,True,,,,5707,,
244927,133535,,,1.0,silver_feedin,,True,,,,4813,,
244979,70031,,,1.0,silver_feedin,,True,,,,5745,,
245106,124455,,,1.0,silver_feedin,,True,,,,5707,,
245145,8115,,,1.0,silver_feedin,,True,,,,4805,,
245148,56944,,,1.0,silver_feedin,,True,,,,5105,,
245151,109811,,,1.0,silver_feedin,,True,,,,5622,,
245160,9236,,,1.0,silver_feedin,,True,,,,5046,,
245414,106908,,,1.0,silver_feedin,,True,,,,5745,,
245552,157646,,,1.0,silver_feedin,,True,,,,4310,,
245554,157645,,,1.0,silver_feedin,,True,,,,4310,,
245555,134998,,,1.0,silver_feedin,,True,,,,5464,,
245556,157644,,,1.0,silver_feedin,,True,,,,4310,,
245583,159100,,,1.0,silver_feedin,,True,,,,5504,,
245698,148471,,,1.0,silver_feedin,,True,,,,8962,,
245781,169468,,,1.0,silver_feedin,,True,,,,4310,,
245829,114980,,,1.0,silver_feedin,,True,,,,5506,,
245842,162619,,,1.0,silver_feedin,,True,,,,5605,,
246747,159985,,,1.0,silver_feedin,,True,,,,4312,,
246759,164207,,,1.0,silver_feedin,,True,,,,5313,,
246810,158579,,,1.0,silver_feedin,,True,,,,5426,,
246873,159183,,,1.0,silver_feedin,,True,,,,5330,,
246931,161425,,,1.0,silver_feedin,,True,,,,4310,,
246947,160701,,,1.0,silver_feedin,,True,,,,5107,,
247059,40379,,,1.0,silver_feedin,,True,,,,4310,,
247166,170540,,,1.0,silver_feedin,,True,,,,5616,,
247303,163670,,,1.0,silver_feedin,,True,,,,5605,,
247312,115791,,,1.0,silver_feedin,,True,,,,5504,,
247313,90848,,,1.0,silver_feedin,,True,,,,5608,,
247314,107576,,,1.0,silver_feedin,,True,,,,5622,,
247321,161364,,,1.0,silver_feedin,,True,,,,4313,,
247322,90920,,,1.0,silver_feedin,,True,,,,8962,,
247403,104340,,,1.0,silver_feedin,,True,,,,8962,,
247540,164914,,,1.0,silver_feedin,,True,,,,5745,,
247586,163885,,,1.0,silver_feedin,,True,,,,5614,,
247697,95383,,,1.0,silver_feedin,,True,,,,5304,,
247756,89974,,,1.0,silver_feedin,,True,,,,5074,,
247775,153433,,,1.0,silver_feedin,,True,,,,5443,,
247956,94859,,,1.0,silver_feedin,,True,,,,5304,,
248010,64484,,,1.0,silver_feedin,,True,,,,8962,,
248055,146493,,,1.0,silver_feedin,,True,,,,5076,,
248108,84235,,,1.0,silver_feedin,,True,,,,4310,,
248235,144648,,,1.0,silver_feedin,,True,,,,5316,,
248357,66499,,,1.0,silver_feedin,,True,,,,8962,,
248527,155804,,,1.0,silver_feedin,,True,,,,4313,,
248546,28575,,,1.0,silver_feedin,,True,,,,5726,,
248720,120029,,,1.0,silver_feedin,,True,,,,5076,,
551025,117524,,,1.0,silver_feedin,,True,,,,5306,,
551140,147111,,,1.0,silver_feedin,,True,,,,4313,,
551187,48941,,,1.0,silver_feedin,,True,,,,5105,,
551248,159991,,,1.0,silver_feedin,,True,,,,4322,,
551375,153112,,,1.0,silver_feedin,,True,,,,4316,,
551379,144066,,,1.0,silver_feedin,,True,,,,5312,,
551491,37298,,,1.0,silver_feedin,,True,,,,5745,,
551665,159097,,,1.0,silver_feedin,,True,,,,4333,,
551685,104720,,,1.0,silver_feedin,,True,,,,5237,,
551727,96078,,,1.0,silver_feedin,,True,,,,4805,,
551832,115930,,,1.0,silver_feedin,,True,,,,5504,,
551842,159979,,,1.0,silver_feedin,,True,,,,5075,,
551881,136019,,,1.0,silver_feedin,,True,,,,5745,,
551892,131930,,,1.0,silver_feedin,,True,,,,5105,,
552016,128188,,,1.0,silver_feedin,,True,,,,5504,,
552049,131768,,,1.0,silver_feedin,,True,,,,5443,,
552092,166582,,,1.0,silver_feedin,,True,,,,4312,,
552095,168093,,,1.0,silver_feedin,,True,,,,5322,,
552126,170553,,,1.0,silver_feedin,,True,,,,4313,,
552253,60404,,,1.0,silver_feedin,,True,,,,5443,,
552264,93822,,,1.0,silver_feedin,,True,,,,5706,,
552281,110141,,,1.0,silver_feedin,,True,,,,8962,,
552387,118833,,,1.0,silver_feedin,,True,,,,5600,,
552432,136594,,,1.0,silver_feedin,,True,,,,5608,,
552487,153158,,,1.0,silver_feedin,,True,,,,4325,,
552525,96692,,,1.0,silver_feedin,,True,,,,5706,,
552595,162466,,,1.0,silver_feedin,,True,,,,4312,,
552691,73026,,,1.0,silver_feedin,,True,,,,5443,,
552707,60807,,,1.0,silver_feedin,,True,,,,8962,,
552770,156882,,,1.0,silver_feedin,,True,,,,4313,,
552771,84589,,,1.0,silver_feedin,,True,,,,5505,,
552782,152177,,,1.0,silver_feedin,,True,,,,5106,,
552835,99550,,,1.0,silver_feedin,,True,,,,5078,,
552866,101861,,,1.0,silver_feedin,,True,,,,5304,,
552904,55598,,,1.0,silver_feedin,,True,,,,5726,,
552948,107567,,,1.0,silver_feedin,,True,,,,5504,,
552978,153097,,,1.0,silver_feedin,,True,,,,5076,,
553021,98582,,,1.0,silver_feedin,,True,,,,5078,,
553022,135920,,,1.0,silver_feedin,,True,,,,5707,,
553043,56417,,,1.0,silver_feedin,,True,,,,5330,,
553075,107575,,,1.0,silver_feedin,,True,,,,5622,,
553124,128068,,,1.0,silver_feedin,,True,,,,4310,,
553131,134219,,,1.0,silver_feedin,,True,,,,4313,,
553157,47200,,,1.0,silver_feedin,,True,,,,5443,,
553180,121291,,,1.0,silver_feedin,,True,,,,5617,,
553184,156795,,,1.0,silver_feedin,,True,,,,5312,,
553218,127627,,,1.0,silver_feedin,,True,,,,4317,,
553283,30564,,,1.0,silver_feedin,,True,,,,5072,,
553376,130892,,,1.0,silver_feedin,,True,,,,8962,,
553391,115935,,,1.0,silver_feedin,,True,,,,5504,,
553411,142544,,,1.0,silver_feedin,,True,,,,5445,,
553423,107552,,,1.0,silver_feedin,,True,,,,5078,,
553450,170826,,,1.0,silver_feedin,,True,,,,5614,,
553467,147145,,,1.0,silver_feedin,,True,,,,5707,,
553553,149916,,,1.0,silver_feedin,,True,,,,5707,,
553605,57344,,,1.0,silver_feedin,,True,,,,5727,,
553620,75130,,,1.0,silver_feedin,,True,,,,5074,,
553627,157530,,,1.0,silver_feedin,,True,,,,5522,,
553709,92158,,,1.0,silver_feedin,,True,,,,5304,,
553856,151618,,,1.0,silver_feedin,,True,,,,5600,,
553895,163903,,,1.0,silver_feedin,,True,,,,4312,,
553920,144187,,,1.0,silver_feedin,,True,,,,5107,,
554015,157875,,,1.0,silver_feedin,,True,,,,5105,,
554055,115367,,,1.0,silver_feedin,,True,,,,5733,,
554056,108957,,,1.0,silver_feedin,,True,,,,5075,,
554153,127685,,,1.0,silver_feedin,,True,,,,5607,,
554157,156870,,,1.0,silver_feedin,,True,,,,5113,,
554159,153279,,,1.0,silver_feedin,,True,,,,4303,,
554205,160033,,,1.0,silver_feedin,,True,,,,5622,,
554227,159372,,,1.0,silver_feedin,,True,,,,5614,,
554365,114734,,,1.0,silver_feedin,,True,,,,4322,,
554393,160829,,,1.0,silver_feedin,,True,,,,4312,,
554454,164104,,,1.0,silver_feedin,,True,,,,5605,,
554560,155253,,,1.0,silver_feedin,,True,,,,5607,,
554660,153454,,,1.0,silver_feedin,,True,,,,4325,,
554673,165131,,,1.0,silver_feedin,,True,,,,5312,,
554688,125652,,,1.0,silver_feedin,,True,,,,4303,,
554715,141986,,,1.0,silver_feedin,,True,,,,4317,,
554725,169687,,,1.0,silver_feedin,,True,,,,4313,,
554774,156877,,,1.0,silver_feedin,,True,,,,4313,,
554855,130662,,,1.0,silver_feedin,,True,,,,5505,,
554860,29121,,,1.0,silver_feedin,,True,,,,5113,,
554950,163713,,,1.0,silver_feedin,,True,,,,5070,,
555013,150188,,,1.0,silver_feedin,,True,,,,4313,,
555093,83489,,,1.0,silver_feedin,,True,,,,5467,,
555115,150190,,,1.0,silver_feedin,,True,,,,4313,,
555155,131258,,,1.0,silver_feedin,,True,,,,5607,,
555165,150192,,,1.0,silver_feedin,,True,,,,4313,,
555166,108840,,,1.0,silver_feedin,,True,,,,8962,,
555275,125717,,,1.0,silver_feedin,,True,,,,5607,,
555389,153456,,,1.0,silver_feedin,,True,,,,5522,,
555501,96076,,,1.0,silver_feedin,,True,,,,5105,,
555532,65523,,,1.0,silver_feedin,,True,,,,8962,,
555536,161171,,,1.0,silver_feedin,,True,,,,4315,,
555562,94768,,,1.0,silver_feedin,,True,,,,5426,,
555569,65141,,,1.0,silver_feedin,,True,,,,5464,,
555659,51003,,,1.0,silver_feedin,,True,,,,5443,,
555732,83894,,,1.0,silver_feedin,,True,,,,5452,,
555778,103497,,,1.0,silver_feedin,,True,,,,5225,,
555797,119233,,,1.0,silver_feedin,,True,,,,5306,,
555822,156849,,,1.0,silver_feedin,,True,,,,4324,,
555837,130230,,,1.0,silver_feedin,,True,,,,5620,,
555868,117619,,,1.0,silver_feedin,,True,,,,5075,,
555910,122251,,,1.0,silver_feedin,,True,,,,4322,,
555958,153144,,,1.0,silver_feedin,,True,,,,5107,,
555991,161145,,,1.0,silver_feedin,,True,,,,4323,,
556006,61203,,,1.0,silver_feedin,,True,,,,5106,,
556097,60684,,,1.0,silver_feedin,,True,,,,4310,,
556157,144615,,,1.0,silver_feedin,,True,,,,5107,,
556186,84935,,,1.0,silver_feedin,,True,,,,5505,,
556193,142471,,,1.0,silver_feedin,,True,,,,5620,,
556194,59111,,,1.0,silver_feedin,,True,,,,5745,,
556271,79790,,,1.0,silver_feedin,,True,,,,5244,,
556285,99440,,,1.0,silver_feedin,,True,,,,5745,,
556348,156869,,,1.0,silver_feedin,,True,,,,5027,,
556371,131933,,,1.0,silver_feedin,,True,,,,5074,,
556390,150690,,,1.0,silver_feedin,,True,,,,5707,,
556668,112705,,,1.0,silver_feedin,,True,,,,5301,,
556724,166626,,,1.0,silver_feedin,,True,,,,5312,,
556759,143464,,,1.0,silver_feedin,,True,,,,5607,,
556790,96647,,,1.0,silver_feedin,,True,,,,4468,,
566865,37323,,,1.0,silver_feedin,,True,,,,5745,,
566945,98601,,,1.0,silver_feedin,,True,,,,5625,,
566996,49722,,,1.0,silver_feedin,,True,,,,5745,,
567031,153012,,,1.0,silver_feedin,,True,,,,4325,,
567069,28665,,,1.0,silver_feedin,,True,,,,5113,,
567073,158582,,,1.0,silver_feedin,,True,,,,4325,,
567142,153163,,,1.0,silver_feedin,,True,,,,5707,,
567349,108724,,,1.0,silver_feedin,,True,,,,5072,,
567356,58677,,,1.0,silver_feedin,,True,,,,5600,,
567360,145293,,,1.0,silver_feedin,,True,,,,5620,,
567374,106944,,,1.0,silver_feedin,,True,,,,5745,,
567378,171425,,,1.0,silver_feedin,,True,,,,5605,,
567380,106913,,,1.0,silver_feedin,,True,,,,5745,,
567389,165815,,,1.0,silver_feedin,,True,,,,5070,,
567401,153262,,,1.0,silver_feedin,,True,,,,4325,,
567411,107352,,,1.0,silver_feedin,,True,,,,5617,,
567451,169539,,,1.0,silver_feedin,,True,,,,5604,,
567555,71412,,,1.0,silver_feedin,,True,,,,5726,,
567576,154154,,,1.0,silver_feedin,,True,,,,5312,,
567579,147757,,,1.0,silver_feedin,,True,,,,5607,,
567693,147334,,,1.0,silver_feedin,,True,,,,5620,,
567789,63011,,,1.0,silver_feedin,,True,,,,5745,,
567909,150378,,,1.0,silver_feedin,,True,,,,5314,,
567987,114040,,,1.0,silver_feedin,,True,,,,5324,,
567991,72062,,,1.0,silver_feedin,,True,,,,4805,,
568007,150876,,,1.0,silver_feedin,,True,,,,5312,,
568389,101431,,,1.0,silver_feedin,,True,,,,5600,,
568398,150665,,,1.0,silver_feedin,,True,,,,5620,,
568581,154234,,,1.0,silver_feedin,,True,,,,4313,,
568605,49147,,,1.0,silver_feedin,,True,,,,5105,,
568613,120136,,,1.0,silver_feedin,,True,,,,4322,,
568667,117157,,,1.0,silver_feedin,,True,,,,5505,,
568779,91814,,,1.0,silver_feedin,,True,,,,5072,,
568843,128737,,,1.0,silver_feedin,,True,,,,5108,,
569028,164315,,,1.0,silver_feedin,,True,,,,5605,,
569089,79421,,,1.0,silver_feedin,,True,,,,5106,,
569156,90667,,,1.0,silver_feedin,,True,,,,5426,,
569294,147333,,,1.0,silver_feedin,,True,,,,5620,,
569420,98580,,,1.0,silver_feedin,,True,,,,5330,,
569895,153103,,,1.0,silver_feedin,,True,,,,5620,,
570095,128613,,,1.0,silver_feedin,,True,,,,5620,,
570183,96061,,,1.0,silver_feedin,,True,,,,5304,,
570206,161650,,,1.0,silver_feedin,,True,,,,5074,,
570304,154185,,,1.0,silver_feedin,,True,,,,4325,,
570319,79597,,,1.0,silver_feedin,,True,,,,5072,,
570404,144727,,,1.0,silver_feedin,,True,,,,5607,,
570586,130232,,,1.0,silver_feedin,,True,,,,5620,,
570827,160831,,,1.0,silver_feedin,,True,,,,4315,,
570855,131265,,,1.0,silver_feedin,,True,,,,5607,,
571468,159477,,,1.0,silver_feedin,,True,,,,4333,,
571479,155113,,,1.0,silver_feedin,,True,,,,5620,,
571539,121102,,,1.0,silver_feedin,,True,,,,5745,,
571547,161878,,,1.0,silver_feedin,,True,,,,4333,,
571590,142486,,,1.0,silver_feedin,,True,,,,5316,,
571696,158015,,,1.0,silver_feedin,,True,,,,5072,,
571719,163854,,,1.0,silver_feedin,,True,,,,4333,,
571861,154582,,,1.0,silver_feedin,,True,,,,5070,,
572011,160477,,,1.0,silver_feedin,,True,,,,4315,,
572058,107565,,,1.0,silver_feedin,,True,,,,4322,,
573836,126176,,,1.0,silver_feedin,,True,,,,5312,,
574422,170364,,,1.0,silver_feedin,,True,,,,5605,,
574517,138576,,,1.0,silver_feedin,,True,,,,5707,,
574701,114874,,,1.0,silver_feedin,,True,,,,5522,,
574870,161859,,,1.0,silver_feedin,,True,,,,4312,,
574954,132769,,,1.0,silver_feedin,,True,,,,5504,,
575024,153269,,,1.0,silver_feedin,,True,,,,5622,,
575357,103256,,,1.0,silver_feedin,,True,,,,5622,,
575605,97601,,,1.0,silver_feedin,,True,,,,5745,,
575665,87551,,,1.0,silver_feedin,,True,,,,5706,,
576511,99150,,,1.0,silver_feedin,,True,,,,5622,,
576515,97770,,,1.0,silver_feedin,,True,,,,5225,,
576567,90671,,,1.0,silver_feedin,,True,,,,5452,,
576721,162863,,,1.0,silver_feedin,,True,,,,5070,,
576811,121302,,,1.0,silver_feedin,,True,,,,5504,,
576912,60486,,,1.0,silver_feedin,,True,,,,5745,,
577030,157554,,,1.0,silver_feedin,,True,,,,5706,,
577036,168966,,,1.0,silver_feedin,,True,,,,5322,,
577037,169062,,,1.0,silver_feedin,,True,,,,5322,,
577038,168967,,,1.0,silver_feedin,,True,,,,5322,,
577225,72561,,,1.0,silver_feedin,,True,,,,8962,,
577268,141987,,,1.0,silver_feedin,,True,,,,4317,,
577282,124942,,,1.0,silver_feedin,,True,,,,5027,,
577337,117256,,,1.0,silver_feedin,,True,,,,5426,,
577526,50103,,,1.0,silver_feedin,,True,,,,5443,,
577545,116784,,,1.0,silver_feedin,,True,,,,5106,,
577576,161476,,,1.0,silver_feedin,,True,,,,4323,,
577606,108944,,,1.0,silver_feedin,,True,,,,5312,,
577679,144652,,,1.0,silver_feedin,,True,,,,5608,,
577680,142483,,,1.0,silver_feedin,,True,,,,5314,,
577683,159171,,,1.0,silver_feedin,,True,,,,4322,,
577701,84488,,,1.0,silver_feedin,,True,,,,5244,,
577774,143520,,,1.0,silver_feedin,,True,,,,5726,,
577775,54856,,,1.0,silver_feedin,,True,,,,5313,,
577951,125297,,,1.0,silver_feedin,,True,,,,4310,,
578151,100429,,,1.0,silver_feedin,,True,,,,5706,,
578182,134489,,,1.0,silver_feedin,,True,,,,4303,,
578247,101415,,,1.0,silver_feedin,,True,,,,8962,,
578301,101611,,,1.0,silver_feedin,,True,,,,5225,,
578394,120572,,,1.0,silver_feedin,,True,,,,5506,,
578512,49882,,,1.0,silver_feedin,,True,,,,5105,,
578545,102373,,,1.0,silver_feedin,,True,,,,5078,,
578769,64696,,,1.0,silver_feedin,,True,,,,5105,,
578774,105433,,,1.0,silver_feedin,,True,,,,5113,,
578812,159004,,,1.0,silver_feedin,,True,,,,5504,,
579023,147755,,,1.0,silver_feedin,,True,,,,5620,,
579104,84177,,,1.0,silver_feedin,,True,,,,5313,,
579259,56948,,,1.0,silver_feedin,,True,,,,5113,,
579335,86128,,,1.0,silver_feedin,,True,,,,5505,,
579407,69044,,,1.0,silver_feedin,,True,,,,5467,,
579476,120570,,,1.0,silver_feedin,,True,,,,5506,,
579590,167712,,,1.0,silver_feedin,,True,,,,5236,,
579619,139821,,,1.0,silver_feedin,,True,,,,5607,,
579649,46923,,,1.0,silver_feedin,,True,,,,5105,,
579728,59100,,,1.0,silver_feedin,,True,,,,5313,,
579859,152811,,,1.0,silver_feedin,,True,,,,5107,,
579958,116002,,,1.0,silver_feedin,,True,,,,5622,,
579965,44518,,,1.0,silver_feedin,,True,,,,5619,,
580161,137267,,,1.0,silver_feedin,,True,,,,5306,,
580222,147110,,,1.0,silver_feedin,,True,,,,4313,,
580539,150241,,,1.0,silver_feedin,,True,,,,4813,,
580558,141138,,,1.0,silver_feedin,,True,,,,5707,,
580566,127682,,,1.0,silver_feedin,,True,,,,5620,,
580595,163015,,,1.0,silver_feedin,,True,,,,5605,,
580694,123385,,,1.0,silver_feedin,,True,,,,5072,,
581420,106078,,,1.0,silver_feedin,,True,,,,5305,,
581427,130668,,,1.0,silver_feedin,,True,,,,5108,,
581544,77236,,,1.0,silver_feedin,,True,,,,5452,,
581745,153148,,,1.0,silver_feedin,,True,,,,5107,,
581786,138772,,,1.0,silver_feedin,,True,,,,4303,,
581787,121132,,,1.0,silver_feedin,,True,,,,5506,,
581839,68964,,,1.0,silver_feedin,,True,,,,5452,,
581885,44517,,,1.0,silver_feedin,,True,,,,5619,,
581886,120314,,,1.0,silver_feedin,,True,,,,5608,,
582000,111909,,,1.0,silver_feedin,,True,,,,8962,,
582043,54834,,,1.0,silver_feedin,,True,,,,5726,,
582060,139930,,,1.0,silver_feedin,,True,,,,4313,,
582096,137439,,,1.0,silver_feedin,,True,,,,5622,,
582097,137438,,,1.0,silver_feedin,,True,,,,5622,,
582244,144744,,,1.0,silver_feedin,,True,,,,5027,,
582624,164090,,,1.0,silver_feedin,,True,,,,5306,,
582953,152055,,,1.0,silver_feedin,,True,,,,5706,,
582989,153281,,,1.0,silver_feedin,,True,,,,4313,,
582999,88005,,,1.0,silver_feedin,,True,,,,5304,,
583150,131163,,,1.0,silver_feedin,,True,,,,5107,,
583335,157706,,,1.0,silver_feedin,,True,,,,5312,,
583362,154996,,,1.0,silver_feedin,,True,,,,5225,,
583483,75452,,,1.0,silver_feedin,,True,,,,5443,,
583558,157552,,,1.0,silver_feedin,,True,,,,5330,,
583723,152762,,,1.0,silver_feedin,,True,,,,5426,,
583733,123629,,,1.0,silver_feedin,,True,,,,4310,,
583737,156880,,,1.0,silver_feedin,,True,,,,4313,,
583753,142514,,,1.0,silver_feedin,,True,,,,4324,,
584021,148470,,,1.0,silver_feedin,,True,,,,8962,,
584045,60804,,,1.0,silver_feedin,,True,,,,8962,,
584080,153458,,,1.0,silver_feedin,,True,,,,5622,,
584090,122351,,,1.0,silver_feedin,,True,,,,5622,,
584139,152727,,,1.0,silver_feedin,,True,,,,4468,,
584150,109197,,,1.0,silver_feedin,,True,,,,5522,,
584212,120593,,,1.0,silver_feedin,,True,,,,5235,,
584279,154395,,,1.0,silver_feedin,,True,,,,4313,,
584611,149136,,,1.0,silver_feedin,,True,,,,4325,,
584649,167105,,,1.0,silver_feedin,,True,,,,4313,,
584742,153123,,,1.0,silver_feedin,,True,,,,4313,,
584756,148275,,,1.0,silver_feedin,,True,,,,5304,,
584811,79768,,,1.0,silver_feedin,,True,,,,5726,,
584892,96066,,,1.0,silver_feedin,,True,,,,5426,,
584947,142524,,,1.0,silver_feedin,,True,,,,4325,,
585034,158192,,,1.0,silver_feedin,,True,,,,5070,,
585087,150879,,,1.0,silver_feedin,,True,,,,5312,,
585092,34729,,,1.0,silver_feedin,,True,,,,5726,,
585181,75835,,,1.0,silver_feedin,,True,,,,5074,,
585185,156871,,,1.0,silver_feedin,,True,,,,5314,,
585268,82303,,,1.0,silver_feedin,,True,,,,5733,,
585426,29070,,,1.0,silver_feedin,,True,,,,5113,,
585433,139870,,,1.0,silver_feedin,,True,,,,5313,,
585460,60934,,,1.0,silver_feedin,,True,,,,8962,,
585462,62830,,,1.0,silver_feedin,,True,,,,5464,,
585475,59116,,,1.0,silver_feedin,,True,,,,5745,,
585510,166637,,,1.0,silver_feedin,,True,,,,5614,,
585591,114991,,,1.0,silver_feedin,,True,,,,5504,,
585598,105172,,,1.0,silver_feedin,,True,,,,5324,,
585908,105533,,,1.0,silver_feedin,,True,,,,5504,,
586038,100666,,,1.0,silver_feedin,,True,,,,5522,,
586224,144133,,,1.0,silver_feedin,,True,,,,5314,,
586244,140456,,,1.0,silver_feedin,,True,,,,4813,,
586334,73596,,,1.0,silver_feedin,,True,,,,5745,,
586383,167815,,,1.0,silver_feedin,,True,,,,5614,,
586413,81905,,,1.0,silver_feedin,,True,,,,5313,,
586559,110601,,,1.0,silver_feedin,,True,,,,5504,,
586580,101671,,,1.0,silver_feedin,,True,,,,5622,,
586831,73007,,,1.0,silver_feedin,,True,,,,8962,,
586987,131234,,,1.0,silver_feedin,,True,,,,5620,,
587001,159948,,,1.0,silver_feedin,,True,,,,5106,,
587033,94220,,,1.0,silver_feedin,,True,,,,5706,,
587048,119913,,,1.0,silver_feedin,,True,,,,5324,,
587053,119914,,,1.0,silver_feedin,,True,,,,5324,,
587074,62990,,,1.0,silver_feedin,,True,,,,8962,,
587092,159602,,,1.0,silver_feedin,,True,,,,5070,,
587196,127544,,,1.0,silver_feedin,,True,,,,4313,,
587210,56360,,,1.0,silver_feedin,,True,,,,5745,,
587396,104719,,,1.0,silver_feedin,,True,,,,5237,,
587431,125582,,,1.0,silver_feedin,,True,,,,8962,,
587596,52786,,,1.0,silver_feedin,,True,,,,5745,,
587616,168577,,,1.0,silver_feedin,,True,,,,5726,,
587680,92001,,,1.0,silver_feedin,,True,,,,5706,,
587810,96652,,,1.0,silver_feedin,,True,,,,4310,,
587855,109318,,,1.0,silver_feedin,,True,,,,5467,,
587857,126518,,,1.0,silver_feedin,,True,,,,5304,,
587939,96998,,,1.0,silver_feedin,,True,,,,5727,,
587973,105538,,,1.0,silver_feedin,,True,,,,5745,,
587980,146748,,,1.0,silver_feedin,,True,,,,5726,,
588158,90830,,,1.0,silver_feedin,,True,,,,5426,,
588273,168962,,,1.0,silver_feedin,,True,,,,5070,,
588277,130958,,,1.0,silver_feedin,,True,,,,5725,,
588467,144143,,,1.0,silver_feedin,,True,,,,5316,,
588469,144146,,,1.0,silver_feedin,,True,,,,5316,,
588596,163712,,,1.0,silver_feedin,,True,,,,5070,,
588651,152701,,,1.0,silver_feedin,,True,,,,5105,,
589169,64984,,,1.0,silver_feedin,,True,,,,8962,,
589190,139814,,,1.0,silver_feedin,,True,,,,5607,,
589334,109034,,,1.0,silver_feedin,,True,,,,5506,,
589339,157910,,,1.0,silver_feedin,,True,,,,5312,,
589346,126522,,,1.0,silver_feedin,,True,,,,5313,,
589524,64490,,,1.0,silver_feedin,,True,,,,4805,,
589535,60829,,,1.0,silver_feedin,,True,,,,5727,,
589618,122843,,,1.0,silver_feedin,,True,,,,5727,,
589648,132448,,,1.0,silver_feedin,,True,,,,5725,,
589701,81509,,,1.0,silver_feedin,,True,,,,5733,,
589784,107956,,,1.0,silver_feedin,,True,,,,4310,,
589879,105611,,,1.0,silver_feedin,,True,,,,5505,,
589899,131809,,,1.0,silver_feedin,,True,,,,5707,,
590138,3149,,,1.0,silver_feedin,,True,,,,4805,,
590187,56237,,,1.0,silver_feedin,,True,,,,5727,,
590193,87397,,,1.0,silver_feedin,,True,,,,5074,,
590307,164192,,,1.0,silver_feedin,,True,,,,5615,,
590401,22786,,,1.0,silver_feedin,,True,,,,4805,,
590609,141292,,,1.0,silver_feedin,,True,,,,5107,,
590617,142289,,,1.0,silver_feedin,,True,,,,5464,,
590752,118032,,,1.0,silver_feedin,,True,,,,4310,,
590797,154505,,,1.0,silver_feedin,,True,,,,4313,,
590816,110014,,,1.0,silver_feedin,,True,,,,5332,,
591069,171706,,,1.0,silver_feedin,,True,,,,5614,,
591072,93771,,,1.0,silver_feedin,,True,,,,5332,,
591163,112794,,,1.0,silver_feedin,,True,,,,5244,,
591182,141295,,,1.0,silver_feedin,,True,,,,5707,,
591459,88773,,,1.0,silver_feedin,,True,,,,5600,,
591649,161482,,,1.0,silver_feedin,,True,,,,4315,,
591774,118004,,,1.0,silver_feedin,,True,,,,5504,,
592031,55593,,,1.0,silver_feedin,,True,,,,5745,,
592094,93607,,,1.0,silver_feedin,,True,,,,5706,,
592103,101712,,,1.0,silver_feedin,,True,,,,5622,,
592137,163414,,,1.0,silver_feedin,,True,,,,5726,,
592156,87415,,,1.0,silver_feedin,,True,,,,5426,,
592319,83889,,,1.0,silver_feedin,,True,,,,5733,,
592412,133616,,,1.0,silver_feedin,,True,,,,5027,,
592475,92625,,,1.0,silver_feedin,,True,,,,5464,,
592551,70017,,,1.0,silver_feedin,,True,,,,5072,,
592631,154722,,,1.0,silver_feedin,,True,,,,5027,,
592661,51689,,,1.0,silver_feedin,,True,,,,5726,,
592829,136072,,,1.0,silver_feedin,,True,,,,4313,,
592851,75766,,,1.0,silver_feedin,,True,,,,5105,,
592948,51036,,,1.0,silver_feedin,,True,,,,5745,,
593024,154711,,,1.0,silver_feedin,,True,,,,5306,,
593589,107959,,,1.0,silver_feedin,,True,,,,5619,,
593593,158800,,,1.0,silver_feedin,,True,,,,5312,,
593659,85011,,,1.0,silver_feedin,,True,,,,4468,,
593715,119925,,,1.0,silver_feedin,,True,,,,5727,,
593734,131261,,,1.0,silver_feedin,,True,,,,5607,,
593857,114749,,,1.0,silver_feedin,,True,,,,5504,,
593927,162941,,,1.0,silver_feedin,,True,,,,5614,,
593943,51235,,,1.0,silver_feedin,,True,,,,5745,,
593969,150112,,,1.0,silver_feedin,,True,,,,5608,,
594070,148473,,,1.0,silver_feedin,,True,,,,5706,,
594182,164715,,,1.0,silver_feedin,,True,,,,5614,,
594197,110173,,,1.0,silver_feedin,,True,,,,5622,,
594327,61461,,,1.0,silver_feedin,,True,,,,8962,,
594459,64783,,,1.0,silver_feedin,,True,,,,5330,,
594621,110139,,,1.0,silver_feedin,,True,,,,5074,,
594639,125455,,,1.0,silver_feedin,,True,,,,5607,,
594765,85308,,,1.0,silver_feedin,,True,,,,5726,,
594791,93749,,,1.0,silver_feedin,,True,,,,5452,,
594840,171426,,,1.0,silver_feedin,,True,,,,5724,,
594919,134491,,,1.0,silver_feedin,,True,,,,4303,,
595167,105021,,,1.0,silver_feedin,,True,,,,5244,,
595191,140582,,,1.0,silver_feedin,,True,,,,5607,,
595435,144677,,,1.0,silver_feedin,,True,,,,4313,,
595448,159042,,,1.0,silver_feedin,,True,,,,5107,,
595821,162489,,,1.0,silver_feedin,,True,,,,5620,,
595854,163534,,,1.0,silver_feedin,,True,,,,5745,,
596008,164708,,,1.0,silver_feedin,,True,,,,5745,,
596186,85963,,,1.0,silver_feedin,,True,,,,5044,,
596350,158190,,,1.0,silver_feedin,,True,,,,5070,,
596554,158581,,,1.0,silver_feedin,,True,,,,4313,,
596557,118593,,,1.0,silver_feedin,,True,,,,5452,,
596558,153137,,,1.0,silver_feedin,,True,,,,4324,,
596868,86692,,,1.0,silver_feedin,,True,,,,5467,,
596941,54857,,,1.0,silver_feedin,,True,,,,4805,,
596942,58042,,,1.0,silver_feedin,,True,,,,4310,,
596943,64703,,,1.0,silver_feedin,,True,,,,8962,,
597003,150189,,,1.0,silver_feedin,,True,,,,4313,,
597102,87561,,,1.0,silver_feedin,,True,,,,5505,,
597153,77705,,,1.0,silver_feedin,,True,,,,5074,,
597171,75768,,,1.0,silver_feedin,,True,,,,4805,,
597255,86982,,,1.0,silver_feedin,,True,,,,5733,,
597422,125635,,,1.0,silver_feedin,,True,,,,5113,,
597506,65287,,,1.0,silver_feedin,,True,,,,5105,,
597675,86929,,,1.0,silver_feedin,,True,,,,4468,,
597678,150104,,,1.0,silver_feedin,,True,,,,5107,,
597712,167213,,,1.0,silver_feedin,,True,,,,5322,,
634462,86769,,,1.0,silver_feedin,,True,,,,5332,,
634640,110530,,,1.0,silver_feedin,,True,,,,5074,,
634708,58320,,,1.0,silver_feedin,,True,,,,5113,,
634888,150139,,,1.0,silver_feedin,,True,,,,5620,,
688051,64395,,,1.0,silver_feedin,,True,,,,5106,,
688101,74545,,,1.0,silver_feedin,,True,,,,5745,,
688179,149335,,,1.0,silver_feedin,,True,,,,5312,,
688205,110281,,,1.0,silver_feedin,,True,,,,5504,,
688280,131700,,,1.0,silver_feedin,,True,,,,5443,,
688354,162963,,,1.0,silver_feedin,,True,,,,4316,,
688506,151091,,,1.0,silver_feedin,,True,,,,4313,,
688761,158364,,,1.0,silver_feedin,,True,,,,4313,,
688786,147172,,,1.0,silver_feedin,,True,,,,5225,,
688903,162945,,,1.0,silver_feedin,,True,,,,5614,,
689128,117697,,,1.0,silver_feedin,,True,,,,4322,,
689129,159218,,,1.0,silver_feedin,,True,,,,5605,,
689178,51559,,,1.0,silver_feedin,,True,,,,5330,,
689286,158336,,,1.0,silver_feedin,,True,,,,5312,,
689305,59191,,,1.0,silver_feedin,,True,,,,5600,,
689309,168647,,,1.0,silver_feedin,,True,,,,5236,,
689339,95542,,,1.0,silver_feedin,,True,,,,5304,,
689435,124290,,,1.0,silver_feedin,,True,,,,5707,,
689452,152351,,,1.0,silver_feedin,,True,,,,5506,,
689509,170514,,,1.0,silver_feedin,,True,,,,4312,,
689520,35265,,,1.0,silver_feedin,,True,,,,5443,,
689531,154263,,,1.0,silver_feedin,,True,,,,4325,,
689590,101710,,,1.0,silver_feedin,,True,,,,4310,,
689610,155844,,,1.0,silver_feedin,,True,,,,4324,,
689618,124344,,,1.0,silver_feedin,,True,,,,5244,,
689654,88713,,,1.0,silver_feedin,,True,,,,5074,,
689756,161230,,,1.0,silver_feedin,,True,,,,5605,,
689762,107500,,,1.0,silver_feedin,,True,,,,5504,,
689786,130676,,,1.0,silver_feedin,,True,,,,4317,,
689790,154246,,,1.0,silver_feedin,,True,,,,4324,,
689848,101370,,,1.0,silver_feedin,,True,,,,5225,,
689878,131559,,,1.0,silver_feedin,,True,,,,5725,,
689941,168414,,,1.0,silver_feedin,,True,,,,5070,,
690009,139493,,,1.0,silver_feedin,,True,,,,5304,,
690115,164702,,,1.0,silver_feedin,,True,,,,4313,,
690214,150086,,,1.0,silver_feedin,,True,,,,4468,,
690302,117927,,,1.0,silver_feedin,,True,,,,5316,,
690304,131557,,,1.0,silver_feedin,,True,,,,5725,,
690350,94576,,,1.0,silver_feedin,,True,,,,5706,,
690407,98581,,,1.0,silver_feedin,,True,,,,5330,,
690495,69788,,,1.0,silver_feedin,,True,,,,5330,,
690614,162185,,,1.0,silver_feedin,,True,,,,5614,,
690640,133620,,,1.0,silver_feedin,,True,,,,5707,,
690665,52605,,,1.0,silver_feedin,,True,,,,5113,,
690697,157578,,,1.0,silver_feedin,,True,,,,5312,,
690737,153178,,,1.0,silver_feedin,,True,,,,5107,,
690781,52316,,,1.0,silver_feedin,,True,,,,5330,,
690807,144174,,,1.0,silver_feedin,,True,,,,4313,,
690867,108976,,,1.0,silver_feedin,,True,,,,4303,,
690923,59574,,,1.0,silver_feedin,,True,,,,5600,,
690964,149093,,,1.0,silver_feedin,,True,,,,5426,,
690969,108975,,,1.0,silver_feedin,,True,,,,4303,,
690971,168728,,,1.0,silver_feedin,,True,,,,5070,,
691003,59382,,,1.0,silver_feedin,,True,,,,5600,,
691026,95563,,,1.0,silver_feedin,,True,,,,4310,,
691039,159334,,,1.0,silver_feedin,,True,,,,4303,,
691062,60206,,,1.0,silver_feedin,,True,,,,5600,,
691091,123363,,,1.0,silver_feedin,,True,,,,5304,,
691112,168958,,,1.0,silver_feedin,,True,,,,5070,,
691132,88558,,,1.0,silver_feedin,,True,,,,4310,,
691145,111706,,,1.0,silver_feedin,,True,,,,4310,,
691153,48226,,,1.0,silver_feedin,,True,,,,5105,,
691173,43659,,,1.0,silver_feedin,,True,,,,5105,,
691178,111914,,,1.0,silver_feedin,,True,,,,5078,,
691187,43119,,,1.0,silver_feedin,,True,,,,5105,,
691234,157381,,,1.0,silver_feedin,,True,,,,4316,,
691237,120963,,,1.0,silver_feedin,,True,,,,5105,,
691244,43968,,,1.0,silver_feedin,,True,,,,5105,,
691260,132005,,,1.0,silver_feedin,,True,,,,4317,,
691276,76742,,,1.0,silver_feedin,,True,,,,5426,,
691317,120649,,,1.0,silver_feedin,,True,,,,5324,,
691323,80713,,,1.0,silver_feedin,,True,,,,5426,,
691397,85248,,,1.0,silver_feedin,,True,,,,5105,,
691418,165169,,,1.0,silver_feedin,,True,,,,5614,,
691509,47346,,,1.0,silver_feedin,,True,,,,5105,,
691511,134197,,,1.0,silver_feedin,,True,,,,5105,,
691515,65363,,,1.0,silver_feedin,,True,,,,5105,,
691569,152352,,,1.0,silver_feedin,,True,,,,5506,,
691576,101751,,,1.0,silver_feedin,,True,,,,5105,,
691614,44885,,,1.0,silver_feedin,,True,,,,5105,,
691617,86251,,,1.0,silver_feedin,,True,,,,5505,,
691640,151619,,,1.0,silver_feedin,,True,,,,5105,,
691649,49886,,,1.0,silver_feedin,,True,,,,5105,,
691673,135000,,,1.0,silver_feedin,,True,,,,5105,,
691674,142441,,,1.0,silver_feedin,,True,,,,5312,,
691680,143548,,,1.0,silver_feedin,,True,,,,5105,,
691683,123270,,,1.0,silver_feedin,,True,,,,5074,,
691709,153119,,,1.0,silver_feedin,,True,,,,5314,,
691713,53907,,,1.0,silver_feedin,,True,,,,5105,,
691717,117614,,,1.0,silver_feedin,,True,,,,8962,,
691719,117613,,,1.0,silver_feedin,,True,,,,8962,,
691753,156302,,,1.0,silver_feedin,,True,,,,4313,,
691776,65430,,,1.0,silver_feedin,,True,,,,8962,,
691816,82388,,,1.0,silver_feedin,,True,,,,8962,,
691820,95544,,,1.0,silver_feedin,,True,,,,5304,,
691824,70428,,,1.0,silver_feedin,,True,,,,5467,,
691851,156610,,,1.0,silver_feedin,,True,,,,4325,,
691886,64146,,,1.0,silver_feedin,,True,,,,8962,,
691901,40348,,,1.0,silver_feedin,,True,,,,5443,,
691935,154169,,,1.0,silver_feedin,,True,,,,4313,,
691956,60173,,,1.0,silver_feedin,,True,,,,4310,,
691958,162219,,,1.0,silver_feedin,,True,,,,5605,,
691966,149091,,,1.0,silver_feedin,,True,,,,5314,,
691975,77805,,,1.0,silver_feedin,,True,,,,8962,,
691995,170763,,,1.0,silver_feedin,,True,,,,4332,,
692075,69648,,,1.0,silver_feedin,,True,,,,8962,,
692093,66210,,,1.0,silver_feedin,,True,,,,8962,,
692134,61453,,,1.0,silver_feedin,,True,,,,8962,,
692165,162523,,,1.0,silver_feedin,,True,,,,4312,,
692166,169442,,,1.0,silver_feedin,,True,,,,5615,,
692168,131710,,,1.0,silver_feedin,,True,,,,5108,,
692179,118337,,,1.0,silver_feedin,,True,,,,5324,,
692188,88209,,,1.0,silver_feedin,,True,,,,5074,,
692232,116870,,,1.0,silver_feedin,,True,,,,5306,,
692253,76092,,,1.0,silver_feedin,,True,,,,4310,,
692266,65193,,,1.0,silver_feedin,,True,,,,8962,,
692267,102051,,,1.0,silver_feedin,,True,,,,5617,,
692289,154264,,,1.0,silver_feedin,,True,,,,4325,,
692294,144679,,,1.0,silver_feedin,,True,,,,5443,,
692318,66804,,,1.0,silver_feedin,,True,,,,8962,,
692322,68488,,,1.0,silver_feedin,,True,,,,8962,,
692382,53364,,,1.0,silver_feedin,,True,,,,5330,,
692399,153199,,,1.0,silver_feedin,,True,,,,4316,,
692401,159363,,,1.0,silver_feedin,,True,,,,4333,,
692432,61649,,,1.0,silver_feedin,,True,,,,8962,,
692441,64875,,,1.0,silver_feedin,,True,,,,5074,,
692503,164191,,,1.0,silver_feedin,,True,,,,5615,,
692504,60806,,,1.0,silver_feedin,,True,,,,8962,,
692529,161922,,,1.0,silver_feedin,,True,,,,5605,,
692542,44178,,,1.0,silver_feedin,,True,,,,5619,,
692548,73008,,,1.0,silver_feedin,,True,,,,8962,,
692563,153263,,,1.0,silver_feedin,,True,,,,4325,,
692578,152719,,,1.0,silver_feedin,,True,,,,8962,,
692581,61323,,,1.0,silver_feedin,,True,,,,8962,,
692614,66603,,,1.0,silver_feedin,,True,,,,5330,,
692632,60808,,,1.0,silver_feedin,,True,,,,8962,,
692653,70808,,,1.0,silver_feedin,,True,,,,8962,,
692684,98499,,,1.0,silver_feedin,,True,,,,5330,,
692719,84534,,,1.0,silver_feedin,,True,,,,4310,,
692768,124815,,,1.0,silver_feedin,,True,,,,4310,,
692808,47689,,,1.0,silver_feedin,,True,,,,5443,,
692819,129886,,,1.0,silver_feedin,,True,,,,5244,,
692841,90619,,,1.0,silver_feedin,,True,,,,5244,,
692880,162191,,,1.0,silver_feedin,,True,,,,5614,,
692897,157389,,,1.0,silver_feedin,,True,,,,5314,,
692917,79189,,,1.0,silver_feedin,,True,,,,5244,,
692918,141092,,,1.0,silver_feedin,,True,,,,5504,,
692921,79190,,,1.0,silver_feedin,,True,,,,5244,,
692922,165005,,,1.0,silver_feedin,,True,,,,4333,,
692928,90905,,,1.0,silver_feedin,,True,,,,5244,,
692935,136566,,,1.0,silver_feedin,,True,,,,5225,,
692977,97405,,,1.0,silver_feedin,,True,,,,5244,,
692992,58994,,,1.0,silver_feedin,,True,,,,5600,,
693009,56519,,,1.0,silver_feedin,,True,,,,5046,,
693027,66623,,,1.0,silver_feedin,,True,,,,5334,,
693037,101860,,,1.0,silver_feedin,,True,,,,5304,,
693043,64871,,,1.0,silver_feedin,,True,,,,5334,,
693059,162629,,,1.0,silver_feedin,,True,,,,5504,,
693078,65509,,,1.0,silver_feedin,,True,,,,5334,,
693082,65552,,,1.0,silver_feedin,,True,,,,5334,,
693126,152923,,,1.0,silver_feedin,,True,,,,5706,,
693141,114029,,,1.0,silver_feedin,,True,,,,5706,,
693149,90906,,,1.0,silver_feedin,,True,,,,5706,,
693178,161144,,,1.0,silver_feedin,,True,,,,4333,,
693183,95287,,,1.0,silver_feedin,,True,,,,5706,,
693202,131849,,,1.0,silver_feedin,,True,,,,4813,,
693312,96858,,,1.0,silver_feedin,,True,,,,5706,,
693341,94218,,,1.0,silver_feedin,,True,,,,5706,,
693351,131217,,,1.0,silver_feedin,,True,,,,5706,,
693356,156837,,,1.0,silver_feedin,,True,,,,4313,,
693360,156398,,,1.0,silver_feedin,,True,,,,4310,,
693367,94577,,,1.0,silver_feedin,,True,,,,5706,,
693440,159920,,,1.0,silver_feedin,,True,,,,5706,,
693547,142509,,,1.0,silver_feedin,,True,,,,4313,,
693587,153256,,,1.0,silver_feedin,,True,,,,5314,,
693601,153551,,,1.0,silver_feedin,,True,,,,5314,,
693627,53997,,,1.0,silver_feedin,,True,,,,5452,,
693667,152889,,,1.0,silver_feedin,,True,,,,4325,,
693750,131935,,,1.0,silver_feedin,,True,,,,5075,,
693792,151614,,,1.0,silver_feedin,,True,,,,5316,,
693796,111911,,,1.0,silver_feedin,,True,,,,5225,,
693816,130276,,,1.0,silver_feedin,,True,,,,5725,,
693851,156863,,,1.0,silver_feedin,,True,,,,5620,,
693861,97791,,,1.0,silver_feedin,,True,,,,5304,,
693994,153117,,,1.0,silver_feedin,,True,,,,5314,,
694010,85200,,,1.0,silver_feedin,,True,,,,4468,,
694064,159495,,,1.0,silver_feedin,,True,,,,5614,,
694148,137423,,,1.0,silver_feedin,,True,,,,5314,,
694177,126219,,,1.0,silver_feedin,,True,,,,5075,,
694179,63250,,,1.0,silver_feedin,,True,,,,5443,,
694193,144547,,,1.0,silver_feedin,,True,,,,5314,,
694197,82908,,,1.0,silver_feedin,,True,,,,5443,,
694206,69665,,,1.0,silver_feedin,,True,,,,4310,,
694251,125642,,,1.0,silver_feedin,,True,,,,5452,,
694304,142644,,,1.0,silver_feedin,,True,,,,5314,,
694317,144826,,,1.0,silver_feedin,,True,,,,5314,,
694330,139607,,,1.0,silver_feedin,,True,,,,4303,,
694335,144610,,,1.0,silver_feedin,,True,,,,5314,,
694402,96218,,,1.0,silver_feedin,,True,,,,4310,,
694412,160838,,,1.0,silver_feedin,,True,,,,5105,,
694429,111154,,,1.0,silver_feedin,,True,,,,5504,,
694457,144736,,,1.0,silver_feedin,,True,,,,5314,,
694458,120335,,,1.0,silver_feedin,,True,,,,4303,,
694469,159301,,,1.0,silver_feedin,,True,,,,5615,,
694496,151613,,,1.0,silver_feedin,,True,,,,5314,,
694501,170829,,,1.0,silver_feedin,,True,,,,5614,,
694532,142484,,,1.0,silver_feedin,,True,,,,5314,,
694619,81729,,,1.0,silver_feedin,,True,,,,4310,,
694627,120823,,,1.0,silver_feedin,,True,,,,4303,,
694658,154706,,,1.0,silver_feedin,,True,,,,5314,,
694683,130333,,,1.0,silver_feedin,,True,,,,5304,,
694704,148351,,,1.0,silver_feedin,,True,,,,5620,,
694747,149338,,,1.0,silver_feedin,,True,,,,5306,,
694761,144824,,,1.0,silver_feedin,,True,,,,5620,,
694796,131293,,,1.0,silver_feedin,,True,,,,4313,,
694806,95240,,,1.0,silver_feedin,,True,,,,4310,,
694844,130516,,,1.0,silver_feedin,,True,,,,5312,,
694925,126514,,,1.0,silver_feedin,,True,,,,5620,,
694930,154986,,,1.0,silver_feedin,,True,,,,5107,,
694951,159405,,,1.0,silver_feedin,,True,,,,5605,,
695017,144676,,,1.0,silver_feedin,,True,,,,4313,,
695115,163150,,,1.0,silver_feedin,,True,,,,5616,,
695175,80268,,,1.0,silver_feedin,,True,,,,5105,,
695193,64437,,,1.0,silver_feedin,,True,,,,5330,,
695220,150068,,,1.0,silver_feedin,,True,,,,5105,,
695243,73010,,,1.0,silver_feedin,,True,,,,5074,,
695285,142470,,,1.0,silver_feedin,,True,,,,5620,,
695335,165361,,,1.0,silver_feedin,,True,,,,5620,,
695390,165333,,,1.0,silver_feedin,,True,,,,5615,,
695399,98619,,,1.0,silver_feedin,,True,,,,5330,,
695410,135908,,,1.0,silver_feedin,,True,,,,5620,,
695437,133631,,,1.0,silver_feedin,,True,,,,5620,,
695568,158497,,,1.0,silver_feedin,,True,,,,5107,,
695611,147336,,,1.0,silver_feedin,,True,,,,5604,,
695628,142642,,,1.0,silver_feedin,,True,,,,5620,,
695737,131280,,,1.0,silver_feedin,,True,,,,5725,,
695761,117848,,,1.0,silver_feedin,,True,,,,5324,,
695771,124822,,,1.0,silver_feedin,,True,,,,5235,,
695793,148056,,,1.0,silver_feedin,,True,,,,4316,,
695795,126205,,,1.0,silver_feedin,,True,,,,5027,,
695830,159984,,,1.0,silver_feedin,,True,,,,5314,,
695864,40904,,,1.0,silver_feedin,,True,,,,4310,,
695869,125741,,,1.0,silver_feedin,,True,,,,5600,,
695906,157586,,,1.0,silver_feedin,,True,,,,4303,,
695938,144058,,,1.0,silver_feedin,,True,,,,5620,,
695946,123261,,,1.0,silver_feedin,,True,,,,5074,,
695996,167711,,,1.0,silver_feedin,,True,,,,4312,,
696054,153276,,,1.0,silver_feedin,,True,,,,5070,,
696106,161215,,,1.0,silver_feedin,,True,,,,4333,,
696138,86954,,,1.0,silver_feedin,,True,,,,5426,,
696158,128158,,,1.0,silver_feedin,,True,,,,5620,,
696161,135065,,,1.0,silver_feedin,,True,,,,5620,,
696220,135907,,,1.0,silver_feedin,,True,,,,5620,,
696232,69312,,,1.0,silver_feedin,,True,,,,5727,,
696290,159119,,,1.0,silver_feedin,,True,,,,5620,,
696297,162946,,,1.0,silver_feedin,,True,,,,5614,,
696391,138042,,,1.0,silver_feedin,,True,,,,4313,,
696393,126149,,,1.0,silver_feedin,,True,,,,5620,,
696421,97165,,,1.0,silver_feedin,,True,,,,8962,,
696507,161700,,,1.0,silver_feedin,,True,,,,5706,,
696621,82804,,,1.0,silver_feedin,,True,,,,5745,,
696635,124388,,,1.0,silver_feedin,,True,,,,5443,,
696690,86932,,,1.0,silver_feedin,,True,,,,5733,,
696741,127783,,,1.0,silver_feedin,,True,,,,5725,,
696809,158339,,,1.0,silver_feedin,,True,,,,5312,,
696832,95632,,,1.0,silver_feedin,,True,,,,5304,,
696844,138954,,,1.0,silver_feedin,,True,,,,4313,,
696885,123244,,,1.0,silver_feedin,,True,,,,5244,,
696925,94170,,,1.0,silver_feedin,,True,,,,5745,,
696937,128114,,,1.0,silver_feedin,,True,,,,4313,,
696939,131881,,,1.0,silver_feedin,,True,,,,5725,,
696943,98208,,,1.0,silver_feedin,,True,,,,5745,,
696949,139119,,,1.0,silver_feedin,,True,,,,4813,,
697041,131884,,,1.0,silver_feedin,,True,,,,5707,,
697059,128849,,,1.0,silver_feedin,,True,,,,4317,,
697187,83281,,,1.0,silver_feedin,,True,,,,5745,,
697261,169251,,,1.0,silver_feedin,,True,,,,5107,,
697284,137833,,,1.0,silver_feedin,,True,,,,5306,,
697293,61481,,,1.0,silver_feedin,,True,,,,8962,,
697355,162640,,,1.0,silver_feedin,,True,,,,5614,,
697356,105542,,,1.0,silver_feedin,,True,,,,5522,,
697367,131291,,,1.0,silver_feedin,,True,,,,4313,,
697450,119924,,,1.0,silver_feedin,,True,,,,5443,,
697456,149839,,,1.0,silver_feedin,,True,,,,5316,,
697473,69615,,,1.0,silver_feedin,,True,,,,5745,,
697478,124253,,,1.0,silver_feedin,,True,,,,5707,,
697556,150090,,,1.0,silver_feedin,,True,,,,5314,,
697602,85534,,,1.0,silver_feedin,,True,,,,5745,,
697635,131907,,,1.0,silver_feedin,,True,,,,5312,,
697676,109032,,,1.0,silver_feedin,,True,,,,5506,,
697690,111456,,,1.0,silver_feedin,,True,,,,4468,,
697695,126642,,,1.0,silver_feedin,,True,,,,5027,,
697719,101404,,,1.0,silver_feedin,,True,,,,4322,,
697723,168583,,,1.0,silver_feedin,,True,,,,5426,,
697724,154182,,,1.0,silver_feedin,,True,,,,4324,,
697731,152985,,,1.0,silver_feedin,,True,,,,5745,,
697732,156839,,,1.0,silver_feedin,,True,,,,4313,,
697804,162304,,,1.0,silver_feedin,,True,,,,5236,,
697848,155060,,,1.0,silver_feedin,,True,,,,5443,,
697858,140904,,,1.0,silver_feedin,,True,,,,4813,,
697903,128099,,,1.0,silver_feedin,,True,,,,5620,,
698008,141299,,,1.0,silver_feedin,,True,,,,4813,,
698040,126273,,,1.0,silver_feedin,,True,,,,4313,,
698041,157704,,,1.0,silver_feedin,,True,,,,5605,,
698090,96691,,,1.0,silver_feedin,,True,,,,5706,,
698111,106364,,,1.0,silver_feedin,,True,,,,5504,,
698126,142344,,,1.0,silver_feedin,,True,,,,5605,,
698242,114988,,,1.0,silver_feedin,,True,,,,4322,,
698266,166472,,,1.0,silver_feedin,,True,,,,4312,,
698306,130685,,,1.0,silver_feedin,,True,,,,5312,,
698357,159571,,,1.0,silver_feedin,,True,,,,5620,,
698373,107547,,,1.0,silver_feedin,,True,,,,5225,,
698389,137234,,,1.0,silver_feedin,,True,,,,5620,,
698471,157357,,,1.0,silver_feedin,,True,,,,5312,,
698472,161959,,,1.0,silver_feedin,,True,,,,5605,,
698479,163657,,,1.0,silver_feedin,,True,,,,5605,,
698491,164105,,,1.0,silver_feedin,,True,,,,5605,,
698493,131070,,,1.0,silver_feedin,,True,,,,4317,,
698494,164048,,,1.0,silver_feedin,,True,,,,5605,,
698510,138501,,,1.0,silver_feedin,,True,,,,5316,,
698511,163444,,,1.0,silver_feedin,,True,,,,5605,,
698601,53560,,,1.0,silver_feedin,,True,,,,5105,,
698636,159944,,,1.0,silver_feedin,,True,,,,5614,,
698679,136564,,,1.0,silver_feedin,,True,,,,5244,,
698687,152051,,,1.0,silver_feedin,,True,,,,4813,,
698709,162049,,,1.0,silver_feedin,,True,,,,5605,,
698762,35189,,,1.0,silver_feedin,,True,,,,5443,,
698766,162824,,,1.0,silver_feedin,,True,,,,5605,,
698815,168206,,,1.0,silver_feedin,,True,,,,5605,,
698835,158993,,,1.0,silver_feedin,,True,,,,5324,,
698872,122415,,,1.0,silver_feedin,,True,,,,8962,,
698877,143445,,,1.0,silver_feedin,,True,,,,5620,,
698943,148316,,,1.0,silver_feedin,,True,,,,5316,,
698950,168342,,,1.0,silver_feedin,,True,,,,5605,,
698988,142496,,,1.0,silver_feedin,,True,,,,4313,,
698994,147592,,,1.0,silver_feedin,,True,,,,4313,,
699013,168011,,,1.0,silver_feedin,,True,,,,5614,,
699027,131886,,,1.0,silver_feedin,,True,,,,4813,,
699078,95647,,,1.0,silver_feedin,,True,,,,5426,,
699124,101291,,,1.0,silver_feedin,,True,,,,5504,,
699138,137712,,,1.0,silver_feedin,,True,,,,5313,,
699180,127628,,,1.0,silver_feedin,,True,,,,4317,,
699216,95378,,,1.0,silver_feedin,,True,,,,5304,,
699222,130491,,,1.0,silver_feedin,,True,,,,5707,,
699230,115993,,,1.0,silver_feedin,,True,,,,4310,,
699284,96794,,,1.0,silver_feedin,,True,,,,5105,,
699320,155020,,,1.0,silver_feedin,,True,,,,5312,,
699471,68962,,,1.0,silver_feedin,,True,,,,5443,,
699473,68963,,,1.0,silver_feedin,,True,,,,5443,,
699493,131683,,,1.0,silver_feedin,,True,,,,5312,,
699507,155128,,,1.0,silver_feedin,,True,,,,5312,,
699585,126175,,,1.0,silver_feedin,,True,,,,5312,,
699624,153122,,,1.0,silver_feedin,,True,,,,5316,,
699633,170764,,,1.0,silver_feedin,,True,,,,4332,,
699637,107334,,,1.0,silver_feedin,,True,,,,5617,,
699660,166513,,,1.0,silver_feedin,,True,,,,5312,,
699674,61173,,,1.0,silver_feedin,,True,,,,5443,,
699757,133075,,,1.0,silver_feedin,,True,,,,5312,,
699777,144645,,,1.0,silver_feedin,,True,,,,5074,,
699783,144067,,,1.0,silver_feedin,,True,,,,5312,,
699796,131284,,,1.0,silver_feedin,,True,,,,5725,,
699800,157469,,,1.0,silver_feedin,,True,,,,5312,,
699802,120954,,,1.0,silver_feedin,,True,,,,5745,,
699855,152749,,,1.0,silver_feedin,,True,,,,5745,,
699895,153356,,,1.0,silver_feedin,,True,,,,5620,,
699904,74205,,,1.0,silver_feedin,,True,,,,5745,,
699940,153312,,,1.0,silver_feedin,,True,,,,5105,,
699942,44999,,,1.0,silver_feedin,,True,,,,5105,,
699944,152755,,,1.0,silver_feedin,,True,,,,5105,,
699970,131287,,,1.0,silver_feedin,,True,,,,5506,,
700037,156722,,,1.0,silver_feedin,,True,,,,4325,,
700097,122135,,,1.0,silver_feedin,,True,,,,5312,,
700119,154846,,,1.0,silver_feedin,,True,,,,4325,,
700122,158338,,,1.0,silver_feedin,,True,,,,5312,,
700154,158724,,,1.0,silver_feedin,,True,,,,5312,,
700232,56247,,,1.0,silver_feedin,,True,,,,5452,,
700315,128066,,,1.0,silver_feedin,,True,,,,5108,,
700358,109254,,,1.0,silver_feedin,,True,,,,5330,,
700379,114183,,,1.0,silver_feedin,,True,,,,5078,,
700404,95303,,,1.0,silver_feedin,,True,,,,5225,,
700432,105428,,,1.0,silver_feedin,,True,,,,5078,,
700449,101859,,,1.0,silver_feedin,,True,,,,5078,,
700469,119552,,,1.0,silver_feedin,,True,,,,8962,,
700472,100984,,,1.0,silver_feedin,,True,,,,5078,,
700477,100431,,,1.0,silver_feedin,,True,,,,5078,,
700485,100430,,,1.0,silver_feedin,,True,,,,5078,,
700494,92390,,,1.0,silver_feedin,,True,,,,5330,,
700518,162039,,,1.0,silver_feedin,,True,,,,5614,,
700579,83911,,,1.0,silver_feedin,,True,,,,5733,,
700637,80702,,,1.0,silver_feedin,,True,,,,5074,,
700643,99408,,,1.0,silver_feedin,,True,,,,5074,,
700699,113661,,,1.0,silver_feedin,,True,,,,5074,,
700702,138575,,,1.0,silver_feedin,,True,,,,5707,,
700704,90822,,,1.0,silver_feedin,,True,,,,5074,,
700719,97181,,,1.0,silver_feedin,,True,,,,5074,,
700747,139636,,,1.0,silver_feedin,,True,,,,5107,,
700763,165095,,,1.0,silver_feedin,,True,,,,4313,,
700776,88714,,,1.0,silver_feedin,,True,,,,5074,,
700805,98199,,,1.0,silver_feedin,,True,,,,5225,,
700830,125493,,,1.0,silver_feedin,,True,,,,5074,,
700841,161696,,,1.0,silver_feedin,,True,,,,4317,,
700861,156385,,,1.0,silver_feedin,,True,,,,4313,,
700959,96703,,,1.0,silver_feedin,,True,,,,5074,,
700990,157969,,,1.0,silver_feedin,,True,,,,4813,,
700999,91341,,,1.0,silver_feedin,,True,,,,5074,,
701013,167233,,,1.0,silver_feedin,,True,,,,4332,,
701029,109255,,,1.0,silver_feedin,,True,,,,5304,,
701038,127683,,,1.0,silver_feedin,,True,,,,5074,,
701089,165206,,,1.0,silver_feedin,,True,,,,4313,,
701115,118043,,,1.0,silver_feedin,,True,,,,5235,,
701198,86931,,,1.0,silver_feedin,,True,,,,4468,,
701226,133640,,,1.0,silver_feedin,,True,,,,5244,,
701227,65283,,,1.0,silver_feedin,,True,,,,5105,,
701229,92157,,,1.0,silver_feedin,,True,,,,5304,,
701261,131775,,,1.0,silver_feedin,,True,,,,5304,,
701271,166948,,,1.0,silver_feedin,,True,,,,5614,,
701296,95636,,,1.0,silver_feedin,,True,,,,5304,,
701298,95714,,,1.0,silver_feedin,,True,,,,5304,,
701309,157029,,,1.0,silver_feedin,,True,,,,5314,,
701318,161912,,,1.0,silver_feedin,,True,,,,5614,,
701365,159570,,,1.0,silver_feedin,,True,,,,5620,,
701388,99468,,,1.0,silver_feedin,,True,,,,5330,,
701408,101752,,,1.0,silver_feedin,,True,,,,5330,,
701450,156505,,,1.0,silver_feedin,,True,,,,5304,,
701457,119592,,,1.0,silver_feedin,,True,,,,5235,,
701473,154238,,,1.0,silver_feedin,,True,,,,4313,,
701564,59258,,,1.0,silver_feedin,,True,,,,4310,,
701571,136066,,,1.0,silver_feedin,,True,,,,5314,,
701584,94418,,,1.0,silver_feedin,,True,,,,5304,,
701604,95401,,,1.0,silver_feedin,,True,,,,5304,,
701606,64814,,,1.0,silver_feedin,,True,,,,4310,,
701689,144672,,,1.0,silver_feedin,,True,,,,5304,,
701694,125495,,,1.0,silver_feedin,,True,,,,5304,,
701733,110011,,,1.0,silver_feedin,,True,,,,5304,,
701742,154248,,,1.0,silver_feedin,,True,,,,4324,,
701764,124458,,,1.0,silver_feedin,,True,,,,5304,,
701772,127625,,,1.0,silver_feedin,,True,,,,5305,,
701790,163930,,,1.0,silver_feedin,,True,,,,5615,,
701908,88737,,,1.0,silver_feedin,,True,,,,4310,,
701970,127593,,,1.0,silver_feedin,,True,,,,5620,,
702006,58964,,,1.0,silver_feedin,,True,,,,5452,,
702082,165202,,,1.0,silver_feedin,,True,,,,5615,,
702130,133519,,,1.0,silver_feedin,,True,,,,5707,,
702140,142488,,,1.0,silver_feedin,,True,,,,5316,,
702171,160917,,,1.0,silver_feedin,,True,,,,5615,,
702187,162050,,,1.0,silver_feedin,,True,,,,5615,,
702241,120341,,,1.0,silver_feedin,,True,,,,5235,,
702254,80949,,,1.0,silver_feedin,,True,,,,5330,,
702267,169820,,,1.0,silver_feedin,,True,,,,5070,,
702315,165332,,,1.0,silver_feedin,,True,,,,5615,,
702328,133242,,,1.0,silver_feedin,,True,,,,5027,,
702341,90814,,,1.0,silver_feedin,,True,,,,5225,,
702346,162623,,,1.0,silver_feedin,,True,,,,5615,,
702354,138219,,,1.0,silver_feedin,,True,,,,5107,,
702356,137606,,,1.0,silver_feedin,,True,,,,5107,,
702360,163932,,,1.0,silver_feedin,,True,,,,5615,,
702363,138218,,,1.0,silver_feedin,,True,,,,5107,,
702442,81904,,,1.0,silver_feedin,,True,,,,5467,,
702452,96993,,,1.0,silver_feedin,,True,,,,5467,,
702459,150043,,,1.0,silver_feedin,,True,,,,5707,,
702476,114974,,,1.0,silver_feedin,,True,,,,5467,,
702478,151043,,,1.0,silver_feedin,,True,,,,5467,,
702487,146807,,,1.0,silver_feedin,,True,,,,4313,,
702509,95137,,,1.0,silver_feedin,,True,,,,5733,,
702513,110636,,,1.0,silver_feedin,,True,,,,5467,,
702575,162187,,,1.0,silver_feedin,,True,,,,5614,,
702582,164275,,,1.0,silver_feedin,,True,,,,5306,,
702589,81656,,,1.0,silver_feedin,,True,,,,5733,,
702591,150067,,,1.0,silver_feedin,,True,,,,5105,,
702704,156420,,,1.0,silver_feedin,,True,,,,5330,,
702739,141367,,,1.0,silver_feedin,,True,,,,5620,,
702741,148273,,,1.0,silver_feedin,,True,,,,5620,,
702744,40107,,,1.0,silver_feedin,,True,,,,5745,,
702755,148286,,,1.0,silver_feedin,,True,,,,5027,,
703000,115988,,,1.0,silver_feedin,,True,,,,4322,,
703041,94284,,,1.0,silver_feedin,,True,,,,5304,,
703043,95387,,,1.0,silver_feedin,,True,,,,5304,,
703066,140974,,,1.0,silver_feedin,,True,,,,5620,,
703088,159086,,,1.0,silver_feedin,,True,,,,4316,,
703169,139938,,,1.0,silver_feedin,,True,,,,5237,,
703180,165167,,,1.0,silver_feedin,,True,,,,5614,,
703310,37295,,,1.0,silver_feedin,,True,,,,4310,,
703331,153326,,,1.0,silver_feedin,,True,,,,4324,,
703344,169302,,,1.0,silver_feedin,,True,,,,5070,,
703349,168734,,,1.0,silver_feedin,,True,,,,5070,,
703409,120653,,,1.0,silver_feedin,,True,,,,5075,,
703410,58897,,,1.0,silver_feedin,,True,,,,5600,,
703412,122587,,,1.0,silver_feedin,,True,,,,5304,,
703471,77225,,,1.0,silver_feedin,,True,,,,8962,,
703475,75977,,,1.0,silver_feedin,,True,,,,5426,,
703493,138160,,,1.0,silver_feedin,,True,,,,5314,,
703498,51180,,,1.0,silver_feedin,,True,,,,5452,,
703543,128075,,,1.0,silver_feedin,,True,,,,5506,,
703548,100540,,,1.0,silver_feedin,,True,,,,4303,,
703607,168581,,,1.0,silver_feedin,,True,,,,5070,,
703647,158799,,,1.0,silver_feedin,,True,,,,5312,,
703701,110092,,,1.0,silver_feedin,,True,,,,5324,,
703704,158516,,,1.0,silver_feedin,,True,,,,5324,,
703706,121381,,,1.0,silver_feedin,,True,,,,5324,,
703711,169797,,,1.0,silver_feedin,,True,,,,5070,,
703714,71406,,,1.0,silver_feedin,,True,,,,5072,,
703756,162190,,,1.0,silver_feedin,,True,,,,5614,,
703776,149301,,,1.0,silver_feedin,,True,,,,5316,,
703875,148322,,,1.0,silver_feedin,,True,,,,4310,,
703880,112779,,,1.0,silver_feedin,,True,,,,5078,,
703926,155227,,,1.0,silver_feedin,,True,,,,5070,,
703940,161690,,,1.0,silver_feedin,,True,,,,4333,,
703972,84168,,,1.0,silver_feedin,,True,,,,8962,,
703985,120035,,,1.0,silver_feedin,,True,,,,5324,,
704013,144695,,,1.0,silver_feedin,,True,,,,5237,,
704018,104935,,,1.0,silver_feedin,,True,,,,5324,,
704030,140459,,,1.0,silver_feedin,,True,,,,4317,,
704031,105955,,,1.0,silver_feedin,,True,,,,5324,,
704034,108105,,,1.0,silver_feedin,,True,,,,5324,,
704112,120509,,,1.0,silver_feedin,,True,,,,5324,,
704129,162335,,,1.0,silver_feedin,,True,,,,4315,,
704157,111455,,,1.0,silver_feedin,,True,,,,5324,,
704189,119703,,,1.0,silver_feedin,,True,,,,5324,,
704225,119268,,,1.0,silver_feedin,,True,,,,5324,,
704249,139609,,,1.0,silver_feedin,,True,,,,4468,,
704257,136573,,,1.0,silver_feedin,,True,,,,5324,,
704273,115769,,,1.0,silver_feedin,,True,,,,5324,,
704293,100483,,,1.0,silver_feedin,,True,,,,5225,,
704294,126206,,,1.0,silver_feedin,,True,,,,5027,,
704300,151399,,,1.0,silver_feedin,,True,,,,4324,,
704305,100975,,,1.0,silver_feedin,,True,,,,5225,,
704394,138829,,,1.0,silver_feedin,,True,,,,5316,,
704398,104950,,,1.0,silver_feedin,,True,,,,5237,,
704428,149779,,,1.0,silver_feedin,,True,,,,5707,,
704438,65948,,,1.0,silver_feedin,,True,,,,5467,,
704467,92017,,,1.0,silver_feedin,,True,,,,5706,,
704514,166450,,,1.0,silver_feedin,,True,,,,5027,,
704544,64856,,,1.0,silver_feedin,,True,,,,5106,,
704593,142589,,,1.0,silver_feedin,,True,,,,4322,,
704613,131939,,,1.0,silver_feedin,,True,,,,4310,,
704628,162336,,,1.0,silver_feedin,,True,,,,4315,,
704633,153113,,,1.0,silver_feedin,,True,,,,4316,,
704721,148378,,,1.0,silver_feedin,,True,,,,4316,,
704732,148189,,,1.0,silver_feedin,,True,,,,4316,,
704757,126523,,,1.0,silver_feedin,,True,,,,5426,,
704802,157018,,,1.0,silver_feedin,,True,,,,4316,,
704807,163954,,,1.0,silver_feedin,,True,,,,5075,,
704840,121332,,,1.0,silver_feedin,,True,,,,5306,,
704842,150725,,,1.0,silver_feedin,,True,,,,4316,,
704863,167035,,,1.0,silver_feedin,,True,,,,5614,,
704869,100645,,,1.0,silver_feedin,,True,,,,5504,,
704877,158806,,,1.0,silver_feedin,,True,,,,4316,,
704913,149263,,,1.0,silver_feedin,,True,,,,4316,,
704919,87665,,,1.0,silver_feedin,,True,,,,5426,,
704929,153110,,,1.0,silver_feedin,,True,,,,4316,,
704946,144148,,,1.0,silver_feedin,,True,,,,5316,,
705065,134994,,,1.0,silver_feedin,,True,,,,4317,,
705147,165070,,,1.0,silver_feedin,,True,,,,4323,,
705164,111540,,,1.0,silver_feedin,,True,,,,5324,,
705214,138237,,,1.0,silver_feedin,,True,,,,5617,,
705298,126203,,,1.0,silver_feedin,,True,,,,5027,,
705309,130529,,,1.0,silver_feedin,,True,,,,5027,,
705383,125342,,,1.0,silver_feedin,,True,,,,5027,,
705389,143468,,,1.0,silver_feedin,,True,,,,5027,,
705400,142503,,,1.0,silver_feedin,,True,,,,4313,,
705432,134845,,,1.0,silver_feedin,,True,,,,5027,,
705442,136579,,,1.0,silver_feedin,,True,,,,5027,,
705453,136580,,,1.0,silver_feedin,,True,,,,5027,,
705458,127432,,,1.0,silver_feedin,,True,,,,5027,,
705491,133501,,,1.0,silver_feedin,,True,,,,5707,,
705506,132016,,,1.0,silver_feedin,,True,,,,5707,,
705524,134218,,,1.0,silver_feedin,,True,,,,4313,,
705560,133614,,,1.0,silver_feedin,,True,,,,5027,,
705562,133615,,,1.0,silver_feedin,,True,,,,5027,,
705584,135911,,,1.0,silver_feedin,,True,,,,5027,,
705667,137421,,,1.0,silver_feedin,,True,,,,5027,,
705706,154710,,,1.0,silver_feedin,,True,,,,5107,,
705879,159615,,,1.0,silver_feedin,,True,,,,5070,,
705893,137608,,,1.0,silver_feedin,,True,,,,5107,,
705921,60439,,,1.0,silver_feedin,,True,,,,5106,,
705966,27866,,,1.0,silver_feedin,,True,,,,5113,,
705996,62997,,,1.0,silver_feedin,,True,,,,5113,,
706006,88119,,,1.0,silver_feedin,,True,,,,5113,,
706007,107338,,,1.0,silver_feedin,,True,,,,5617,,
706050,96987,,,1.0,silver_feedin,,True,,,,5330,,
706079,163659,,,1.0,silver_feedin,,True,,,,5605,,
706093,135518,,,1.0,silver_feedin,,True,,,,5075,,
706099,135914,,,1.0,silver_feedin,,True,,,,5075,,
706113,131538,,,1.0,silver_feedin,,True,,,,5075,,
706127,86697,,,1.0,silver_feedin,,True,,,,5426,,
706139,131880,,,1.0,silver_feedin,,True,,,,5075,,
706148,95323,,,1.0,silver_feedin,,True,,,,5225,,
706213,47471,,,1.0,silver_feedin,,True,,,,5105,,
706272,144383,,,1.0,silver_feedin,,True,,,,5075,,
706281,79414,,,1.0,silver_feedin,,True,,,,5452,,
706337,77965,,,1.0,silver_feedin,,True,,,,5330,,
706359,155875,,,1.0,silver_feedin,,True,,,,4325,,
706363,153126,,,1.0,silver_feedin,,True,,,,4313,,
706371,134224,,,1.0,silver_feedin,,True,,,,5617,,
706394,118891,,,1.0,silver_feedin,,True,,,,5075,,
706395,140335,,,1.0,silver_feedin,,True,,,,4303,,
706399,116337,,,1.0,silver_feedin,,True,,,,4303,,
706510,95400,,,1.0,silver_feedin,,True,,,,5304,,
706523,137691,,,1.0,silver_feedin,,True,,,,4303,,
706538,114315,,,1.0,silver_feedin,,True,,,,4303,,
706577,154543,,,1.0,silver_feedin,,True,,,,5074,,
706593,139199,,,1.0,silver_feedin,,True,,,,4303,,
706626,117849,,,1.0,silver_feedin,,True,,,,5075,,
706725,129783,,,1.0,silver_feedin,,True,,,,4313,,
706759,122486,,,1.0,silver_feedin,,True,,,,4303,,
706783,165269,,,1.0,silver_feedin,,True,,,,4303,,
706792,101416,,,1.0,silver_feedin,,True,,,,5452,,
706793,123263,,,1.0,silver_feedin,,True,,,,4303,,
706853,113974,,,1.0,silver_feedin,,True,,,,4303,,
706896,108062,,,1.0,silver_feedin,,True,,,,5237,,
706955,162904,,,1.0,silver_feedin,,True,,,,4333,,
706980,117630,,,1.0,silver_feedin,,True,,,,5306,,
707079,166475,,,1.0,silver_feedin,,True,,,,4312,,
707092,130538,,,1.0,silver_feedin,,True,,,,5426,,
707120,43019,,,1.0,silver_feedin,,True,,,,5745,,
707122,130297,,,1.0,silver_feedin,,True,,,,5707,,
707173,150097,,,1.0,silver_feedin,,True,,,,4313,,
707197,76192,,,1.0,silver_feedin,,True,,,,5074,,
707199,87294,,,1.0,silver_feedin,,True,,,,5074,,
707213,96360,,,1.0,silver_feedin,,True,,,,5072,,
707226,117205,,,1.0,silver_feedin,,True,,,,5745,,
707228,133966,,,1.0,silver_feedin,,True,,,,5504,,
707270,61748,,,1.0,silver_feedin,,True,,,,5074,,
707273,95978,,,1.0,silver_feedin,,True,,,,5304,,
707318,170760,,,1.0,silver_feedin,,True,,,,4332,,
707373,149783,,,1.0,silver_feedin,,True,,,,5707,,
707432,95235,,,1.0,silver_feedin,,True,,,,5304,,
707438,95293,,,1.0,silver_feedin,,True,,,,5706,,
707458,59553,,,1.0,silver_feedin,,True,,,,5443,,
707483,50791,,,1.0,silver_feedin,,True,,,,5745,,
707494,149782,,,1.0,silver_feedin,,True,,,,5707,,
707625,161274,,,1.0,silver_feedin,,True,,,,5070,,
707627,88735,,,1.0,silver_feedin,,True,,,,5443,,
707672,27296,,,1.0,silver_feedin,,True,,,,5625,,
707684,161288,,,1.0,silver_feedin,,True,,,,5625,,
707702,122844,,,1.0,silver_feedin,,True,,,,5027,,
707745,158024,,,1.0,silver_feedin,,True,,,,5107,,
707762,80561,,,1.0,silver_feedin,,True,,,,5733,,
707858,109823,,,1.0,silver_feedin,,True,,,,5426,,
707868,157096,,,1.0,silver_feedin,,True,,,,4313,,
707887,80562,,,1.0,silver_feedin,,True,,,,5733,,
707950,136572,,,1.0,silver_feedin,,True,,,,5505,,
707958,156786,,,1.0,silver_feedin,,True,,,,5745,,
707972,165357,,,1.0,silver_feedin,,True,,,,5105,,
707996,75841,,,1.0,silver_feedin,,True,,,,5426,,
708024,80714,,,1.0,silver_feedin,,True,,,,5426,,
708027,77921,,,1.0,silver_feedin,,True,,,,5426,,
708036,110516,,,1.0,silver_feedin,,True,,,,5426,,
708040,79413,,,1.0,silver_feedin,,True,,,,5426,,
708076,44515,,,1.0,silver_feedin,,True,,,,5619,,
708102,110593,,,1.0,silver_feedin,,True,,,,5426,,
708108,105132,,,1.0,silver_feedin,,True,,,,5306,,
708178,147821,,,1.0,silver_feedin,,True,,,,5452,,
708212,125508,,,1.0,silver_feedin,,True,,,,5426,,
708233,94723,,,1.0,silver_feedin,,True,,,,5426,,
708278,94767,,,1.0,silver_feedin,,True,,,,5426,,
708279,63423,,,1.0,silver_feedin,,True,,,,5106,,
708293,94428,,,1.0,silver_feedin,,True,,,,5426,,
708301,154548,,,1.0,silver_feedin,,True,,,,5426,,
708348,154813,,,1.0,silver_feedin,,True,,,,5426,,
708354,99438,,,1.0,silver_feedin,,True,,,,5426,,
708364,87412,,,1.0,silver_feedin,,True,,,,5426,,
708381,109825,,,1.0,silver_feedin,,True,,,,5426,,
708383,87414,,,1.0,silver_feedin,,True,,,,5426,,
708399,168640,,,1.0,silver_feedin,,True,,,,5070,,
708401,160204,,,1.0,silver_feedin,,True,,,,5070,,
708429,143774,,,1.0,silver_feedin,,True,,,,5316,,
708454,92991,,,1.0,silver_feedin,,True,,,,5426,,
708478,91149,,,1.0,silver_feedin,,True,,,,5426,,
708494,111923,,,1.0,silver_feedin,,True,,,,5426,,
708506,103553,,,1.0,silver_feedin,,True,,,,5225,,
708533,95029,,,1.0,silver_feedin,,True,,,,5426,,
708540,99145,,,1.0,silver_feedin,,True,,,,5426,,
708546,148213,,,1.0,silver_feedin,,True,,,,5607,,
708553,46759,,,1.0,silver_feedin,,True,,,,5106,,
708562,61440,,,1.0,silver_feedin,,True,,,,5106,,
708607,165551,,,1.0,silver_feedin,,True,,,,5312,,
708612,81453,,,1.0,silver_feedin,,True,,,,5426,,
708631,75915,,,1.0,silver_feedin,,True,,,,5426,,
708633,81535,,,1.0,silver_feedin,,True,,,,4310,,
708639,95028,,,1.0,silver_feedin,,True,,,,5426,,
708654,94048,,,1.0,silver_feedin,,True,,,,5426,,
708661,41850,,,1.0,silver_feedin,,True,,,,4310,,
708693,170825,,,1.0,silver_feedin,,True,,,,4313,,
708708,162334,,,1.0,silver_feedin,,True,,,,4315,,
708725,142506,,,1.0,silver_feedin,,True,,,,4313,,
708746,113975,,,1.0,silver_feedin,,True,,,,4303,,
708808,163999,,,1.0,silver_feedin,,True,,,,4313,,
708817,140704,,,1.0,silver_feedin,,True,,,,5316,,
708841,136071,,,1.0,silver_feedin,,True,,,,5316,,
708846,139622,,,1.0,silver_feedin,,True,,,,5316,,
708863,152054,,,1.0,silver_feedin,,True,,,,4813,,
708894,121103,,,1.0,silver_feedin,,True,,,,5443,,
708912,133636,,,1.0,silver_feedin,,True,,,,5316,,
708916,133262,,,1.0,silver_feedin,,True,,,,5316,,
708917,108715,,,1.0,silver_feedin,,True,,,,5074,,
708939,133933,,,1.0,silver_feedin,,True,,,,5316,,
708986,135728,,,1.0,silver_feedin,,True,,,,5316,,
709058,92865,,,1.0,silver_feedin,,True,,,,5225,,
709063,151493,,,1.0,silver_feedin,,True,,,,5316,,
709064,128106,,,1.0,silver_feedin,,True,,,,5707,,
709065,153121,,,1.0,silver_feedin,,True,,,,5316,,
709081,117254,,,1.0,silver_feedin,,True,,,,5330,,
709116,47847,,,1.0,silver_feedin,,True,,,,5330,,
709147,109718,,,1.0,silver_feedin,,True,,,,5107,,
709155,147939,,,1.0,silver_feedin,,True,,,,5604,,
709161,41851,,,1.0,silver_feedin,,True,,,,4310,,
709194,152718,,,1.0,silver_feedin,,True,,,,5105,,
709210,55467,,,1.0,silver_feedin,,True,,,,5745,,
709236,142487,,,1.0,silver_feedin,,True,,,,5316,,
709243,147876,,,1.0,silver_feedin,,True,,,,5316,,
709260,144674,,,1.0,silver_feedin,,True,,,,5316,,
709278,142443,,,1.0,silver_feedin,,True,,,,5316,,
709286,144678,,,1.0,silver_feedin,,True,,,,4313,,
709305,106995,,,1.0,silver_feedin,,True,,,,5316,,
709358,165205,,,1.0,silver_feedin,,True,,,,4312,,
709379,84104,,,1.0,silver_feedin,,True,,,,5313,,
709388,147818,,,1.0,silver_feedin,,True,,,,5316,,
709447,133246,,,1.0,silver_feedin,,True,,,,5027,,
709459,120499,,,1.0,silver_feedin,,True,,,,5304,,
709467,139443,,,1.0,silver_feedin,,True,,,,5707,,
709515,127434,,,1.0,silver_feedin,,True,,,,5725,,
709530,153455,,,1.0,silver_feedin,,True,,,,4325,,
709558,164077,,,1.0,silver_feedin,,True,,,,4324,,
709566,131698,,,1.0,silver_feedin,,True,,,,5725,,
709574,128020,,,1.0,silver_feedin,,True,,,,5725,,
709587,149363,,,1.0,silver_feedin,,True,,,,5330,,
709597,131279,,,1.0,silver_feedin,,True,,,,5725,,
709606,130487,,,1.0,silver_feedin,,True,,,,5725,,
709616,133485,,,1.0,silver_feedin,,True,,,,5707,,
709626,142284,,,1.0,silver_feedin,,True,,,,5725,,
709631,131558,,,1.0,silver_feedin,,True,,,,5725,,
709639,131556,,,1.0,silver_feedin,,True,,,,5725,,
709668,148060,,,1.0,silver_feedin,,True,,,,5107,,
709711,168428,,,1.0,silver_feedin,,True,,,,4312,,
709721,72082,,,1.0,silver_feedin,,True,,,,5443,,
709742,94359,,,1.0,silver_feedin,,True,,,,5706,,
709744,137068,,,1.0,silver_feedin,,True,,,,5707,,
709775,121144,,,1.0,silver_feedin,,True,,,,8962,,
709808,119443,,,1.0,silver_feedin,,True,,,,8962,,
709818,124072,,,1.0,silver_feedin,,True,,,,8962,,
709845,126551,,,1.0,silver_feedin,,True,,,,4310,,
709854,157553,,,1.0,silver_feedin,,True,,,,8962,,
709886,139638,,,1.0,silver_feedin,,True,,,,5707,,
709976,46407,,,1.0,silver_feedin,,True,,,,5330,,
710113,169307,,,1.0,silver_feedin,,True,,,,4312,,
710115,168848,,,1.0,silver_feedin,,True,,,,4312,,
710133,163817,,,1.0,silver_feedin,,True,,,,4312,,
710152,169806,,,1.0,silver_feedin,,True,,,,4312,,
710223,68497,,,1.0,silver_feedin,,True,,,,5330,,
710267,160449,,,1.0,silver_feedin,,True,,,,4315,,
710289,98954,,,1.0,silver_feedin,,True,,,,4303,,
710389,165155,,,1.0,silver_feedin,,True,,,,4312,,
710416,139116,,,1.0,silver_feedin,,True,,,,4813,,
710424,103251,,,1.0,silver_feedin,,True,,,,5504,,
710427,103252,,,1.0,silver_feedin,,True,,,,5504,,
710479,131697,,,1.0,silver_feedin,,True,,,,5725,,
710480,107562,,,1.0,silver_feedin,,True,,,,5725,,
710518,160977,,,1.0,silver_feedin,,True,,,,4312,,
710532,107568,,,1.0,silver_feedin,,True,,,,4310,,
710548,87008,,,1.0,silver_feedin,,True,,,,5244,,
710663,100179,,,1.0,silver_feedin,,True,,,,4303,,
710716,100545,,,1.0,silver_feedin,,True,,,,4303,,
710720,85249,,,1.0,silver_feedin,,True,,,,5244,,
710767,126317,,,1.0,silver_feedin,,True,,,,5107,,
710778,126018,,,1.0,silver_feedin,,True,,,,5306,,
710805,126691,,,1.0,silver_feedin,,True,,,,4322,,
710834,145430,,,1.0,silver_feedin,,True,,,,5312,,
710879,83023,,,1.0,silver_feedin,,True,,,,5074,,
710912,68903,,,1.0,silver_feedin,,True,,,,5600,,
710981,49801,,,1.0,silver_feedin,,True,,,,5105,,
710998,118592,,,1.0,silver_feedin,,True,,,,5443,,
711039,122240,,,1.0,silver_feedin,,True,,,,5506,,
711048,114984,,,1.0,silver_feedin,,True,,,,5506,,
711055,117172,,,1.0,silver_feedin,,True,,,,5506,,
711143,115770,,,1.0,silver_feedin,,True,,,,5324,,
711150,154184,,,1.0,silver_feedin,,True,,,,4325,,
711158,130846,,,1.0,silver_feedin,,True,,,,5108,,
711159,111929,,,1.0,silver_feedin,,True,,,,5506,,
711161,114982,,,1.0,silver_feedin,,True,,,,5506,,
711175,105455,,,1.0,silver_feedin,,True,,,,5506,,
711181,107020,,,1.0,silver_feedin,,True,,,,5506,,
711201,107021,,,1.0,silver_feedin,,True,,,,5506,,
711205,122241,,,1.0,silver_feedin,,True,,,,5506,,
711208,124387,,,1.0,silver_feedin,,True,,,,5426,,
711216,110093,,,1.0,silver_feedin,,True,,,,5506,,
711217,80911,,,1.0,silver_feedin,,True,,,,5426,,
711221,107545,,,1.0,silver_feedin,,True,,,,5225,,
711244,114067,,,1.0,silver_feedin,,True,,,,5506,,
711265,112235,,,1.0,silver_feedin,,True,,,,5506,,
711267,116225,,,1.0,silver_feedin,,True,,,,5506,,
711296,117122,,,1.0,silver_feedin,,True,,,,5506,,
711299,163485,,,1.0,silver_feedin,,True,,,,5725,,
711313,114199,,,1.0,silver_feedin,,True,,,,5506,,
711338,144294,,,1.0,silver_feedin,,True,,,,5075,,
711411,116649,,,1.0,silver_feedin,,True,,,,5506,,
711433,93739,,,1.0,silver_feedin,,True,,,,5225,,
711495,123419,,,1.0,silver_feedin,,True,,,,5426,,
711533,76746,,,1.0,silver_feedin,,True,,,,5426,,
711560,100237,,,1.0,silver_feedin,,True,,,,5622,,
711570,66605,,,1.0,silver_feedin,,True,,,,5443,,
711739,134842,,,1.0,silver_feedin,,True,,,,5620,,
711970,126307,,,1.0,silver_feedin,,True,,,,5108,,
712121,163266,,,1.0,silver_feedin,,True,,,,5070,,
712138,128922,,,1.0,silver_feedin,,True,,,,5105,,
712190,164972,,,1.0,silver_feedin,,True,,,,5617,,
712191,151616,,,1.0,silver_feedin,,True,,,,4313,,
712278,104752,,,1.0,silver_feedin,,True,,,,5617,,
712280,107335,,,1.0,silver_feedin,,True,,,,5617,,
712289,107353,,,1.0,silver_feedin,,True,,,,5617,,
712298,159986,,,1.0,silver_feedin,,True,,,,5506,,
712349,164444,,,1.0,silver_feedin,,True,,,,4312,,
712364,125007,,,1.0,silver_feedin,,True,,,,5027,,
712399,53102,,,1.0,silver_feedin,,True,,,,5452,,
712454,122109,,,1.0,silver_feedin,,True,,,,5306,,
712491,156430,,,1.0,silver_feedin,,True,,,,4313,,
712504,88023,,,1.0,silver_feedin,,True,,,,4310,,
712598,154627,,,1.0,silver_feedin,,True,,,,4313,,
712632,114875,,,1.0,silver_feedin,,True,,,,8962,,
712665,157720,,,1.0,silver_feedin,,True,,,,4313,,
712682,91684,,,1.0,silver_feedin,,True,,,,5505,,
712803,127821,,,1.0,silver_feedin,,True,,,,5506,,
712824,163886,,,1.0,silver_feedin,,True,,,,5614,,
712860,119874,,,1.0,silver_feedin,,True,,,,5619,,
712894,108945,,,1.0,silver_feedin,,True,,,,5312,,
713015,164270,,,1.0,silver_feedin,,True,,,,5614,,
713051,168937,,,1.0,silver_feedin,,True,,,,4313,,
713080,122091,,,1.0,silver_feedin,,True,,,,4303,,
713104,133638,,,1.0,silver_feedin,,True,,,,5316,,
713199,166938,,,1.0,silver_feedin,,True,,,,5105,,
713205,109853,,,1.0,silver_feedin,,True,,,,5506,,
713229,149303,,,1.0,silver_feedin,,True,,,,4313,,
713243,141688,,,1.0,silver_feedin,,True,,,,4313,,
713279,140415,,,1.0,silver_feedin,,True,,,,4313,,
713322,144169,,,1.0,silver_feedin,,True,,,,4313,,
713348,161422,,,1.0,silver_feedin,,True,,,,5236,,
713374,118047,,,1.0,silver_feedin,,True,,,,5707,,
713400,95900,,,1.0,silver_feedin,,True,,,,5304,,
713419,86930,,,1.0,silver_feedin,,True,,,,4468,,
713441,135777,,,1.0,silver_feedin,,True,,,,5707,,
713473,128065,,,1.0,silver_feedin,,True,,,,5108,,
713487,168003,,,1.0,silver_feedin,,True,,,,5615,,
713589,107939,,,1.0,silver_feedin,,True,,,,4303,,
713591,126289,,,1.0,silver_feedin,,True,,,,4313,,
713607,134960,,,1.0,silver_feedin,,True,,,,5504,,
713633,62991,,,1.0,silver_feedin,,True,,,,8962,,
713642,143341,,,1.0,silver_feedin,,True,,,,4313,,
713651,141287,,,1.0,silver_feedin,,True,,,,4313,,
713687,150877,,,1.0,silver_feedin,,True,,,,5312,,
713726,136587,,,1.0,silver_feedin,,True,,,,5235,,
713752,168952,,,1.0,silver_feedin,,True,,,,4313,,
713763,99407,,,1.0,silver_feedin,,True,,,,8962,,
713841,137261,,,1.0,silver_feedin,,True,,,,4313,,
713907,142491,,,1.0,silver_feedin,,True,,,,4313,,
713909,134220,,,1.0,silver_feedin,,True,,,,4313,,
713914,135868,,,1.0,silver_feedin,,True,,,,4313,,
713944,114837,,,1.0,silver_feedin,,True,,,,5237,,
713964,114735,,,1.0,silver_feedin,,True,,,,5452,,
713983,157579,,,1.0,silver_feedin,,True,,,,5312,,
714016,132473,,,1.0,silver_feedin,,True,,,,4313,,
714039,159368,,,1.0,silver_feedin,,True,,,,5614,,
714042,131017,,,1.0,silver_feedin,,True,,,,4313,,
714114,134328,,,1.0,silver_feedin,,True,,,,4313,,
714134,138570,,,1.0,silver_feedin,,True,,,,4313,,
714137,108753,,,1.0,silver_feedin,,True,,,,4322,,
714155,40685,,,1.0,silver_feedin,,True,,,,5452,,
714189,122090,,,1.0,silver_feedin,,True,,,,4303,,
714243,144172,,,1.0,silver_feedin,,True,,,,4313,,
714257,159297,,,1.0,silver_feedin,,True,,,,5070,,
714302,134854,,,1.0,silver_feedin,,True,,,,4317,,
714315,156431,,,1.0,silver_feedin,,True,,,,4313,,
714337,130664,,,1.0,silver_feedin,,True,,,,5304,,
714339,130663,,,1.0,silver_feedin,,True,,,,5304,,
714376,161066,,,1.0,silver_feedin,,True,,,,4312,,
714403,153405,,,1.0,silver_feedin,,True,,,,5314,,
714426,134200,,,1.0,silver_feedin,,True,,,,5225,,
714498,122589,,,1.0,silver_feedin,,True,,,,5324,,
714500,134198,,,1.0,silver_feedin,,True,,,,8962,,
714502,137630,,,1.0,silver_feedin,,True,,,,5707,,
714514,91777,,,1.0,silver_feedin,,True,,,,5074,,
714545,161157,,,1.0,silver_feedin,,True,,,,4313,,
714566,110635,,,1.0,silver_feedin,,True,,,,5225,,
714581,139898,,,1.0,silver_feedin,,True,,,,5316,,
714599,84106,,,1.0,silver_feedin,,True,,,,4310,,
714631,143503,,,1.0,silver_feedin,,True,,,,4313,,
714663,40028,,,1.0,silver_feedin,,True,,,,5330,,
714664,153219,,,1.0,silver_feedin,,True,,,,4313,,
714709,146808,,,1.0,silver_feedin,,True,,,,4313,,
714716,154761,,,1.0,silver_feedin,,True,,,,4313,,
714718,65185,,,1.0,silver_feedin,,True,,,,8962,,
714744,92298,,,1.0,silver_feedin,,True,,,,5426,,
714748,127709,,,1.0,silver_feedin,,True,,,,4303,,
714771,66082,,,1.0,silver_feedin,,True,,,,4310,,
714781,165203,,,1.0,silver_feedin,,True,,,,4312,,
714794,59400,,,1.0,silver_feedin,,True,,,,5105,,
714846,44486,,,1.0,silver_feedin,,True,,,,5443,,
714847,165300,,,1.0,silver_feedin,,True,,,,5615,,
714852,103881,,,1.0,silver_feedin,,True,,,,5443,,
714855,43439,,,1.0,silver_feedin,,True,,,,5330,,
714905,75837,,,1.0,silver_feedin,,True,,,,5074,,
714919,163549,,,1.0,silver_feedin,,True,,,,4332,,
714927,50732,,,1.0,silver_feedin,,True,,,,5443,,
714949,144614,,,1.0,silver_feedin,,True,,,,4313,,
715008,156432,,,1.0,silver_feedin,,True,,,,4313,,
715116,153045,,,1.0,silver_feedin,,True,,,,4313,,
715129,125529,,,1.0,silver_feedin,,True,,,,5707,,
715261,135732,,,1.0,silver_feedin,,True,,,,4313,,
715334,138514,,,1.0,silver_feedin,,True,,,,4313,,
715355,107564,,,1.0,silver_feedin,,True,,,,5237,,
715369,109036,,,1.0,silver_feedin,,True,,,,5237,,
715429,154410,,,1.0,silver_feedin,,True,,,,4325,,
715443,163840,,,1.0,silver_feedin,,True,,,,5237,,
715546,159099,,,1.0,silver_feedin,,True,,,,4310,,
715548,156879,,,1.0,silver_feedin,,True,,,,4313,,
715581,108984,,,1.0,silver_feedin,,True,,,,4303,,
715605,88299,,,1.0,silver_feedin,,True,,,,5426,,
715610,122812,,,1.0,silver_feedin,,True,,,,5505,,
715666,109194,,,1.0,silver_feedin,,True,,,,4322,,
715712,164328,,,1.0,silver_feedin,,True,,,,4322,,
715715,111946,,,1.0,silver_feedin,,True,,,,4322,,
715736,122097,,,1.0,silver_feedin,,True,,,,4322,,
715756,158545,,,1.0,silver_feedin,,True,,,,4325,,
715775,115984,,,1.0,silver_feedin,,True,,,,4322,,
715779,116377,,,1.0,silver_feedin,,True,,,,4322,,
715811,106736,,,1.0,silver_feedin,,True,,,,4322,,
715816,109560,,,1.0,silver_feedin,,True,,,,4322,,
715872,147754,,,1.0,silver_feedin,,True,,,,5620,,
715908,164330,,,1.0,silver_feedin,,True,,,,5107,,
715915,120312,,,1.0,silver_feedin,,True,,,,4322,,
715956,162526,,,1.0,silver_feedin,,True,,,,4333,,
715977,96060,,,1.0,silver_feedin,,True,,,,5304,,
716008,168831,,,1.0,silver_feedin,,True,,,,5225,,
716081,163175,,,1.0,silver_feedin,,True,,,,4333,,
716090,79411,,,1.0,silver_feedin,,True,,,,5625,,
716167,161933,,,1.0,silver_feedin,,True,,,,4333,,
716229,155826,,,1.0,silver_feedin,,True,,,,4313,,
716260,163262,,,1.0,silver_feedin,,True,,,,4333,,
716297,40550,,,1.0,silver_feedin,,True,,,,5443,,
716355,133656,,,1.0,silver_feedin,,True,,,,5225,,
716403,126221,,,1.0,silver_feedin,,True,,,,5075,,
716406,41423,,,1.0,silver_feedin,,True,,,,5443,,
716465,148778,,,1.0,silver_feedin,,True,,,,5316,,
716487,150881,,,1.0,silver_feedin,,True,,,,5312,,
716510,66807,,,1.0,silver_feedin,,True,,,,5443,,
716529,120786,,,1.0,silver_feedin,,True,,,,5443,,
716535,114748,,,1.0,silver_feedin,,True,,,,5504,,
716587,166631,,,1.0,silver_feedin,,True,,,,5614,,
716589,168791,,,1.0,silver_feedin,,True,,,,5236,,
716622,81416,,,1.0,silver_feedin,,True,,,,5044,,
716639,155862,,,1.0,silver_feedin,,True,,,,5107,,
716652,163238,,,1.0,silver_feedin,,True,,,,5614,,
716680,118616,,,1.0,silver_feedin,,True,,,,5443,,
716809,46127,,,1.0,silver_feedin,,True,,,,5106,,
716872,160368,,,1.0,silver_feedin,,True,,,,5312,,
716878,100177,,,1.0,silver_feedin,,True,,,,4303,,
716935,150851,,,1.0,silver_feedin,,True,,,,5107,,
716960,125005,,,1.0,silver_feedin,,True,,,,5027,,
716981,76170,,,1.0,silver_feedin,,True,,,,5425,,
717016,51232,,,1.0,silver_feedin,,True,,,,5443,,
717036,156620,,,1.0,silver_feedin,,True,,,,5330,,
717111,156840,,,1.0,silver_feedin,,True,,,,4313,,
717114,83350,,,1.0,silver_feedin,,True,,,,4310,,
717122,146739,,,1.0,silver_feedin,,True,,,,5316,,
717139,57267,,,1.0,silver_feedin,,True,,,,5443,,
717148,48291,,,1.0,silver_feedin,,True,,,,5443,,
717158,66604,,,1.0,silver_feedin,,True,,,,5443,,
717211,58700,,,1.0,silver_feedin,,True,,,,5105,,
717235,89061,,,1.0,silver_feedin,,True,,,,5706,,
717245,139606,,,1.0,silver_feedin,,True,,,,4303,,
717271,42358,,,1.0,silver_feedin,,True,,,,5443,,
717275,62028,,,1.0,silver_feedin,,True,,,,5443,,
717366,94194,,,1.0,silver_feedin,,True,,,,8962,,
717377,126497,,,1.0,silver_feedin,,True,,,,5225,,
717403,97782,,,1.0,silver_feedin,,True,,,,5225,,
717419,97964,,,1.0,silver_feedin,,True,,,,5225,,
717424,121290,,,1.0,silver_feedin,,True,,,,4310,,
717439,108978,,,1.0,silver_feedin,,True,,,,4303,,
717449,119889,,,1.0,silver_feedin,,True,,,,5225,,
717452,107333,,,1.0,silver_feedin,,True,,,,5617,,
717523,128064,,,1.0,silver_feedin,,True,,,,5108,,
717675,152377,,,1.0,silver_feedin,,True,,,,5108,,
717814,147898,,,1.0,silver_feedin,,True,,,,5330,,
717817,118046,,,1.0,silver_feedin,,True,,,,5707,,
717829,159369,,,1.0,silver_feedin,,True,,,,5614,,
717873,152510,,,1.0,silver_feedin,,True,,,,4324,,
717922,153139,,,1.0,silver_feedin,,True,,,,4324,,
717925,107548,,,1.0,silver_feedin,,True,,,,5225,,
717927,87730,,,1.0,silver_feedin,,True,,,,5426,,
717967,152049,,,1.0,silver_feedin,,True,,,,4324,,
718013,165444,,,1.0,silver_feedin,,True,,,,4324,,
718141,133542,,,1.0,silver_feedin,,True,,,,4317,,
718166,165163,,,1.0,silver_feedin,,True,,,,4313,,
718206,51233,,,1.0,silver_feedin,,True,,,,5452,,
718236,53432,,,1.0,silver_feedin,,True,,,,5452,,
718342,53123,,,1.0,silver_feedin,,True,,,,5452,,
718421,161077,,,1.0,silver_feedin,,True,,,,4333,,
718550,87305,,,1.0,silver_feedin,,True,,,,5745,,
718618,130677,,,1.0,silver_feedin,,True,,,,4317,,
718637,160014,,,1.0,silver_feedin,,True,,,,5504,,
718643,107120,,,1.0,silver_feedin,,True,,,,5504,,
718704,117156,,,1.0,silver_feedin,,True,,,,5225,,
718718,107553,,,1.0,silver_feedin,,True,,,,5078,,
718762,86953,,,1.0,silver_feedin,,True,,,,5426,,
718764,134235,,,1.0,silver_feedin,,True,,,,5244,,
718802,110013,,,1.0,silver_feedin,,True,,,,5504,,
718822,70288,,,1.0,silver_feedin,,True,,,,5745,,
718858,87395,,,1.0,silver_feedin,,True,,,,5074,,
718888,102374,,,1.0,silver_feedin,,True,,,,5074,,
718890,110282,,,1.0,silver_feedin,,True,,,,5504,,
718891,11801,,,1.0,silver_feedin,,True,,,,5046,,
718981,120497,,,1.0,silver_feedin,,True,,,,5504,,
719006,105544,,,1.0,silver_feedin,,True,,,,5106,,
719021,111910,,,1.0,silver_feedin,,True,,,,5225,,
719050,120835,,,1.0,silver_feedin,,True,,,,5504,,
719088,109834,,,1.0,silver_feedin,,True,,,,5504,,
719090,116394,,,1.0,silver_feedin,,True,,,,5504,,
719113,144684,,,1.0,silver_feedin,,True,,,,4813,,
719123,96726,,,1.0,silver_feedin,,True,,,,5105,,
719144,115631,,,1.0,silver_feedin,,True,,,,5504,,
719221,93573,,,1.0,silver_feedin,,True,,,,5426,,
719256,162630,,,1.0,silver_feedin,,True,,,,5504,,
719259,169444,,,1.0,silver_feedin,,True,,,,5615,,
719271,46744,,,1.0,silver_feedin,,True,,,,5443,,
719322,163658,,,1.0,silver_feedin,,True,,,,5605,,
719323,96700,,,1.0,silver_feedin,,True,,,,5600,,
719375,135913,,,1.0,silver_feedin,,True,,,,5075,,
719404,162303,,,1.0,silver_feedin,,True,,,,5236,,
719544,168301,,,1.0,silver_feedin,,True,,,,5236,,
719556,124251,,,1.0,silver_feedin,,True,,,,5707,,
719678,50102,,,1.0,silver_feedin,,True,,,,5443,,
719791,105537,,,1.0,silver_feedin,,True,,,,4310,,
719942,86754,,,1.0,silver_feedin,,True,,,,5426,,
719959,152497,,,1.0,silver_feedin,,True,,,,4313,,
720010,156842,,,1.0,silver_feedin,,True,,,,4313,,
720061,131398,,,1.0,silver_feedin,,True,,,,5075,,
720118,127601,,,1.0,silver_feedin,,True,,,,5027,,
720215,100575,,,1.0,silver_feedin,,True,,,,5506,,
720221,166583,,,1.0,silver_feedin,,True,,,,4312,,
720321,139642,,,1.0,silver_feedin,,True,,,,4813,,
720356,125173,,,1.0,silver_feedin,,True,,,,5707,,
720392,84492,,,1.0,silver_feedin,,True,,,,4310,,
720455,134199,,,1.0,silver_feedin,,True,,,,4814,,
720486,100241,,,1.0,silver_feedin,,True,,,,5620,,
720495,109074,,,1.0,silver_feedin,,True,,,,5504,,
720574,156363,,,1.0,silver_feedin,,True,,,,5312,,
720608,136015,,,1.0,silver_feedin,,True,,,,4313,,
720620,704,,,1.0,silver_feedin,,True,,,,4310,,
720641,123501,,,1.0,silver_feedin,,True,,,,5452,,
720680,162129,,,1.0,silver_feedin,,True,,,,5605,,
720746,127529,,,1.0,silver_feedin,,True,,,,5620,,
720754,165162,,,1.0,silver_feedin,,True,,,,4312,,
720799,69592,,,1.0,silver_feedin,,True,,,,5074,,
720852,139046,,,1.0,silver_feedin,,True,,,,5306,,
720952,108979,,,1.0,silver_feedin,,True,,,,4303,,
721031,84937,,,1.0,silver_feedin,,True,,,,4468,,
721113,65314,,,1.0,silver_feedin,,True,,,,5046,,
721285,118338,,,1.0,silver_feedin,,True,,,,5324,,
721296,40391,,,1.0,silver_feedin,,True,,,,4310,,
721372,96729,,,1.0,silver_feedin,,True,,,,5105,,
721396,100541,,,1.0,silver_feedin,,True,,,,4303,,
721410,42405,,,1.0,silver_feedin,,True,,,,4310,,
721424,122137,,,1.0,silver_feedin,,True,,,,5312,,
721448,167229,,,1.0,silver_feedin,,True,,,,4310,,
721453,77260,,,1.0,silver_feedin,,True,,,,4310,,
721464,134207,,,1.0,silver_feedin,,True,,,,5304,,
721467,118577,,,1.0,silver_feedin,,True,,,,5113,,
721483,161251,,,1.0,silver_feedin,,True,,,,5074,,
721524,125170,,,1.0,silver_feedin,,True,,,,5707,,
721528,95294,,,1.0,silver_feedin,,True,,,,5706,,
721545,84129,,,1.0,silver_feedin,,True,,,,5244,,
721596,79626,,,1.0,silver_feedin,,True,,,,5106,,
721629,85962,,,1.0,silver_feedin,,True,,,,4310,,
721686,165365,,,1.0,silver_feedin,,True,,,,5312,,
721786,153307,,,1.0,silver_feedin,,True,,,,5316,,
721840,157588,,,1.0,silver_feedin,,True,,,,4312,,
721897,140906,,,1.0,silver_feedin,,True,,,,4813,,
721962,101613,,,1.0,silver_feedin,,True,,,,4310,,
722010,161447,,,1.0,silver_feedin,,True,,,,5614,,
722101,118805,,,1.0,silver_feedin,,True,,,,4310,,
722111,148515,,,1.0,silver_feedin,,True,,,,4310,,
722112,150239,,,1.0,silver_feedin,,True,,,,4813,,
722134,96515,,,1.0,silver_feedin,,True,,,,5074,,
722168,38125,,,1.0,silver_feedin,,True,,,,5105,,
722189,147959,,,1.0,silver_feedin,,True,,,,4310,,
722207,144296,,,1.0,silver_feedin,,True,,,,4310,,
722220,147958,,,1.0,silver_feedin,,True,,,,4310,,
722223,113887,,,1.0,silver_feedin,,True,,,,5426,,
722224,83563,,,1.0,silver_feedin,,True,,,,4310,,
722245,165201,,,1.0,silver_feedin,,True,,,,5615,,
722273,106756,,,1.0,silver_feedin,,True,,,,5745,,
722277,109275,,,1.0,silver_feedin,,True,,,,4310,,
722318,90832,,,1.0,silver_feedin,,True,,,,4310,,
722397,63403,,,1.0,silver_feedin,,True,,,,4310,,
722504,73595,,,1.0,silver_feedin,,True,,,,5745,,
722514,86726,,,1.0,silver_feedin,,True,,,,5074,,
722532,151786,,,1.0,silver_feedin,,True,,,,5314,,
722622,128232,,,1.0,silver_feedin,,True,,,,5707,,
722624,142526,,,1.0,silver_feedin,,True,,,,5707,,
722651,131313,,,1.0,silver_feedin,,True,,,,5707,,
722682,116378,,,1.0,silver_feedin,,True,,,,4322,,
722732,166570,,,1.0,silver_feedin,,True,,,,4312,,
722766,166942,,,1.0,silver_feedin,,True,,,,5727,,
722780,165098,,,1.0,silver_feedin,,True,,,,4333,,
722812,156841,,,1.0,silver_feedin,,True,,,,4313,,
722851,153266,,,1.0,silver_feedin,,True,,,,4325,,
722901,126278,,,1.0,silver_feedin,,True,,,,4313,,
722942,105954,,,1.0,silver_feedin,,True,,,,5078,,
722985,87860,,,1.0,silver_feedin,,True,,,,4310,,
722999,162328,,,1.0,silver_feedin,,True,,,,5614,,
723021,167813,,,1.0,silver_feedin,,True,,,,4312,,
723024,63015,,,1.0,silver_feedin,,True,,,,5046,,
723115,144653,,,1.0,silver_feedin,,True,,,,5106,,
723122,170762,,,1.0,silver_feedin,,True,,,,4332,,
723153,96059,,,1.0,silver_feedin,,True,,,,5304,,
723167,169472,,,1.0,silver_feedin,,True,,,,5614,,
723178,161911,,,1.0,silver_feedin,,True,,,,5614,,
723179,166569,,,1.0,silver_feedin,,True,,,,4312,,
723180,121270,,,1.0,silver_feedin,,True,,,,4322,,
723228,120945,,,1.0,silver_feedin,,True,,,,5727,,
723291,115423,,,1.0,silver_feedin,,True,,,,4310,,
723390,159366,,,1.0,silver_feedin,,True,,,,5614,,
723413,132021,,,1.0,silver_feedin,,True,,,,4813,,
723422,61940,,,1.0,silver_feedin,,True,,,,8962,,
723468,88219,,,1.0,silver_feedin,,True,,,,4310,,
723506,142522,,,1.0,silver_feedin,,True,,,,4325,,
723597,38761,,,1.0,silver_feedin,,True,,,,5745,,
723607,83280,,,1.0,silver_feedin,,True,,,,5745,,
723626,106023,,,1.0,silver_feedin,,True,,,,4303,,
723640,96054,,,1.0,silver_feedin,,True,,,,5304,,
723711,41874,,,1.0,silver_feedin,,True,,,,4310,,
723787,114976,,,1.0,silver_feedin,,True,,,,4303,,
723848,119591,,,1.0,silver_feedin,,True,,,,5235,,
723876,119538,,,1.0,silver_feedin,,True,,,,5235,,
723921,120355,,,1.0,silver_feedin,,True,,,,5235,,
723923,120724,,,1.0,silver_feedin,,True,,,,5235,,
723939,120789,,,1.0,silver_feedin,,True,,,,5235,,
723987,119426,,,1.0,silver_feedin,,True,,,,5235,,
723990,162402,,,1.0,silver_feedin,,True,,,,5705,,
723992,119590,,,1.0,silver_feedin,,True,,,,5235,,
724018,93775,,,1.0,silver_feedin,,True,,,,5745,,
724027,118588,,,1.0,silver_feedin,,True,,,,5506,,
724061,51589,,,1.0,silver_feedin,,True,,,,5452,,
724075,162889,,,1.0,silver_feedin,,True,,,,4312,,
724104,53061,,,1.0,silver_feedin,,True,,,,5745,,
724143,62763,,,1.0,silver_feedin,,True,,,,5745,,
724165,46312,,,1.0,silver_feedin,,True,,,,5745,,
724211,121341,,,1.0,silver_feedin,,True,,,,5324,,
724256,131281,,,1.0,silver_feedin,,True,,,,5725,,
724270,132674,,,1.0,silver_feedin,,True,,,,5707,,
724317,52713,,,1.0,silver_feedin,,True,,,,5745,,
724348,38497,,,1.0,silver_feedin,,True,,,,5745,,
724351,38746,,,1.0,silver_feedin,,True,,,,5745,,
724411,132358,,,1.0,silver_feedin,,True,,,,5027,,
724424,98201,,,1.0,silver_feedin,,True,,,,5225,,
724436,122252,,,1.0,silver_feedin,,True,,,,4322,,
724449,154637,,,1.0,silver_feedin,,True,,,,4313,,
724529,91782,,,1.0,silver_feedin,,True,,,,5745,,
724554,116869,,,1.0,silver_feedin,,True,,,,5306,,
724571,157289,,,1.0,silver_feedin,,True,,,,4312,,
724588,91919,,,1.0,silver_feedin,,True,,,,5745,,
724595,47764,,,1.0,silver_feedin,,True,,,,5745,,
724606,45041,,,1.0,silver_feedin,,True,,,,5745,,
724617,54753,,,1.0,silver_feedin,,True,,,,5745,,
724630,56032,,,1.0,silver_feedin,,True,,,,5330,,
724662,168040,,,1.0,silver_feedin,,True,,,,5605,,
724667,107566,,,1.0,silver_feedin,,True,,,,4322,,
724672,160137,,,1.0,silver_feedin,,True,,,,5614,,
724692,100579,,,1.0,silver_feedin,,True,,,,5237,,
724703,37324,,,1.0,silver_feedin,,True,,,,5745,,
724732,131888,,,1.0,silver_feedin,,True,,,,4317,,
724768,37858,,,1.0,silver_feedin,,True,,,,5745,,
724782,36587,,,1.0,silver_feedin,,True,,,,5745,,
724803,49285,,,1.0,silver_feedin,,True,,,,5745,,
724827,38260,,,1.0,silver_feedin,,True,,,,5745,,
724837,38499,,,1.0,silver_feedin,,True,,,,5745,,
724875,53480,,,1.0,silver_feedin,,True,,,,5745,,
724900,82353,,,1.0,silver_feedin,,True,,,,5745,,
724905,152843,,,1.0,silver_feedin,,True,,,,5314,,
724958,124144,,,1.0,silver_feedin,,True,,,,5745,,
724966,61280,,,1.0,silver_feedin,,True,,,,5745,,
724973,42446,,,1.0,silver_feedin,,True,,,,5745,,
725012,124143,,,1.0,silver_feedin,,True,,,,5745,,
725070,122038,,,1.0,silver_feedin,,True,,,,5706,,
725086,166105,,,1.0,silver_feedin,,True,,,,4313,,
725134,119423,,,1.0,silver_feedin,,True,,,,4310,,
725152,101301,,,1.0,silver_feedin,,True,,,,5745,,
725153,106991,,,1.0,silver_feedin,,True,,,,5225,,
725154,67143,,,1.0,silver_feedin,,True,,,,5745,,
725156,144681,,,1.0,silver_feedin,,True,,,,5745,,
725248,125011,,,1.0,silver_feedin,,True,,,,5027,,
725368,160135,,,1.0,silver_feedin,,True,,,,5614,,
725430,43631,,,1.0,silver_feedin,,True,,,,5745,,
725479,162548,,,1.0,silver_feedin,,True,,,,5614,,
725485,160138,,,1.0,silver_feedin,,True,,,,5614,,
725500,105674,,,1.0,silver_feedin,,True,,,,5506,,
725501,161919,,,1.0,silver_feedin,,True,,,,5618,,
725506,162943,,,1.0,silver_feedin,,True,,,,5614,,
725514,162944,,,1.0,silver_feedin,,True,,,,5614,,
725517,162940,,,1.0,silver_feedin,,True,,,,5614,,
725564,116781,,,1.0,silver_feedin,,True,,,,5306,,
725566,127629,,,1.0,silver_feedin,,True,,,,4317,,
725597,168161,,,1.0,silver_feedin,,True,,,,5614,,
725604,94864,,,1.0,silver_feedin,,True,,,,5304,,
725609,168589,,,1.0,silver_feedin,,True,,,,5614,,
725655,159367,,,1.0,silver_feedin,,True,,,,5614,,
725700,134525,,,1.0,silver_feedin,,True,,,,4313,,
725868,163934,,,1.0,silver_feedin,,True,,,,5615,,
725918,168169,,,1.0,silver_feedin,,True,,,,5614,,
725947,144184,,,1.0,silver_feedin,,True,,,,5107,,
725974,115793,,,1.0,silver_feedin,,True,,,,4310,,
726011,162048,,,1.0,silver_feedin,,True,,,,5605,,
726138,134221,,,1.0,silver_feedin,,True,,,,5107,,
726145,84897,,,1.0,silver_feedin,,True,,,,5505,,
726152,146816,,,1.0,silver_feedin,,True,,,,5107,,
726157,168365,,,1.0,silver_feedin,,True,,,,5312,,
726269,122332,,,1.0,silver_feedin,,True,,,,5107,,
726288,150688,,,1.0,silver_feedin,,True,,,,5107,,
726389,138573,,,1.0,silver_feedin,,True,,,,5107,,
726391,153319,,,1.0,silver_feedin,,True,,,,5107,,
726405,144188,,,1.0,silver_feedin,,True,,,,5107,,
726418,153145,,,1.0,silver_feedin,,True,,,,5107,,
726453,71368,,,1.0,silver_feedin,,True,,,,5600,,
726462,156392,,,1.0,silver_feedin,,True,,,,4324,,
726469,154251,,,1.0,silver_feedin,,True,,,,5107,,
726501,146253,,,1.0,silver_feedin,,True,,,,5107,,
726509,60648,,,1.0,silver_feedin,,True,,,,5600,,
726561,140421,,,1.0,silver_feedin,,True,,,,5107,,
726563,161630,,,1.0,silver_feedin,,True,,,,5107,,
726566,154170,,,1.0,silver_feedin,,True,,,,4313,,
726586,163543,,,1.0,silver_feedin,,True,,,,5614,,
726595,154788,,,1.0,silver_feedin,,True,,,,5107,,
726602,153133,,,1.0,silver_feedin,,True,,,,4313,,
726722,158975,,,1.0,silver_feedin,,True,,,,5330,,
726775,109290,,,1.0,silver_feedin,,True,,,,8962,,
726780,54462,,,1.0,silver_feedin,,True,,,,5330,,
726825,96704,,,1.0,silver_feedin,,True,,,,4310,,
726965,164091,,,1.0,silver_feedin,,True,,,,5306,,
726983,96986,,,1.0,silver_feedin,,True,,,,5330,,
726990,31471,,,1.0,silver_feedin,,True,,,,5113,,
727159,73459,,,1.0,silver_feedin,,True,,,,4310,,
727173,105771,,,1.0,silver_feedin,,True,,,,5426,,
727239,43272,,,1.0,silver_feedin,,True,,,,5330,,
727248,96576,,,1.0,silver_feedin,,True,,,,5046,,
727262,155832,,,1.0,silver_feedin,,True,,,,4313,,
727294,148314,,,1.0,silver_feedin,,True,,,,5314,,
727307,119381,,,1.0,silver_feedin,,True,,,,4303,,
727360,139869,,,1.0,silver_feedin,,True,,,,5314,,
727378,138396,,,1.0,silver_feedin,,True,,,,5075,,
727483,165378,,,1.0,silver_feedin,,True,,,,5504,,
727587,164532,,,1.0,silver_feedin,,True,,,,5614,,
727614,153283,,,1.0,silver_feedin,,True,,,,4325,,
727616,156890,,,1.0,silver_feedin,,True,,,,4325,,
727622,153265,,,1.0,silver_feedin,,True,,,,4325,,
727626,153286,,,1.0,silver_feedin,,True,,,,4325,,
727628,153287,,,1.0,silver_feedin,,True,,,,4325,,
727661,154544,,,1.0,silver_feedin,,True,,,,4325,,
727688,157268,,,1.0,silver_feedin,,True,,,,4325,,
727736,127442,,,1.0,silver_feedin,,True,,,,5707,,
727745,139611,,,1.0,silver_feedin,,True,,,,5314,,
727768,169828,,,1.0,silver_feedin,,True,,,,4333,,
727769,130860,,,1.0,silver_feedin,,True,,,,5707,,
727772,131637,,,1.0,silver_feedin,,True,,,,5707,,
727774,136105,,,1.0,silver_feedin,,True,,,,5707,,
727801,134010,,,1.0,silver_feedin,,True,,,,5707,,
727865,100178,,,1.0,silver_feedin,,True,,,,4303,,
727891,128510,,,1.0,silver_feedin,,True,,,,5707,,
727907,141293,,,1.0,silver_feedin,,True,,,,5707,,
727927,152274,,,1.0,silver_feedin,,True,,,,4325,,
727953,134841,,,1.0,silver_feedin,,True,,,,5620,,
727962,131902,,,1.0,silver_feedin,,True,,,,5074,,
727967,132672,,,1.0,silver_feedin,,True,,,,5707,,
727997,134206,,,1.0,silver_feedin,,True,,,,5312,,
728052,152837,,,1.0,silver_feedin,,True,,,,5707,,
728072,135711,,,1.0,silver_feedin,,True,,,,5075,,
728085,101843,,,1.0,silver_feedin,,True,,,,5225,,
728092,157267,,,1.0,silver_feedin,,True,,,,4325,,
728164,130673,,,1.0,silver_feedin,,True,,,,5707,,
728174,128070,,,1.0,silver_feedin,,True,,,,5707,,
728190,76741,,,1.0,silver_feedin,,True,,,,5426,,
728230,134214,,,1.0,silver_feedin,,True,,,,5426,,
728250,149781,,,1.0,silver_feedin,,True,,,,5707,,
728274,155900,,,1.0,silver_feedin,,True,,,,5707,,
728285,160348,,,1.0,silver_feedin,,True,,,,4315,,
728332,151829,,,1.0,silver_feedin,,True,,,,4313,,
728337,62947,,,1.0,silver_feedin,,True,,,,4310,,
728341,136092,,,1.0,silver_feedin,,True,,,,5707,,
728358,117101,,,1.0,silver_feedin,,True,,,,5235,,
728401,166071,,,1.0,silver_feedin,,True,,,,4312,,
728420,159468,,,1.0,silver_feedin,,True,,,,4312,,
728457,124200,,,1.0,silver_feedin,,True,,,,5707,,
728500,135778,,,1.0,silver_feedin,,True,,,,5707,,
728593,125172,,,1.0,silver_feedin,,True,,,,5707,,
728667,130155,,,1.0,silver_feedin,,True,,,,5506,,
728687,159978,,,1.0,silver_feedin,,True,,,,5075,,
728737,157717,,,1.0,silver_feedin,,True,,,,4313,,
728850,130390,,,1.0,silver_feedin,,True,,,,5707,,
728861,116228,,,1.0,silver_feedin,,True,,,,4322,,
728902,83430,,,1.0,silver_feedin,,True,,,,5330,,
729021,76230,,,1.0,silver_feedin,,True,,,,5426,,
729042,167516,,,1.0,silver_feedin,,True,,,,4303,,
729063,90613,,,1.0,silver_feedin,,True,,,,5330,,
729095,162983,,,1.0,silver_feedin,,True,,,,4315,,
729108,152773,,,1.0,silver_feedin,,True,,,,4313,,
729113,99439,,,1.0,silver_feedin,,True,,,,4310,,
729114,134226,,,1.0,silver_feedin,,True,,,,5106,,
729145,88220,,,1.0,silver_feedin,,True,,,,5745,,
729147,152084,,,1.0,silver_feedin,,True,,,,5244,,
729194,114360,,,1.0,silver_feedin,,True,,,,5504,,
729245,161056,,,1.0,silver_feedin,,True,,,,5075,,
729248,158193,,,1.0,silver_feedin,,True,,,,5070,,
729386,126157,,,1.0,silver_feedin,,True,,,,5620,,
729404,92859,,,1.0,silver_feedin,,True,,,,5225,,
729421,146817,,,1.0,silver_feedin,,True,,,,5107,,
729439,88774,,,1.0,silver_feedin,,True,,,,5074,,
729471,58274,,,1.0,silver_feedin,,True,,,,5452,,
729474,41054,,,1.0,silver_feedin,,True,,,,5745,,
729479,64815,,,1.0,silver_feedin,,True,,,,4310,,
729567,113971,,,1.0,silver_feedin,,True,,,,8962,,
729723,161277,,,1.0,silver_feedin,,True,,,,5324,,
729725,107945,,,1.0,silver_feedin,,True,,,,5506,,
729753,37028,,,1.0,silver_feedin,,True,,,,5443,,
729833,143223,,,1.0,silver_feedin,,True,,,,5306,,
729868,127816,,,1.0,silver_feedin,,True,,,,5306,,
729906,130294,,,1.0,silver_feedin,,True,,,,5707,,
729911,122545,,,1.0,silver_feedin,,True,,,,5306,,
729972,161470,,,1.0,silver_feedin,,True,,,,5306,,
729988,117519,,,1.0,silver_feedin,,True,,,,5306,,
730007,120589,,,1.0,silver_feedin,,True,,,,4310,,
730014,117136,,,1.0,silver_feedin,,True,,,,5306,,
730072,122426,,,1.0,silver_feedin,,True,,,,5306,,
730350,64816,,,1.0,silver_feedin,,True,,,,4310,,
730404,105279,,,1.0,silver_feedin,,True,,,,5504,,
730458,137601,,,1.0,silver_feedin,,True,,,,5504,,
730467,117998,,,1.0,silver_feedin,,True,,,,5504,,
730480,132003,,,1.0,silver_feedin,,True,,,,4813,,
730514,85713,,,1.0,silver_feedin,,True,,,,5443,,
730530,142498,,,1.0,silver_feedin,,True,,,,4313,,
730559,157970,,,1.0,silver_feedin,,True,,,,4813,,
730561,137639,,,1.0,silver_feedin,,True,,,,4813,,
730565,139117,,,1.0,silver_feedin,,True,,,,4813,,
730566,159926,,,1.0,silver_feedin,,True,,,,4316,,
730574,47676,,,1.0,silver_feedin,,True,,,,5330,,
730597,162577,,,1.0,silver_feedin,,True,,,,5614,,
730655,65470,,,1.0,silver_feedin,,True,,,,4310,,
730703,105483,,,1.0,silver_feedin,,True,,,,5504,,
730706,152819,,,1.0,silver_feedin,,True,,,,4813,,
730781,151236,,,1.0,silver_feedin,,True,,,,4813,,
730797,101253,,,1.0,silver_feedin,,True,,,,4303,,
730850,139641,,,1.0,silver_feedin,,True,,,,4813,,
730855,84228,,,1.0,silver_feedin,,True,,,,5105,,
730941,133621,,,1.0,silver_feedin,,True,,,,4813,,
730942,148348,,,1.0,silver_feedin,,True,,,,5620,,
730968,133533,,,1.0,silver_feedin,,True,,,,4813,,
730985,132738,,,1.0,silver_feedin,,True,,,,4813,,
731000,114987,,,1.0,silver_feedin,,True,,,,4322,,
731018,96997,,,1.0,silver_feedin,,True,,,,5443,,
731019,114796,,,1.0,silver_feedin,,True,,,,5505,,
731024,131344,,,1.0,silver_feedin,,True,,,,4813,,
731037,126628,,,1.0,silver_feedin,,True,,,,5620,,
731039,153261,,,1.0,silver_feedin,,True,,,,5504,,
731043,131782,,,1.0,silver_feedin,,True,,,,4813,,
731112,107561,,,1.0,silver_feedin,,True,,,,4303,,
731133,158571,,,1.0,silver_feedin,,True,,,,8962,,
731170,29026,,,1.0,silver_feedin,,True,,,,5619,,
731191,56398,,,1.0,silver_feedin,,True,,,,5619,,
731222,111912,,,1.0,silver_feedin,,True,,,,5225,,
731336,150193,,,1.0,silver_feedin,,True,,,,4313,,
731355,115680,,,1.0,silver_feedin,,True,,,,5225,,
731373,105644,,,1.0,silver_feedin,,True,,,,5225,,
731376,95311,,,1.0,silver_feedin,,True,,,,5225,,
731520,117255,,,1.0,silver_feedin,,True,,,,5244,,
731523,107550,,,1.0,silver_feedin,,True,,,,5225,,
731556,100484,,,1.0,silver_feedin,,True,,,,5225,,
731558,136565,,,1.0,silver_feedin,,True,,,,5225,,
731620,93850,,,1.0,silver_feedin,,True,,,,5304,,
731673,60869,,,1.0,silver_feedin,,True,,,,5106,,
731677,82234,,,1.0,silver_feedin,,True,,,,5106,,
731727,130198,,,1.0,silver_feedin,,True,,,,5707,,
731736,143467,,,1.0,silver_feedin,,True,,,,5027,,
731877,68965,,,1.0,silver_feedin,,True,,,,5452,,
731881,61298,,,1.0,silver_feedin,,True,,,,8962,,
731943,154186,,,1.0,silver_feedin,,True,,,,5106,,
732038,120953,,,1.0,silver_feedin,,True,,,,5235,,
732098,37387,,,1.0,silver_feedin,,True,,,,5106,,
732103,50370,,,1.0,silver_feedin,,True,,,,5106,,
732108,119695,,,1.0,silver_feedin,,True,,,,8962,,
732114,116376,,,1.0,silver_feedin,,True,,,,4322,,
732121,77228,,,1.0,silver_feedin,,True,,,,5074,,
732131,130493,,,1.0,silver_feedin,,True,,,,5707,,
732271,132765,,,1.0,silver_feedin,,True,,,,5027,,
732309,147864,,,1.0,silver_feedin,,True,,,,4316,,
732348,152048,,,1.0,silver_feedin,,True,,,,4324,,
732401,93460,,,1.0,silver_feedin,,True,,,,5330,,
732531,154235,,,1.0,silver_feedin,,True,,,,4313,,
732550,132018,,,1.0,silver_feedin,,True,,,,5707,,
732602,159098,,,1.0,silver_feedin,,True,,,,4333,,
732658,92929,,,1.0,silver_feedin,,True,,,,5105,,
732921,150987,,,1.0,silver_feedin,,True,,,,4317,,
732941,148330,,,1.0,silver_feedin,,True,,,,4317,,
732959,160448,,,1.0,silver_feedin,,True,,,,4315,,
732973,130679,,,1.0,silver_feedin,,True,,,,4317,,
732981,140544,,,1.0,silver_feedin,,True,,,,5605,,
732991,134353,,,1.0,silver_feedin,,True,,,,4317,,
733016,100578,,,1.0,silver_feedin,,True,,,,5237,,
733036,131069,,,1.0,silver_feedin,,True,,,,4317,,
733046,123486,,,1.0,silver_feedin,,True,,,,5707,,
733080,142291,,,1.0,silver_feedin,,True,,,,4317,,
733148,144552,,,1.0,silver_feedin,,True,,,,5707,,
733152,131235,,,1.0,silver_feedin,,True,,,,5620,,
733204,130681,,,1.0,silver_feedin,,True,,,,4317,,
733343,81730,,,1.0,silver_feedin,,True,,,,4310,,
733395,136583,,,1.0,silver_feedin,,True,,,,5506,,
733461,95386,,,1.0,silver_feedin,,True,,,,5304,,
733470,51644,,,1.0,silver_feedin,,True,,,,5330,,
733537,69008,,,1.0,silver_feedin,,True,,,,5330,,
733544,166465,,,1.0,silver_feedin,,True,,,,4313,,
733545,142256,,,1.0,silver_feedin,,True,,,,5330,,
733550,131699,,,1.0,silver_feedin,,True,,,,4313,,
733621,124349,,,1.0,silver_feedin,,True,,,,5707,,
733655,160500,,,1.0,silver_feedin,,True,,,,4313,,
733685,57259,,,1.0,silver_feedin,,True,,,,5330,,
733715,64436,,,1.0,silver_feedin,,True,,,,5330,,
733778,140390,,,1.0,silver_feedin,,True,,,,5330,,
733794,131938,,,1.0,silver_feedin,,True,,,,5108,,
733859,86250,,,1.0,silver_feedin,,True,,,,5505,,
733880,109214,,,1.0,silver_feedin,,True,,,,5504,,
733922,136018,,,1.0,silver_feedin,,True,,,,4313,,
733947,101373,,,1.0,silver_feedin,,True,,,,5112,,
733961,90614,,,1.0,silver_feedin,,True,,,,5330,,
734036,69792,,,1.0,silver_feedin,,True,,,,5330,,
734041,86270,,,1.0,silver_feedin,,True,,,,4468,,
734129,57260,,,1.0,silver_feedin,,True,,,,5330,,
734154,65288,,,1.0,silver_feedin,,True,,,,5330,,
734184,95380,,,1.0,silver_feedin,,True,,,,5304,,
734225,103772,,,1.0,silver_feedin,,True,,,,5330,,
734234,138231,,,1.0,silver_feedin,,True,,,,5707,,
734281,120631,,,1.0,silver_feedin,,True,,,,5506,,
734316,132064,,,1.0,silver_feedin,,True,,,,5076,,
734452,109316,,,1.0,silver_feedin,,True,,,,5078,,
734573,130182,,,1.0,silver_feedin,,True,,,,5107,,
734593,140450,,,1.0,silver_feedin,,True,,,,5707,,
734679,121326,,,1.0,silver_feedin,,True,,,,5330,,
734721,47674,,,1.0,silver_feedin,,True,,,,5330,,
734739,63766,,,1.0,silver_feedin,,True,,,,5330,,
734740,74072,,,1.0,silver_feedin,,True,,,,5106,,
734754,140446,,,1.0,silver_feedin,,True,,,,5316,,
734789,124360,,,1.0,silver_feedin,,True,,,,5225,,
734802,148315,,,1.0,silver_feedin,,True,,,,5316,,
734808,44084,,,1.0,silver_feedin,,True,,,,5330,,
734820,158255,,,1.0,silver_feedin,,True,,,,5312,,
734858,135747,,,1.0,silver_feedin,,True,,,,5107,,
734863,44800,,,1.0,silver_feedin,,True,,,,5330,,
734943,38571,,,1.0,silver_feedin,,True,,,,5330,,
734998,155876,,,1.0,silver_feedin,,True,,,,4325,,
735118,114973,,,1.0,silver_feedin,,True,,,,5225,,
735175,101754,,,1.0,silver_feedin,,True,,,,8962,,
735222,125679,,,1.0,silver_feedin,,True,,,,4323,,
735301,169778,,,1.0,silver_feedin,,True,,,,4315,,
735305,168897,,,1.0,silver_feedin,,True,,,,4315,,
735376,66222,,,1.0,silver_feedin,,True,,,,8962,,
735385,94215,,,1.0,silver_feedin,,True,,,,5706,,
735389,86890,,,1.0,silver_feedin,,True,,,,5706,,
735409,87850,,,1.0,silver_feedin,,True,,,,8962,,
735430,130906,,,1.0,silver_feedin,,True,,,,5620,,
735473,165196,,,1.0,silver_feedin,,True,,,,4315,,
735515,92514,,,1.0,silver_feedin,,True,,,,5426,,
735556,98514,,,1.0,silver_feedin,,True,,,,5304,,
735583,126516,,,1.0,silver_feedin,,True,,,,5078,,
735596,91012,,,1.0,silver_feedin,,True,,,,5706,,
735597,84605,,,1.0,silver_feedin,,True,,,,4468,,
735652,135710,,,1.0,silver_feedin,,True,,,,5027,,
735726,151935,,,1.0,silver_feedin,,True,,,,4313,,
735785,156811,,,1.0,silver_feedin,,True,,,,4316,,
735834,140416,,,1.0,silver_feedin,,True,,,,4313,,
735851,138221,,,1.0,silver_feedin,,True,,,,5107,,
735961,127431,,,1.0,silver_feedin,,True,,,,5027,,
735982,124999,,,1.0,silver_feedin,,True,,,,5505,,
736001,163933,,,1.0,silver_feedin,,True,,,,5615,,
736029,123339,,,1.0,silver_feedin,,True,,,,5244,,
736208,166694,,,1.0,silver_feedin,,True,,,,5312,,
736221,85295,,,1.0,silver_feedin,,True,,,,5426,,
736234,126520,,,1.0,silver_feedin,,True,,,,5027,,
736331,44519,,,1.0,silver_feedin,,True,,,,5105,,
736338,142008,,,1.0,silver_feedin,,True,,,,4322,,
736366,96140,,,1.0,silver_feedin,,True,,,,5113,,
736373,135081,,,1.0,silver_feedin,,True,,,,5620,,
736457,164550,,,1.0,silver_feedin,,True,,,,5707,,
736473,158194,,,1.0,silver_feedin,,True,,,,5070,,
736518,159290,,,1.0,silver_feedin,,True,,,,5707,,
736531,130674,,,1.0,silver_feedin,,True,,,,5707,,
736547,106691,,,1.0,silver_feedin,,True,,,,5506,,
736614,40154,,,1.0,silver_feedin,,True,,,,5330,,
736626,138483,,,1.0,silver_feedin,,True,,,,5314,,
736638,162751,,,1.0,silver_feedin,,True,,,,4312,,
736654,88413,,,1.0,silver_feedin,,True,,,,5504,,
736660,124142,,,1.0,silver_feedin,,True,,,,5504,,
736663,110095,,,1.0,silver_feedin,,True,,,,5504,,
736687,112178,,,1.0,silver_feedin,,True,,,,4310,,
736700,131065,,,1.0,silver_feedin,,True,,,,5707,,
736706,130675,,,1.0,silver_feedin,,True,,,,5707,,
736761,117850,,,1.0,silver_feedin,,True,,,,5075,,
736793,163527,,,1.0,silver_feedin,,True,,,,4333,,
736857,36109,,,1.0,silver_feedin,,True,,,,4310,,
736890,50659,,,1.0,silver_feedin,,True,,,,5443,,
736924,100455,,,1.0,silver_feedin,,True,,,,4310,,
736990,144628,,,1.0,silver_feedin,,True,,,,5304,,
736997,106978,,,1.0,silver_feedin,,True,,,,5330,,
737026,109815,,,1.0,silver_feedin,,True,,,,8962,,
737051,31271,,,1.0,silver_feedin,,True,,,,5072,,
737072,164256,,,1.0,silver_feedin,,True,,,,4333,,
737102,159243,,,1.0,silver_feedin,,True,,,,5604,,
737144,161740,,,1.0,silver_feedin,,True,,,,5605,,
737170,83429,,,1.0,silver_feedin,,True,,,,5330,,
737180,169983,,,1.0,silver_feedin,,True,,,,4303,,
737228,111922,,,1.0,silver_feedin,,True,,,,4303,,
737235,159610,,,1.0,silver_feedin,,True,,,,5070,,
737236,127813,,,1.0,silver_feedin,,True,,,,5745,,
737281,169274,,,1.0,silver_feedin,,True,,,,5314,,
737302,139625,,,1.0,silver_feedin,,True,,,,4313,,
737432,118579,,,1.0,silver_feedin,,True,,,,4303,,
737462,95403,,,1.0,silver_feedin,,True,,,,5304,,
737474,158048,,,1.0,silver_feedin,,True,,,,5707,,
737490,162490,,,1.0,silver_feedin,,True,,,,5620,,
737535,133637,,,1.0,silver_feedin,,True,,,,5316,,
737548,66519,,,1.0,silver_feedin,,True,,,,5467,,
737552,135067,,,1.0,silver_feedin,,True,,,,5620,,
737579,76112,,,1.0,silver_feedin,,True,,,,5745,,
737607,136031,,,1.0,silver_feedin,,True,,,,5707,,
737657,159568,,,1.0,silver_feedin,,True,,,,5706,,
737829,44835,,,1.0,silver_feedin,,True,,,,5443,,
737863,117969,,,1.0,silver_feedin,,True,,,,4322,,
737911,168963,,,1.0,silver_feedin,,True,,,,5070,,
737916,167002,,,1.0,silver_feedin,,True,,,,5615,,
737925,148417,,,1.0,silver_feedin,,True,,,,5316,,
737991,128678,,,1.0,silver_feedin,,True,,,,5725,,
738033,134222,,,1.0,silver_feedin,,True,,,,5707,,
738046,107927,,,1.0,silver_feedin,,True,,,,5244,,
738076,110280,,,1.0,silver_feedin,,True,,,,5506,,
738080,147590,,,1.0,silver_feedin,,True,,,,4313,,
738118,144740,,,1.0,silver_feedin,,True,,,,5107,,
738155,162962,,,1.0,silver_feedin,,True,,,,4316,,
738156,123217,,,1.0,silver_feedin,,True,,,,4310,,
738188,160868,,,1.0,silver_feedin,,True,,,,5105,,
738192,131937,,,1.0,silver_feedin,,True,,,,5725,,
738204,115385,,,1.0,silver_feedin,,True,,,,5506,,
738243,130494,,,1.0,silver_feedin,,True,,,,5707,,
738247,144644,,,1.0,silver_feedin,,True,,,,5078,,
738272,92955,,,1.0,silver_feedin,,True,,,,5074,,
738298,67455,,,1.0,silver_feedin,,True,,,,5745,,
738304,38019,,,1.0,silver_feedin,,True,,,,5452,,
738367,163660,,,1.0,silver_feedin,,True,,,,5605,,
738377,148346,,,1.0,silver_feedin,,True,,,,5620,,
738378,164322,,,1.0,silver_feedin,,True,,,,5070,,
738405,148755,,,1.0,silver_feedin,,True,,,,5607,,
738417,131272,,,1.0,silver_feedin,,True,,,,5075,,
738466,88021,,,1.0,silver_feedin,,True,,,,4310,,
738620,164658,,,1.0,silver_feedin,,True,,,,5316,,
738741,160319,,,1.0,silver_feedin,,True,,,,5312,,
738771,107938,,,1.0,silver_feedin,,True,,,,4303,,
738799,35726,,,1.0,silver_feedin,,True,,,,5745,,
738807,75896,,,1.0,silver_feedin,,True,,,,5074,,
738809,120595,,,1.0,silver_feedin,,True,,,,5745,,
738835,158725,,,1.0,silver_feedin,,True,,,,5312,,
738864,71409,,,1.0,silver_feedin,,True,,,,5745,,
738892,101432,,,1.0,silver_feedin,,True,,,,5074,,
738914,135792,,,1.0,silver_feedin,,True,,,,4813,,
738946,162528,,,1.0,silver_feedin,,True,,,,4333,,
738964,126209,,,1.0,silver_feedin,,True,,,,5027,,
738982,124809,,,1.0,silver_feedin,,True,,,,4313,,
738987,130956,,,1.0,silver_feedin,,True,,,,5725,,
739058,158017,,,1.0,silver_feedin,,True,,,,5745,,
739120,136056,,,1.0,silver_feedin,,True,,,,4317,,
739125,153102,,,1.0,silver_feedin,,True,,,,5620,,
739170,164913,,,1.0,silver_feedin,,True,,,,4310,,
739195,159303,,,1.0,silver_feedin,,True,,,,4333,,
739274,165301,,,1.0,silver_feedin,,True,,,,5615,,
739427,141989,,,1.0,silver_feedin,,True,,,,5312,,
739499,128599,,,1.0,silver_feedin,,True,,,,4813,,
739502,133639,,,1.0,silver_feedin,,True,,,,4313,,
739522,122089,,,1.0,silver_feedin,,True,,,,4303,,
739562,29025,,,1.0,silver_feedin,,True,,,,5113,,
739572,168891,,,1.0,silver_feedin,,True,,,,5614,,
739574,168890,,,1.0,silver_feedin,,True,,,,5614,,
739582,112361,,,1.0,silver_feedin,,True,,,,4310,,
739721,61322,,,1.0,silver_feedin,,True,,,,8962,,
739726,69349,,,1.0,silver_feedin,,True,,,,8962,,
739754,120040,,,1.0,silver_feedin,,True,,,,5075,,
739760,166474,,,1.0,silver_feedin,,True,,,,4312,,
739770,152374,,,1.0,silver_feedin,,True,,,,4313,,
739776,117626,,,1.0,silver_feedin,,True,,,,5504,,
739793,139008,,,1.0,silver_feedin,,True,,,,4313,,
739818,94427,,,1.0,silver_feedin,,True,,,,5426,,
739821,71602,,,1.0,silver_feedin,,True,,,,5727,,
739826,117209,,,1.0,silver_feedin,,True,,,,5306,,
739846,153156,,,1.0,silver_feedin,,True,,,,4325,,
739863,155924,,,1.0,silver_feedin,,True,,,,4813,,
739882,49286,,,1.0,silver_feedin,,True,,,,5745,,
739907,158179,,,1.0,silver_feedin,,True,,,,5312,,
739994,102449,,,1.0,silver_feedin,,True,,,,5078,,
740016,121385,,,1.0,silver_feedin,,True,,,,5504,,
740040,104148,,,1.0,silver_feedin,,True,,,,5625,,
740154,121255,,,1.0,silver_feedin,,True,,,,5504,,
740171,87632,,,1.0,silver_feedin,,True,,,,5706,,
740227,125634,,,1.0,silver_feedin,,True,,,,5027,,
740235,110861,,,1.0,silver_feedin,,True,,,,5237,,
740321,115788,,,1.0,silver_feedin,,True,,,,4322,,
740323,114032,,,1.0,silver_feedin,,True,,,,5074,,
740368,66450,,,1.0,silver_feedin,,True,,,,5727,,
740378,124500,,,1.0,silver_feedin,,True,,,,5727,,
740385,121256,,,1.0,silver_feedin,,True,,,,5504,,
740398,54431,,,1.0,silver_feedin,,True,,,,5727,,
740400,110558,,,1.0,silver_feedin,,True,,,,5727,,
740421,56649,,,1.0,silver_feedin,,True,,,,5727,,
740436,130275,,,1.0,silver_feedin,,True,,,,5725,,
740470,148419,,,1.0,silver_feedin,,True,,,,5316,,
740526,142383,,,1.0,silver_feedin,,True,,,,5312,,
740531,153293,,,1.0,silver_feedin,,True,,,,5314,,
740547,83890,,,1.0,silver_feedin,,True,,,,5727,,
740553,70013,,,1.0,silver_feedin,,True,,,,5727,,
740575,96888,,,1.0,silver_feedin,,True,,,,5727,,
740579,64126,,,1.0,silver_feedin,,True,,,,5727,,
740613,131394,,,1.0,silver_feedin,,True,,,,5607,,
740623,142479,,,1.0,silver_feedin,,True,,,,5027,,
740651,154708,,,1.0,silver_feedin,,True,,,,5727,,
740662,49157,,,1.0,silver_feedin,,True,,,,5105,,
740683,140418,,,1.0,silver_feedin,,True,,,,5108,,
740709,56463,,,1.0,silver_feedin,,True,,,,5727,,
740722,124289,,,1.0,silver_feedin,,True,,,,5707,,
740726,89975,,,1.0,silver_feedin,,True,,,,5426,,
740728,109824,,,1.0,silver_feedin,,True,,,,5426,,
740733,66446,,,1.0,silver_feedin,,True,,,,5727,,
740737,80111,,,1.0,silver_feedin,,True,,,,5727,,
740759,54893,,,1.0,silver_feedin,,True,,,,5727,,
740769,130482,,,1.0,silver_feedin,,True,,,,5304,,
740838,83468,,,1.0,silver_feedin,,True,,,,8962,,
740843,54671,,,1.0,silver_feedin,,True,,,,5727,,
740848,60575,,,1.0,silver_feedin,,True,,,,5727,,
740849,83970,,,1.0,silver_feedin,,True,,,,5727,,
740858,72158,,,1.0,silver_feedin,,True,,,,5727,,
740917,66447,,,1.0,silver_feedin,,True,,,,5727,,
740940,78134,,,1.0,silver_feedin,,True,,,,5726,,
740978,54685,,,1.0,silver_feedin,,True,,,,5727,,
740984,87413,,,1.0,silver_feedin,,True,,,,5426,,
741011,126357,,,1.0,silver_feedin,,True,,,,5306,,
741047,52054,,,1.0,silver_feedin,,True,,,,5727,,
741055,86248,,,1.0,silver_feedin,,True,,,,5244,,
741060,103562,,,1.0,silver_feedin,,True,,,,5726,,
741109,152266,,,1.0,silver_feedin,,True,,,,5727,,
741111,43823,,,1.0,silver_feedin,,True,,,,5727,,
741137,53906,,,1.0,silver_feedin,,True,,,,5727,,
741145,153477,,,1.0,silver_feedin,,True,,,,5727,,
741147,131711,,,1.0,silver_feedin,,True,,,,5108,,
741177,44339,,,1.0,silver_feedin,,True,,,,5745,,
741196,127786,,,1.0,silver_feedin,,True,,,,5725,,
741205,54331,,,1.0,silver_feedin,,True,,,,5727,,
741223,60554,,,1.0,silver_feedin,,True,,,,5600,,
741244,105429,,,1.0,silver_feedin,,True,,,,5078,,
741245,59416,,,1.0,silver_feedin,,True,,,,5727,,
741248,144738,,,1.0,silver_feedin,,True,,,,5727,,
741250,99609,,,1.0,silver_feedin,,True,,,,5078,,
741278,130551,,,1.0,silver_feedin,,True,,,,5725,,
741284,41447,,,1.0,silver_feedin,,True,,,,5727,,
741291,146806,,,1.0,silver_feedin,,True,,,,4313,,
741323,111919,,,1.0,silver_feedin,,True,,,,4303,,
741331,101371,,,1.0,silver_feedin,,True,,,,5727,,
741342,110590,,,1.0,silver_feedin,,True,,,,5467,,
741354,59098,,,1.0,silver_feedin,,True,,,,5600,,
741368,53219,,,1.0,silver_feedin,,True,,,,5727,,
741395,137428,,,1.0,silver_feedin,,True,,,,4313,,
741410,135776,,,1.0,silver_feedin,,True,,,,5707,,
741433,85171,,,1.0,silver_feedin,,True,,,,5505,,
741471,111930,,,1.0,silver_feedin,,True,,,,5506,,
741508,80993,,,1.0,silver_feedin,,True,,,,5733,,
741518,56118,,,1.0,silver_feedin,,True,,,,5330,,
741566,54894,,,1.0,silver_feedin,,True,,,,5727,,
741584,158837,,,1.0,silver_feedin,,True,,,,5506,,
741586,109833,,,1.0,silver_feedin,,True,,,,5504,,
741588,77031,,,1.0,silver_feedin,,True,,,,5426,,
741589,118402,,,1.0,silver_feedin,,True,,,,5727,,
741612,122807,,,1.0,silver_feedin,,True,,,,5727,,
741661,87998,,,1.0,silver_feedin,,True,,,,5074,,
741667,105624,,,1.0,silver_feedin,,True,,,,5745,,
741709,155059,,,1.0,silver_feedin,,True,,,,4313,,
741729,57268,,,1.0,silver_feedin,,True,,,,5727,,
741739,65211,,,1.0,silver_feedin,,True,,,,5727,,
741848,57345,,,1.0,silver_feedin,,True,,,,5727,,
741851,112826,,,1.0,silver_feedin,,True,,,,5504,,
741890,68717,,,1.0,silver_feedin,,True,,,,5727,,
741922,133646,,,1.0,silver_feedin,,True,,,,4310,,
741950,57296,,,1.0,silver_feedin,,True,,,,5727,,
741956,94304,,,1.0,silver_feedin,,True,,,,5426,,
741960,76745,,,1.0,silver_feedin,,True,,,,5426,,
742003,168013,,,1.0,silver_feedin,,True,,,,4325,,
742021,158033,,,1.0,silver_feedin,,True,,,,4325,,
742032,55183,,,1.0,silver_feedin,,True,,,,5727,,
742075,142505,,,1.0,silver_feedin,,True,,,,4313,,
742084,154786,,,1.0,silver_feedin,,True,,,,4324,,
742152,90393,,,1.0,silver_feedin,,True,,,,8962,,
742161,137435,,,1.0,silver_feedin,,True,,,,5707,,
742164,161408,,,1.0,silver_feedin,,True,,,,5727,,
742166,57293,,,1.0,silver_feedin,,True,,,,5727,,
742167,108935,,,1.0,silver_feedin,,True,,,,5225,,
742176,59102,,,1.0,silver_feedin,,True,,,,5727,,
742188,56313,,,1.0,silver_feedin,,True,,,,5727,,
742192,120048,,,1.0,silver_feedin,,True,,,,5727,,
742194,131779,,,1.0,silver_feedin,,True,,,,5725,,
742196,51298,,,1.0,silver_feedin,,True,,,,5727,,
742198,56317,,,1.0,silver_feedin,,True,,,,5727,,
742207,59944,,,1.0,silver_feedin,,True,,,,5106,,
742210,51120,,,1.0,silver_feedin,,True,,,,5727,,
742215,141579,,,1.0,silver_feedin,,True,,,,5312,,
742222,55111,,,1.0,silver_feedin,,True,,,,5727,,
742230,54662,,,1.0,silver_feedin,,True,,,,5727,,
742235,125531,,,1.0,silver_feedin,,True,,,,4323,,
742281,144173,,,1.0,silver_feedin,,True,,,,4313,,
742290,94124,,,1.0,silver_feedin,,True,,,,5706,,
742293,61412,,,1.0,silver_feedin,,True,,,,5727,,
742351,130578,,,1.0,silver_feedin,,True,,,,4813,,
742362,125722,,,1.0,silver_feedin,,True,,,,4303,,
742478,96416,,,1.0,silver_feedin,,True,,,,5244,,
742499,83024,,,1.0,silver_feedin,,True,,,,5074,,
742558,85701,,,1.0,silver_feedin,,True,,,,4468,,
742603,156782,,,1.0,silver_feedin,,True,,,,4313,,
742609,137593,,,1.0,silver_feedin,,True,,,,4313,,
742626,130682,,,1.0,silver_feedin,,True,,,,4317,,
742630,107327,,,1.0,silver_feedin,,True,,,,5617,,
742643,134955,,,1.0,silver_feedin,,True,,,,4313,,
742670,126276,,,1.0,silver_feedin,,True,,,,4313,,
742737,153646,,,1.0,silver_feedin,,True,,,,5316,,
742800,114989,,,1.0,silver_feedin,,True,,,,4322,,
742860,166607,,,1.0,silver_feedin,,True,,,,5236,,
742903,124195,,,1.0,silver_feedin,,True,,,,4310,,
742968,141052,,,1.0,silver_feedin,,True,,,,5316,,
742973,130359,,,1.0,silver_feedin,,True,,,,5725,,
742991,155934,,,1.0,silver_feedin,,True,,,,4323,,
743032,140951,,,1.0,silver_feedin,,True,,,,8962,,
743068,126496,,,1.0,silver_feedin,,True,,,,5330,,
743076,136590,,,1.0,silver_feedin,,True,,,,5425,,
743108,157392,,,1.0,silver_feedin,,True,,,,5316,,
743119,130481,,,1.0,silver_feedin,,True,,,,5074,,
743133,162186,,,1.0,silver_feedin,,True,,,,5614,,
743167,118620,,,1.0,silver_feedin,,True,,,,5506,,
743212,153301,,,1.0,silver_feedin,,True,,,,4324,,
743241,133241,,,1.0,silver_feedin,,True,,,,5027,,
743243,163267,,,1.0,silver_feedin,,True,,,,5314,,
743261,91013,,,1.0,silver_feedin,,True,,,,5706,,
743275,80721,,,1.0,silver_feedin,,True,,,,4310,,
743301,96645,,,1.0,silver_feedin,,True,,,,5330,,
743375,157405,,,1.0,silver_feedin,,True,,,,4313,,
743382,142645,,,1.0,silver_feedin,,True,,,,5316,,
743384,161206,,,1.0,silver_feedin,,True,,,,5600,,
743403,27372,,,1.0,silver_feedin,,True,,,,5625,,
743410,116261,,,1.0,silver_feedin,,True,,,,5027,,
743465,156787,,,1.0,silver_feedin,,True,,,,5745,,
743510,157714,,,1.0,silver_feedin,,True,,,,4316,,
743597,126351,,,1.0,silver_feedin,,True,,,,5707,,
743671,61189,,,1.0,silver_feedin,,True,,,,5745,,
743690,167442,,,1.0,silver_feedin,,True,,,,5236,,
743748,163151,,,1.0,silver_feedin,,True,,,,5616,,
743771,158853,,,1.0,silver_feedin,,True,,,,5614,,
743792,170309,,,1.0,silver_feedin,,True,,,,4313,,
743825,156881,,,1.0,silver_feedin,,True,,,,4313,,
743826,148350,,,1.0,silver_feedin,,True,,,,5620,,
743871,148420,,,1.0,silver_feedin,,True,,,,5316,,
743927,85956,,,1.0,silver_feedin,,True,,,,5074,,
743929,85955,,,1.0,silver_feedin,,True,,,,5074,,
743935,144682,,,1.0,silver_feedin,,True,,,,4813,,
743937,96649,,,1.0,silver_feedin,,True,,,,5426,,
743960,10920,,,1.0,silver_feedin,,True,,,,5046,,
743962,142288,,,1.0,silver_feedin,,True,,,,4310,,
743999,160851,,,1.0,silver_feedin,,True,,,,5706,,
744081,154807,,,1.0,silver_feedin,,True,,,,5312,,
744101,93049,,,1.0,silver_feedin,,True,,,,5225,,
744129,165171,,,1.0,silver_feedin,,True,,,,5614,,
744137,152158,,,1.0,silver_feedin,,True,,,,5107,,
744140,49367,,,1.0,silver_feedin,,True,,,,5745,,
744159,152162,,,1.0,silver_feedin,,True,,,,4325,,
744171,27165,,,1.0,silver_feedin,,True,,,,5619,,
744174,134846,,,1.0,silver_feedin,,True,,,,4303,,
744177,100542,,,1.0,silver_feedin,,True,,,,4303,,
744186,106915,,,1.0,silver_feedin,,True,,,,4310,,
744209,131609,,,1.0,silver_feedin,,True,,,,5108,,
744307,130199,,,1.0,silver_feedin,,True,,,,5707,,
744363,121133,,,1.0,silver_feedin,,True,,,,4310,,
744471,102050,,,1.0,silver_feedin,,True,,,,5617,,
744492,59099,,,1.0,silver_feedin,,True,,,,5600,,
744510,146554,,,1.0,silver_feedin,,True,,,,5078,,
744513,106990,,,1.0,silver_feedin,,True,,,,5225,,
744516,158921,,,1.0,silver_feedin,,True,,,,4310,,
744564,144845,,,1.0,silver_feedin,,True,,,,5620,,
744665,141137,,,1.0,silver_feedin,,True,,,,5707,,
744672,130200,,,1.0,silver_feedin,,True,,,,5707,,
744732,144847,,,1.0,silver_feedin,,True,,,,5324,,
744747,127781,,,1.0,silver_feedin,,True,,,,5725,,
744750,154446,,,1.0,silver_feedin,,True,,,,5316,,
744791,107941,,,1.0,silver_feedin,,True,,,,4303,,
744799,46921,,,1.0,silver_feedin,,True,,,,5105,,
744802,142504,,,1.0,silver_feedin,,True,,,,4313,,
745013,162047,,,1.0,silver_feedin,,True,,,,5605,,
745071,166581,,,1.0,silver_feedin,,True,,,,4312,,
745096,158199,,,1.0,silver_feedin,,True,,,,5070,,
745098,119920,,,1.0,silver_feedin,,True,,,,5426,,
745189,156878,,,1.0,silver_feedin,,True,,,,4313,,
745282,84238,,,1.0,silver_feedin,,True,,,,4310,,
745347,164047,,,1.0,silver_feedin,,True,,,,5605,,
745398,159021,,,1.0,silver_feedin,,True,,,,5706,,
745400,85002,,,1.0,silver_feedin,,True,,,,4468,,
745417,82010,,,1.0,silver_feedin,,True,,,,5074,,
745419,168729,,,1.0,silver_feedin,,True,,,,5070,,
745495,61629,,,1.0,silver_feedin,,True,,,,4310,,
745498,165768,,,1.0,silver_feedin,,True,,,,5615,,
745546,141939,,,1.0,silver_feedin,,True,,,,4317,,
745551,162938,,,1.0,silver_feedin,,True,,,,5614,,
745628,90444,,,1.0,silver_feedin,,True,,,,5225,,
745630,130678,,,1.0,silver_feedin,,True,,,,4317,,
745632,152293,,,1.0,silver_feedin,,True,,,,5078,,
745709,106024,,,1.0,silver_feedin,,True,,,,5745,,
745767,138227,,,1.0,silver_feedin,,True,,,,5707,,
745800,66123,,,1.0,silver_feedin,,True,,,,8962,,
745839,129885,,,1.0,silver_feedin,,True,,,,4317,,
745863,79047,,,1.0,silver_feedin,,True,,,,5074,,
745876,161910,,,1.0,silver_feedin,,True,,,,5614,,
745962,109819,,,1.0,silver_feedin,,True,,,,5044,,
746020,138408,,,1.0,silver_feedin,,True,,,,5107,,
746030,60754,,,1.0,silver_feedin,,True,,,,8962,,
746086,109509,,,1.0,silver_feedin,,True,,,,4322,,
746114,137834,,,1.0,silver_feedin,,True,,,,4813,,
746167,119918,,,1.0,silver_feedin,,True,,,,5426,,
746324,147877,,,1.0,silver_feedin,,True,,,,5316,,
746335,47848,,,1.0,silver_feedin,,True,,,,5330,,
746347,131781,,,1.0,silver_feedin,,True,,,,5108,,
746351,132778,,,1.0,silver_feedin,,True,,,,5706,,
746393,155824,,,1.0,silver_feedin,,True,,,,4313,,
746446,144409,,,1.0,silver_feedin,,True,,,,5316,,
746484,163453,,,1.0,silver_feedin,,True,,,,5615,,
746513,59121,,,1.0,silver_feedin,,True,,,,5106,,
746547,62942,,,1.0,silver_feedin,,True,,,,8962,,
746551,164025,,,1.0,silver_feedin,,True,,,,5614,,
746601,107936,,,1.0,silver_feedin,,True,,,,4303,,
746624,132198,,,1.0,silver_feedin,,True,,,,5312,,
746635,53633,,,1.0,silver_feedin,,True,,,,5745,,
746792,117757,,,1.0,silver_feedin,,True,,,,5506,,
746793,142511,,,1.0,silver_feedin,,True,,,,4313,,
746805,157356,,,1.0,silver_feedin,,True,,,,5312,,
746897,140705,,,1.0,silver_feedin,,True,,,,5316,,
746920,170365,,,1.0,silver_feedin,,True,,,,5605,,
746929,162069,,,1.0,silver_feedin,,True,,,,5236,,
746957,112357,,,1.0,silver_feedin,,True,,,,5706,,
747077,123214,,,1.0,silver_feedin,,True,,,,5600,,
747091,134848,,,1.0,silver_feedin,,True,,,,5707,,
747108,127537,,,1.0,silver_feedin,,True,,,,5725,,
747167,164211,,,1.0,silver_feedin,,True,,,,4312,,
747274,144414,,,1.0,silver_feedin,,True,,,,4313,,
747293,161365,,,1.0,silver_feedin,,True,,,,4313,,
747354,150170,,,1.0,silver_feedin,,True,,,,5314,,
747356,32551,,,1.0,silver_feedin,,True,,,,5105,,
747365,156602,,,1.0,silver_feedin,,True,,,,5107,,
747439,151842,,,1.0,silver_feedin,,True,,,,4324,,
747480,134539,,,1.0,silver_feedin,,True,,,,5707,,
747506,165204,,,1.0,silver_feedin,,True,,,,4312,,
747583,131561,,,1.0,silver_feedin,,True,,,,5725,,
747988,165185,,,1.0,silver_feedin,,True,,,,5316,,
748027,151235,,,1.0,silver_feedin,,True,,,,4813,,
748097,60791,,,1.0,silver_feedin,,True,,,,5745,,
748099,164069,,,1.0,silver_feedin,,True,,,,4313,,
748165,131777,,,1.0,silver_feedin,,True,,,,5027,,
748178,84936,,,1.0,silver_feedin,,True,,,,4468,,
748183,61650,,,1.0,silver_feedin,,True,,,,8962,,
748243,73009,,,1.0,silver_feedin,,True,,,,8962,,
748309,134347,,,1.0,silver_feedin,,True,,,,5707,,
748333,140709,,,1.0,silver_feedin,,True,,,,5316,,
748378,161909,,,1.0,silver_feedin,,True,,,,5614,,
748381,58701,,,1.0,silver_feedin,,True,,,,5330,,
748419,119927,,,1.0,silver_feedin,,True,,,,5235,,
748430,158032,,,1.0,silver_feedin,,True,,,,4325,,
748479,157261,,,1.0,silver_feedin,,True,,,,4313,,
748485,51276,,,1.0,silver_feedin,,True,,,,5727,,
748552,143482,,,1.0,silver_feedin,,True,,,,5316,,
748578,144697,,,1.0,silver_feedin,,True,,,,5107,,
748590,144683,,,1.0,silver_feedin,,True,,,,4813,,
748595,91778,,,1.0,silver_feedin,,True,,,,5426,,
748613,166176,,,1.0,silver_feedin,,True,,,,4333,,
748666,162330,,,1.0,silver_feedin,,True,,,,5614,,
748675,153220,,,1.0,silver_feedin,,True,,,,4313,,
748785,125164,,,1.0,silver_feedin,,True,,,,5027,,
748791,164727,,,1.0,silver_feedin,,True,,,,5614,,
748799,144449,,,1.0,silver_feedin,,True,,,,5620,,
748835,116380,,,1.0,silver_feedin,,True,,,,4322,,
748842,29122,,,1.0,silver_feedin,,True,,,,5625,,
748845,143452,,,1.0,silver_feedin,,True,,,,5074,,
748883,165386,,,1.0,silver_feedin,,True,,,,5707,,
748923,97385,,,1.0,silver_feedin,,True,,,,8962,,
748938,96063,,,1.0,silver_feedin,,True,,,,5304,,
748959,130393,,,1.0,silver_feedin,,True,,,,4813,,
748965,166514,,,1.0,silver_feedin,,True,,,,5312,,
748983,167106,,,1.0,silver_feedin,,True,,,,5614,,
748989,82784,,,1.0,silver_feedin,,True,,,,5452,,
749002,90824,,,1.0,silver_feedin,,True,,,,5074,,
749019,108951,,,1.0,silver_feedin,,True,,,,5075,,
749143,105095,,,1.0,silver_feedin,,True,,,,5467,,
749283,165336,,,1.0,silver_feedin,,True,,,,4313,,
749288,148476,,,1.0,silver_feedin,,True,,,,5620,,
749302,72044,,,1.0,silver_feedin,,True,,,,5112,,
749321,44511,,,1.0,silver_feedin,,True,,,,5619,,
749348,156384,,,1.0,silver_feedin,,True,,,,4313,,
749358,161921,,,1.0,silver_feedin,,True,,,,5605,,
749372,58702,,,1.0,silver_feedin,,True,,,,5330,,
749421,119250,,,1.0,silver_feedin,,True,,,,5076,,
749428,160522,,,1.0,silver_feedin,,True,,,,4313,,
749451,166397,,,1.0,silver_feedin,,True,,,,5614,,
749503,127626,,,1.0,silver_feedin,,True,,,,5106,,
749546,124390,,,1.0,silver_feedin,,True,,,,5235,,
749588,109317,,,1.0,silver_feedin,,True,,,,5078,,
749608,148377,,,1.0,silver_feedin,,True,,,,4316,,
749630,125127,,,1.0,silver_feedin,,True,,,,5105,,
749682,115530,,,1.0,silver_feedin,,True,,,,5745,,
749705,75988,,,1.0,silver_feedin,,True,,,,4310,,
749720,89550,,,1.0,silver_feedin,,True,,,,5074,,
749739,136563,,,1.0,silver_feedin,,True,,,,5330,,
749745,92993,,,1.0,silver_feedin,,True,,,,5426,,
749768,165341,,,1.0,silver_feedin,,True,,,,5236,,
749780,144474,,,1.0,silver_feedin,,True,,,,5745,,
749785,56705,,,1.0,silver_feedin,,True,,,,5452,,
749790,125986,,,1.0,silver_feedin,,True,,,,5075,,
749792,126650,,,1.0,silver_feedin,,True,,,,5075,,
749813,144551,,,1.0,silver_feedin,,True,,,,5107,,
749834,76735,,,1.0,silver_feedin,,True,,,,5105,,
749877,158818,,,1.0,silver_feedin,,True,,,,4313,,
749894,158103,,,1.0,silver_feedin,,True,,,,5237,,
749993,124837,,,1.0,silver_feedin,,True,,,,5075,,
750004,131312,,,1.0,silver_feedin,,True,,,,5707,,
750104,128512,,,1.0,silver_feedin,,True,,,,5707,,
750114,141833,,,1.0,silver_feedin,,True,,,,5725,,
750136,125731,,,1.0,silver_feedin,,True,,,,5504,,
750207,154391,,,1.0,silver_feedin,,True,,,,4313,,
750274,167101,,,1.0,silver_feedin,,True,,,,5615,,
750326,100180,,,1.0,silver_feedin,,True,,,,4303,,
750338,152761,,,1.0,silver_feedin,,True,,,,4468,,
750353,141286,,,1.0,silver_feedin,,True,,,,4313,,
750454,134545,,,1.0,silver_feedin,,True,,,,5707,,
750460,130178,,,1.0,silver_feedin,,True,,,,5107,,
750461,153285,,,1.0,silver_feedin,,True,,,,4325,,
750470,39449,,,1.0,silver_feedin,,True,,,,5745,,
750472,65392,,,1.0,silver_feedin,,True,,,,5745,,
750487,158034,,,1.0,silver_feedin,,True,,,,4325,,
750497,119928,,,1.0,silver_feedin,,True,,,,5235,,
750531,137828,,,1.0,silver_feedin,,True,,,,5707,,
750562,153411,,,1.0,silver_feedin,,True,,,,4313,,
750596,59390,,,1.0,silver_feedin,,True,,,,5600,,
750597,143355,,,1.0,silver_feedin,,True,,,,5600,,
750616,107551,,,1.0,silver_feedin,,True,,,,5078,,
750711,28805,,,1.0,silver_feedin,,True,,,,5113,,
750727,143511,,,1.0,silver_feedin,,True,,,,5107,,
750746,164272,,,1.0,silver_feedin,,True,,,,5614,,
750768,81454,,,1.0,silver_feedin,,True,,,,5443,,
750811,104930,,,1.0,silver_feedin,,True,,,,5078,,
750855,90134,,,1.0,silver_feedin,,True,,,,4310,,
750876,130197,,,1.0,silver_feedin,,True,,,,5707,,
750917,61693,,,1.0,silver_feedin,,True,,,,4310,,
750927,141298,,,1.0,silver_feedin,,True,,,,5306,,
750977,154634,,,1.0,silver_feedin,,True,,,,4313,,
750979,116660,,,1.0,silver_feedin,,True,,,,4322,,
750988,61628,,,1.0,silver_feedin,,True,,,,4310,,
751045,121286,,,1.0,silver_feedin,,True,,,,5316,,
751072,49284,,,1.0,silver_feedin,,True,,,,4310,,
751108,147875,,,1.0,silver_feedin,,True,,,,5316,,
751118,164100,,,1.0,silver_feedin,,True,,,,8962,,
751124,150941,,,1.0,silver_feedin,,True,,,,4313,,
751142,144416,,,1.0,silver_feedin,,True,,,,4313,,
751162,110513,,,1.0,silver_feedin,,True,,,,5706,,
751183,92043,,,1.0,silver_feedin,,True,,,,5074,,
751212,153135,,,1.0,silver_feedin,,True,,,,4313,,
751236,81903,,,1.0,silver_feedin,,True,,,,5074,,
751261,171427,,,1.0,silver_feedin,,True,,,,5078,,
751322,122848,,,1.0,silver_feedin,,True,,,,5505,,
751371,125507,,,1.0,silver_feedin,,True,,,,4303,,
751389,40684,,,1.0,silver_feedin,,True,,,,5443,,
751395,157275,,,1.0,silver_feedin,,True,,,,4316,,
751435,107935,,,1.0,silver_feedin,,True,,,,5304,,
751452,168586,,,1.0,silver_feedin,,True,,,,4310,,
751475,170759,,,1.0,silver_feedin,,True,,,,4332,,
751546,131016,,,1.0,silver_feedin,,True,,,,4313,,
751575,101842,,,1.0,silver_feedin,,True,,,,5225,,
751578,134722,,,1.0,silver_feedin,,True,,,,4313,,
751637,154168,,,1.0,silver_feedin,,True,,,,4313,,
751646,155185,,,1.0,silver_feedin,,True,,,,5312,,
751669,154191,,,1.0,silver_feedin,,True,,,,4313,,
751702,131390,,,1.0,silver_feedin,,True,,,,5076,,
751742,112177,,,1.0,silver_feedin,,True,,,,5504,,
751770,136073,,,1.0,silver_feedin,,True,,,,4313,,
751794,138043,,,1.0,silver_feedin,,True,,,,4313,,
751800,166565,,,1.0,silver_feedin,,True,,,,4312,,
751827,53685,,,1.0,silver_feedin,,True,,,,5452,,
751886,91912,,,1.0,silver_feedin,,True,,,,8962,,
751903,84532,,,1.0,silver_feedin,,True,,,,4310,,
751944,153260,,,1.0,silver_feedin,,True,,,,4313,,
751954,62165,,,1.0,silver_feedin,,True,,,,4310,,
751974,108948,,,1.0,silver_feedin,,True,,,,5078,,
751983,122594,,,1.0,silver_feedin,,True,,,,4303,,
751990,153259,,,1.0,silver_feedin,,True,,,,4313,,
751992,128098,,,1.0,silver_feedin,,True,,,,5105,,
752003,142011,,,1.0,silver_feedin,,True,,,,5306,,
752007,148216,,,1.0,silver_feedin,,True,,,,4316,,
752063,105027,,,1.0,silver_feedin,,True,,,,5225,,
752067,149264,,,1.0,silver_feedin,,True,,,,5027,,
752082,108098,,,1.0,silver_feedin,,True,,,,5078,,
752083,165193,,,1.0,silver_feedin,,True,,,,5026,,
752124,170948,,,1.0,silver_feedin,,True,,,,4422,,
752136,107678,,,1.0,silver_feedin,,True,,,,5506,,
752150,155226,,,1.0,silver_feedin,,True,,,,5070,,
752157,99107,,,1.0,silver_feedin,,True,,,,5105,,
752167,135974,,,1.0,silver_feedin,,True,,,,5620,,
752169,135975,,,1.0,silver_feedin,,True,,,,5620,,
752173,135978,,,1.0,silver_feedin,,True,,,,5620,,
752178,135981,,,1.0,silver_feedin,,True,,,,5620,,
752183,136619,,,1.0,silver_feedin,,True,,,,5620,,
752201,93423,,,1.0,silver_feedin,,True,,,,5074,,
752205,106757,,,1.0,silver_feedin,,True,,,,5745,,
752231,86781,,,1.0,silver_feedin,,True,,,,5608,,
752240,148352,,,1.0,silver_feedin,,True,,,,5620,,
752282,154847,,,1.0,silver_feedin,,True,,,,5707,,
752338,120683,,,1.0,silver_feedin,,True,,,,5506,,
752358,123630,,,1.0,silver_feedin,,True,,,,5225,,
752418,130806,,,1.0,silver_feedin,,True,,,,5725,,
752495,145290,,,1.0,silver_feedin,,True,,,,5620,,
752524,107922,,,1.0,silver_feedin,,True,,,,5105,,
752634,154760,,,1.0,silver_feedin,,True,,,,4313,,
752654,125171,,,1.0,silver_feedin,,True,,,,5707,,
752658,61457,,,1.0,silver_feedin,,True,,,,8962,,
752664,131472,,,1.0,silver_feedin,,True,,,,5620,,
752667,44508,,,1.0,silver_feedin,,True,,,,5619,,
752705,100427,,,1.0,silver_feedin,,True,,,,5706,,
752739,107024,,,1.0,silver_feedin,,True,,,,5237,,
752769,150098,,,1.0,silver_feedin,,True,,,,5443,,
753171,140785,,,1.0,silver_feedin,,True,,,,4313,,
753417,49632,,,1.0,silver_feedin,,True,,,,5105,,
754197,120552,,,1.0,silver_feedin,,True,,,,5426,,
754462,95150,,,1.0,silver_feedin,,True,,,,5426,,
755120,162217,,,1.0,silver_feedin,,True,,,,5605,,
755197,116229,,,1.0,silver_feedin,,True,,,,4322,,
755211,64462,,,1.0,silver_feedin,,True,,,,5452,,
755502,158880,,,1.0,silver_feedin,,True,,,,5312,,
756415,155823,,,1.0,silver_feedin,,True,,,,4313,,
757441,157174,,,1.0,silver_feedin,,True,,,,5108,,
757760,101614,,,1.0,silver_feedin,,True,,,,4310,,
758029,109826,,,1.0,silver_feedin,,True,,,,5426,,
758851,162527,,,1.0,silver_feedin,,True,,,,4333,,
759035,149917,,,1.0,silver_feedin,,True,,,,5306,,
759260,115989,,,1.0,silver_feedin,,True,,,,4322,,
759277,125675,,,1.0,silver_feedin,,True,,,,4313,,
759308,100837,,,1.0,silver_feedin,,True,,,,5745,,
759560,124131,,,1.0,silver_feedin,,True,,,,4303,,
759741,104151,,,1.0,silver_feedin,,True,,,,5727,,
759755,125346,,,1.0,silver_feedin,,True,,,,5707,,
760024,148529,,,1.0,silver_feedin,,True,,,,4310,,
760498,118913,,,1.0,silver_feedin,,True,,,,4303,,
760868,91155,,,1.0,silver_feedin,,True,,,,5426,,
760912,108913,,,1.0,silver_feedin,,True,,,,5225,,
761721,157952,,,1.0,silver_feedin,,True,,,,4322,,
762073,66805,,,1.0,silver_feedin,,True,,,,8962,,
762150,77227,,,1.0,silver_feedin,,True,,,,5074,,
762167,162524,,,1.0,silver_feedin,,True,,,,4312,,
762189,162979,,,1.0,silver_feedin,,True,,,,5614,,
762371,139951,,,1.0,silver_feedin,,True,,,,5108,,
762386,37534,,,1.0,silver_feedin,,True,,,,5726,,
762406,109289,,,1.0,silver_feedin,,True,,,,5330,,
762821,121145,,,1.0,silver_feedin,,True,,,,5426,,
763009,158833,,,1.0,silver_feedin,,True,,,,5027,,
763956,85529,,,1.0,silver_feedin,,True,,,,5426,,
764198,60795,,,1.0,silver_feedin,,True,,,,5105,,
764264,152760,,,1.0,silver_feedin,,True,,,,5027,,
764446,131063,,,1.0,silver_feedin,,True,,,,5707,,
764866,131368,,,1.0,silver_feedin,,True,,,,4317,,
765116,134736,,,1.0,silver_feedin,,True,,,,5707,,
765400,116690,,,1.0,silver_feedin,,True,,,,5306,,
766225,130212,,,1.0,silver_feedin,,True,,,,4310,,
766819,61188,,,1.0,silver_feedin,,True,,,,5745,,
766832,133239,,,1.0,silver_feedin,,True,,,,5027,,
767127,130153,,,1.0,silver_feedin,,True,,,,4303,,
767240,108998,,,1.0,silver_feedin,,True,,,,4303,,
767252,108999,,,1.0,silver_feedin,,True,,,,4303,,
767694,148491,,,1.0,silver_feedin,,True,,,,4316,,
768132,130360,,,1.0,silver_feedin,,True,,,,5725,,
768790,57714,,,1.0,silver_feedin,,True,,,,5727,,
769482,136576,,,1.0,silver_feedin,,True,,,,5027,,
769489,96728,,,1.0,silver_feedin,,True,,,,5105,,
769571,91156,,,1.0,silver_feedin,,True,,,,5426,,
769738,64511,,,1.0,silver_feedin,,True,,,,5113,,
771778,82067,,,1.0,silver_feedin,,True,,,,4310,,
772219,95559,,,1.0,silver_feedin,,True,,,,5426,,
772319,149646,,,1.0,silver_feedin,,True,,,,4313,,
772557,109359,,,1.0,silver_feedin,,True,,,,4303,,
773452,42772,,,1.0,silver_feedin,,True,,,,5443,,
773773,107544,,,1.0,silver_feedin,,True,,,,5225,,
773811,160015,,,1.0,silver_feedin,,True,,,,4310,,
774012,88656,,,1.0,silver_feedin,,True,,,,5733,,
774241,118940,,,1.0,silver_feedin,,True,,,,4303,,
774437,81727,,,1.0,silver_feedin,,True,,,,5426,,
774748,126653,,,1.0,silver_feedin,,True,,,,5725,,
774902,130483,,,1.0,silver_feedin,,True,,,,4303,,
774904,153404,,,1.0,silver_feedin,,True,,,,4303,,
775495,144059,,,1.0,silver_feedin,,True,,,,5620,,
775647,155822,,,1.0,silver_feedin,,True,,,,4313,,
775680,54245,,,1.0,silver_feedin,,True,,,,5330,,
775688,107953,,,1.0,silver_feedin,,True,,,,4322,,
775720,92888,,,1.0,silver_feedin,,True,,,,5727,,
776490,90904,,,1.0,silver_feedin,,True,,,,8962,,
776993,109098,,,1.0,silver_feedin,,True,,,,5306,,
777100,98849,,,1.0,silver_feedin,,True,,,,4303,,
777294,65553,,,1.0,silver_feedin,,True,,,,5334,,
777600,73027,,,1.0,silver_feedin,,True,,,,5443,,
777738,141574,,,1.0,silver_feedin,,True,,,,5620,,
777895,132295,,,1.0,silver_feedin,,True,,,,5027,,
778273,85201,,,1.0,silver_feedin,,True,,,,5727,,
778475,91691,,,1.0,silver_feedin,,True,,,,5106,,
779001,82300,,,1.0,silver_feedin,,True,,,,5733,,
779024,134849,,,1.0,silver_feedin,,True,,,,5707,,
779426,163277,,,1.0,silver_feedin,,True,,,,5605,,
779837,159214,,,1.0,silver_feedin,,True,,,,5076,,
779909,131882,,,1.0,silver_feedin,,True,,,,5725,,
780299,96730,,,1.0,silver_feedin,,True,,,,5105,,
780819,141459,,,1.0,silver_feedin,,True,,,,4313,,
780847,154237,,,1.0,silver_feedin,,True,,,,4313,,
781203,109000,,,1.0,silver_feedin,,True,,,,4303,,
781207,122805,,,1.0,silver_feedin,,True,,,,4303,,
781266,128021,,,1.0,silver_feedin,,True,,,,5725,,
782031,114871,,,1.0,silver_feedin,,True,,,,5707,,
782520,142427,,,1.0,silver_feedin,,True,,,,5107,,
783206,78573,,,1.0,silver_feedin,,True,,,,5106,,
783421,162140,,,1.0,silver_feedin,,True,,,,4312,,
783566,69988,,,1.0,silver_feedin,,True,,,,5105,,
783758,151187,,,1.0,silver_feedin,,True,,,,5733,,
783815,100700,,,1.0,silver_feedin,,True,,,,5304,,
784269,114316,,,1.0,silver_feedin,,True,,,,4303,,
784330,94863,,,1.0,silver_feedin,,True,,,,5304,,
784453,129882,,,1.0,silver_feedin,,True,,,,5622,,
784479,110519,,,1.0,silver_feedin,,True,,,,5622,,
784480,100812,,,1.0,silver_feedin,,True,,,,5622,,
784500,101618,,,1.0,silver_feedin,,True,,,,5622,,
784503,111979,,,1.0,silver_feedin,,True,,,,5622,,
784505,111978,,,1.0,silver_feedin,,True,,,,5622,,
784507,99539,,,1.0,silver_feedin,,True,,,,5622,,
784541,131747,,,1.0,silver_feedin,,True,,,,5622,,
784550,105072,,,1.0,silver_feedin,,True,,,,5622,,
784641,124292,,,1.0,silver_feedin,,True,,,,5622,,
784716,127817,,,1.0,silver_feedin,,True,,,,5622,,
784722,99411,,,1.0,silver_feedin,,True,,,,5622,,
784724,100240,,,1.0,silver_feedin,,True,,,,5622,,
784758,114872,,,1.0,silver_feedin,,True,,,,5707,,
784823,121292,,,1.0,silver_feedin,,True,,,,5622,,
784826,160032,,,1.0,silver_feedin,,True,,,,5622,,
784858,139077,,,1.0,silver_feedin,,True,,,,5622,,
784861,101347,,,1.0,silver_feedin,,True,,,,5622,,
785014,114436,,,1.0,silver_feedin,,True,,,,5622,,
785020,125532,,,1.0,silver_feedin,,True,,,,5622,,
785035,119875,,,1.0,silver_feedin,,True,,,,5622,,
785043,107577,,,1.0,silver_feedin,,True,,,,5622,,
785084,103505,,,1.0,silver_feedin,,True,,,,5622,,
785092,124392,,,1.0,silver_feedin,,True,,,,5622,,
785109,107580,,,1.0,silver_feedin,,True,,,,5622,,
785129,103727,,,1.0,silver_feedin,,True,,,,5622,,
785136,103566,,,1.0,silver_feedin,,True,,,,5622,,
785143,130312,,,1.0,silver_feedin,,True,,,,5707,,
785171,107499,,,1.0,silver_feedin,,True,,,,5622,,
785173,103563,,,1.0,silver_feedin,,True,,,,5622,,
785174,103564,,,1.0,silver_feedin,,True,,,,5622,,
785232,101617,,,1.0,silver_feedin,,True,,,,5622,,
785239,105073,,,1.0,silver_feedin,,True,,,,5622,,
785258,139010,,,1.0,silver_feedin,,True,,,,4313,,
785282,100810,,,1.0,silver_feedin,,True,,,,5622,,
785289,147892,,,1.0,silver_feedin,,True,,,,5622,,
785306,103565,,,1.0,silver_feedin,,True,,,,5622,,
785326,99442,,,1.0,silver_feedin,,True,,,,5622,,
785346,99441,,,1.0,silver_feedin,,True,,,,5622,,
785347,107999,,,1.0,silver_feedin,,True,,,,5622,,
785350,101670,,,1.0,silver_feedin,,True,,,,5622,,
785380,98215,,,1.0,silver_feedin,,True,,,,5622,,
785383,123380,,,1.0,silver_feedin,,True,,,,5622,,
785396,165394,,,1.0,silver_feedin,,True,,,,5622,,
785401,100233,,,1.0,silver_feedin,,True,,,,5622,,
785444,109278,,,1.0,silver_feedin,,True,,,,5622,,
785446,153270,,,1.0,silver_feedin,,True,,,,5622,,
785455,82470,,,1.0,silver_feedin,,True,,,,5608,,
785501,102217,,,1.0,silver_feedin,,True,,,,5622,,
785502,107592,,,1.0,silver_feedin,,True,,,,5622,,
785527,108000,,,1.0,silver_feedin,,True,,,,5622,,
785537,160034,,,1.0,silver_feedin,,True,,,,5622,,
785589,101045,,,1.0,silver_feedin,,True,,,,5622,,
785598,153457,,,1.0,silver_feedin,,True,,,,5622,,
785642,131425,,,1.0,silver_feedin,,True,,,,5622,,
785673,100859,,,1.0,silver_feedin,,True,,,,5622,,
785745,73669,,,1.0,silver_feedin,,True,,,,5443,,
785771,98216,,,1.0,silver_feedin,,True,,,,5622,,
785807,100805,,,1.0,silver_feedin,,True,,,,5622,,
785911,98217,,,1.0,silver_feedin,,True,,,,5622,,
786241,79408,,,1.0,silver_feedin,,True,,,,5600,,
786540,101903,,,1.0,silver_feedin,,True,,,,5506,,
786652,132060,,,1.0,silver_feedin,,True,,,,5620,,
786732,150986,,,1.0,silver_feedin,,True,,,,5622,,
786744,151128,,,1.0,silver_feedin,,True,,,,5622,,
786778,113733,,,1.0,silver_feedin,,True,,,,5504,,
786864,109115,,,1.0,silver_feedin,,True,,,,5622,,
786882,99410,,,1.0,silver_feedin,,True,,,,5622,,
786907,125680,,,1.0,silver_feedin,,True,,,,5622,,
786974,161334,,,1.0,silver_feedin,,True,,,,5322,,
787011,126150,,,1.0,silver_feedin,,True,,,,5620,,
787515,127995,,,1.0,silver_feedin,,True,,,,5027,,
787753,111400,,,1.0,silver_feedin,,True,,,,4310,,
788802,165370,,,1.0,silver_feedin,,True,,,,4312,,
789063,126651,,,1.0,silver_feedin,,True,,,,5725,,
789129,165395,,,1.0,silver_feedin,,True,,,,5622,,
789415,96062,,,1.0,silver_feedin,,True,,,,5304,,
790196,108950,,,1.0,silver_feedin,,True,,,,5324,,
790444,105456,,,1.0,silver_feedin,,True,,,,5506,,
790715,87411,,,1.0,silver_feedin,,True,,,,5426,,
791607,106937,,,1.0,silver_feedin,,True,,,,5074,,
791671,161559,,,1.0,silver_feedin,,True,,,,5615,,
791936,134856,,,1.0,silver_feedin,,True,,,,5707,,
792633,163177,,,1.0,silver_feedin,,True,,,,4333,,
793264,139610,,,1.0,silver_feedin,,True,,,,5314,,
793415,164198,,,1.0,silver_feedin,,True,,,,5615,,
793417,106940,,,1.0,silver_feedin,,True,,,,5727,,
793559,63193,,,1.0,silver_feedin,,True,,,,5443,,
793591,66238,,,1.0,silver_feedin,,True,,,,5443,,
793810,87401,,,1.0,silver_feedin,,True,,,,5074,,
793824,120363,,,1.0,silver_feedin,,True,,,,5706,,
794156,103882,,,1.0,silver_feedin,,True,,,,5727,,
794351,72518,,,1.0,silver_feedin,,True,,,,5600,,
794364,157178,,,1.0,silver_feedin,,True,,,,4324,,
794402,131810,,,1.0,silver_feedin,,True,,,,4317,,
794667,168568,,,1.0,silver_feedin,,True,,,,5070,,
795910,120380,,,1.0,silver_feedin,,True,,,,5443,,
796066,142408,,,1.0,silver_feedin,,True,,,,5316,,
796214,131941,,,1.0,silver_feedin,,True,,,,5107,,
796661,73028,,,1.0,silver_feedin,,True,,,,5443,,
798547,126272,,,1.0,silver_feedin,,True,,,,4313,,
798825,105960,,,1.0,silver_feedin,,True,,,,5745,,
799051,148053,,,1.0,silver_feedin,,True,,,,4316,,
799110,80356,,,1.0,silver_feedin,,True,,,,5113,,
799239,86695,,,1.0,silver_feedin,,True,,,,5426,,
799499,138060,,,1.0,silver_feedin,,True,,,,5707,,
799619,156788,,,1.0,silver_feedin,,True,,,,5330,,
800033,150085,,,1.0,silver_feedin,,True,,,,5075,,
801004,162325,,,1.0,silver_feedin,,True,,,,5614,,
801032,99060,,,1.0,silver_feedin,,True,,,,5622,,
801141,151856,,,1.0,silver_feedin,,True,,,,4325,,
801529,118772,,,1.0,silver_feedin,,True,,,,5706,,
801579,121104,,,1.0,silver_feedin,,True,,,,5452,,
802238,133248,,,1.0,silver_feedin,,True,,,,4303,,
802337,138407,,,1.0,silver_feedin,,True,,,,4310,,
802710,92621,,,1.0,silver_feedin,,True,,,,5426,,
802864,154699,,,1.0,silver_feedin,,True,,,,4313,,
803074,126652,,,1.0,silver_feedin,,True,,,,5725,,
803925,119379,,,1.0,silver_feedin,,True,,,,4303,,
803928,161928,,,1.0,silver_feedin,,True,,,,4303,,
804943,124381,,,1.0,silver_feedin,,True,,,,5622,,
805049,119893,,,1.0,silver_feedin,,True,,,,5304,,
805151,156386,,,1.0,silver_feedin,,True,,,,4313,,
805255,159184,,,1.0,silver_feedin,,True,,,,8962,,
805448,124262,,,1.0,silver_feedin,,True,,,,5622,,
805983,152971,,,1.0,silver_feedin,,True,,,,4313,,
806390,112780,,,1.0,silver_feedin,,True,,,,5237,,
806473,102381,,,1.0,silver_feedin,,True,,,,5617,,
806604,108065,,,1.0,silver_feedin,,True,,,,4322,,
806919,158802,,,1.0,silver_feedin,,True,,,,5312,,
807261,131713,,,1.0,silver_feedin,,True,,,,5727,,
807396,101279,,,1.0,silver_feedin,,True,,,,5506,,
807906,133431,,,1.0,silver_feedin,,True,,,,4310,,
808092,168434,,,1.0,silver_feedin,,True,,,,5614,,
808722,134358,,,1.0,silver_feedin,,True,,,,5244,,
809008,156838,,,1.0,silver_feedin,,True,,,,4313,,
809315,153264,,,1.0,silver_feedin,,True,,,,4325,,
809350,130313,,,1.0,silver_feedin,,True,,,,4813,,
810783,57882,,,1.0,silver_feedin,,True,,,,5106,,
811382,134487,,,1.0,silver_feedin,,True,,,,5027,,
811632,84110,,,1.0,silver_feedin,,True,,,,5608,,
811644,117133,,,1.0,silver_feedin,,True,,,,5608,,
811645,117500,,,1.0,silver_feedin,,True,,,,5608,,
811659,80431,,,1.0,silver_feedin,,True,,,,5608,,
811685,82910,,,1.0,silver_feedin,,True,,,,5608,,
811686,100190,,,1.0,silver_feedin,,True,,,,5608,,
811710,87470,,,1.0,silver_feedin,,True,,,,5608,,
811738,121277,,,1.0,silver_feedin,,True,,,,5504,,
811752,101305,,,1.0,silver_feedin,,True,,,,5608,,
811774,138233,,,1.0,silver_feedin,,True,,,,5608,,
811792,125180,,,1.0,silver_feedin,,True,,,,5608,,
811835,81732,,,1.0,silver_feedin,,True,,,,5608,,
811844,80788,,,1.0,silver_feedin,,True,,,,5608,,
811845,124825,,,1.0,silver_feedin,,True,,,,5608,,
811951,146151,,,1.0,silver_feedin,,True,,,,5608,,
811955,80912,,,1.0,silver_feedin,,True,,,,5608,,
811966,81734,,,1.0,silver_feedin,,True,,,,5608,,
812015,84117,,,1.0,silver_feedin,,True,,,,5608,,
812028,144747,,,1.0,silver_feedin,,True,,,,5608,,
812043,114658,,,1.0,silver_feedin,,True,,,,5608,,
812056,82354,,,1.0,silver_feedin,,True,,,,5608,,
812060,121330,,,1.0,silver_feedin,,True,,,,5608,,
812063,90267,,,1.0,silver_feedin,,True,,,,5608,,
812124,118617,,,1.0,silver_feedin,,True,,,,5608,,
812129,101975,,,1.0,silver_feedin,,True,,,,5608,,
812203,84257,,,1.0,silver_feedin,,True,,,,5608,,
812204,84258,,,1.0,silver_feedin,,True,,,,5608,,
812240,87476,,,1.0,silver_feedin,,True,,,,5608,,
812284,84946,,,1.0,silver_feedin,,True,,,,5608,,
812285,144476,,,1.0,silver_feedin,,True,,,,5608,,
812325,86500,,,1.0,silver_feedin,,True,,,,5608,,
812331,87474,,,1.0,silver_feedin,,True,,,,5608,,
812332,87475,,,1.0,silver_feedin,,True,,,,5608,,
812343,84259,,,1.0,silver_feedin,,True,,,,5608,,
812352,30997,,,1.0,silver_feedin,,True,,,,5608,,
812367,97799,,,1.0,silver_feedin,,True,,,,5608,,
812507,119681,,,1.0,silver_feedin,,True,,,,5235,,
813643,92374,,,1.0,silver_feedin,,True,,,,5046,,
813857,142928,,,1.0,silver_feedin,,True,,,,5324,,
814341,101616,,,1.0,silver_feedin,,True,,,,5622,,
814444,117155,,,1.0,silver_feedin,,True,,,,8962,,
814461,76747,,,1.0,silver_feedin,,True,,,,5072,,
816152,123433,,,1.0,silver_feedin,,True,,,,4303,,
816564,66124,,,1.0,silver_feedin,,True,,,,8962,,
816656,84934,,,1.0,silver_feedin,,True,,,,5505,,
816830,118401,,,1.0,silver_feedin,,True,,,,5727,,
816864,35430,,,1.0,silver_feedin,,True,,,,5443,,
817489,98204,,,1.0,silver_feedin,,True,,,,5304,,
817598,46585,,,1.0,silver_feedin,,True,,,,5330,,
818338,58085,,,1.0,silver_feedin,,True,,,,5443,,
818637,106755,,,1.0,silver_feedin,,True,,,,4310,,
818735,163470,,,1.0,silver_feedin,,True,,,,5322,,
818948,97790,,,1.0,silver_feedin,,True,,,,5304,,
818976,153408,,,1.0,silver_feedin,,True,,,,5426,,
819075,106352,,,1.0,silver_feedin,,True,,,,5506,,
819094,82448,,,1.0,silver_feedin,,True,,,,5505,,
819160,45759,,,1.0,silver_feedin,,True,,,,5105,,
819164,128923,,,1.0,silver_feedin,,True,,,,5105,,
819169,33329,,,1.0,silver_feedin,,True,,,,5044,,
819231,131560,,,1.0,silver_feedin,,True,,,,5725,,
819432,147187,,,1.0,silver_feedin,,True,,,,5620,,
820711,118804,,,1.0,silver_feedin,,True,,,,4310,,
821076,153309,,,1.0,silver_feedin,,True,,,,4313,,
821217,120938,,,1.0,silver_feedin,,True,,,,4303,,
821219,120965,,,1.0,silver_feedin,,True,,,,4303,,
821251,120967,,,1.0,silver_feedin,,True,,,,4303,,
821268,120966,,,1.0,silver_feedin,,True,,,,4303,,
821797,147144,,,1.0,silver_feedin,,True,,,,5107,,
821911,155218,,,1.0,silver_feedin,,True,,,,5445,,
821918,163876,,,1.0,silver_feedin,,True,,,,5614,,
822479,126269,,,1.0,silver_feedin,,True,,,,4313,,
822999,157091,,,1.0,silver_feedin,,True,,,,4313,,
823185,105096,,,1.0,silver_feedin,,True,,,,5506,,
823690,131397,,,1.0,silver_feedin,,True,,,,5027,,
823732,83025,,,1.0,silver_feedin,,True,,,,5074,,
823832,158421,,,1.0,silver_feedin,,True,,,,5312,,
823856,130501,,,1.0,silver_feedin,,True,,,,5225,,
824538,165372,,,1.0,silver_feedin,,True,,,,4313,,
824761,57266,,,1.0,silver_feedin,,True,,,,5443,,
825092,130196,,,1.0,silver_feedin,,True,,,,5707,,
825239,150779,,,1.0,silver_feedin,,True,,,,5316,,
825716,84237,,,1.0,silver_feedin,,True,,,,4310,,
825740,133617,,,1.0,silver_feedin,,True,,,,5027,,
825960,134982,,,1.0,silver_feedin,,True,,,,5707,,
826548,38724,,,1.0,silver_feedin,,True,,,,5745,,
826713,159033,,,1.0,silver_feedin,,True,,,,4316,,
827010,153413,,,1.0,silver_feedin,,True,,,,4313,,
827188,170827,,,1.0,silver_feedin,,True,,,,5614,,
828485,133967,,,1.0,silver_feedin,,True,,,,5745,,
828887,119736,,,1.0,silver_feedin,,True,,,,5522,,
828892,148327,,,1.0,silver_feedin,,True,,,,5522,,
828894,131338,,,1.0,silver_feedin,,True,,,,5522,,
828896,164089,,,1.0,silver_feedin,,True,,,,5522,,
828898,105103,,,1.0,silver_feedin,,True,,,,5522,,
828899,105541,,,1.0,silver_feedin,,True,,,,5522,,
828920,97686,,,1.0,silver_feedin,,True,,,,5522,,
828942,99147,,,1.0,silver_feedin,,True,,,,5522,,
828944,98628,,,1.0,silver_feedin,,True,,,,5522,,
828947,103715,,,1.0,silver_feedin,,True,,,,5522,,
828950,100200,,,1.0,silver_feedin,,True,,,,5522,,
828963,116400,,,1.0,silver_feedin,,True,,,,5522,,
828997,109196,,,1.0,silver_feedin,,True,,,,5522,,
828998,106758,,,1.0,silver_feedin,,True,,,,5522,,
829039,108068,,,1.0,silver_feedin,,True,,,,5522,,
829040,120760,,,1.0,silver_feedin,,True,,,,5522,,
829041,108069,,,1.0,silver_feedin,,True,,,,5522,,
829047,108067,,,1.0,silver_feedin,,True,,,,5522,,
829117,107574,,,1.0,silver_feedin,,True,,,,5522,,
829148,129881,,,1.0,silver_feedin,,True,,,,5522,,
829191,147339,,,1.0,silver_feedin,,True,,,,5522,,
829263,153289,,,1.0,silver_feedin,,True,,,,5522,,
829291,114873,,,1.0,silver_feedin,,True,,,,5522,,
829295,100667,,,1.0,silver_feedin,,True,,,,5522,,
829296,97773,,,1.0,silver_feedin,,True,,,,5522,,
829299,97772,,,1.0,silver_feedin,,True,,,,5522,,
829332,111429,,,1.0,silver_feedin,,True,,,,5522,,
829393,107569,,,1.0,silver_feedin,,True,,,,5522,,
829398,102513,,,1.0,silver_feedin,,True,,,,5522,,
829470,28082,,,1.0,silver_feedin,,True,,,,5625,,
829682,131392,,,1.0,silver_feedin,,True,,,,5607,,
830057,159983,,,1.0,silver_feedin,,True,,,,4303,,
830475,144415,,,1.0,silver_feedin,,True,,,,4313,,
830696,105059,,,1.0,silver_feedin,,True,,,,5617,,
831651,79193,,,1.0,silver_feedin,,True,,,,5727,,
831693,157158,,,1.0,silver_feedin,,True,,,,4303,,
831695,100543,,,1.0,silver_feedin,,True,,,,4303,,
832022,137632,,,1.0,silver_feedin,,True,,,,5522,,
832461,135565,,,1.0,silver_feedin,,True,,,,5707,,
832678,101306,,,1.0,silver_feedin,,True,,,,5522,,
832879,106112,,,1.0,silver_feedin,,True,,,,5225,,
833137,158992,,,1.0,silver_feedin,,True,,,,5304,,
833912,131420,,,1.0,silver_feedin,,True,,,,5072,,
834759,108949,,,1.0,silver_feedin,,True,,,,5304,,
834912,117177,,,1.0,silver_feedin,,True,,,,5452,,
835164,122588,,,1.0,silver_feedin,,True,,,,5304,,
835321,76231,,,1.0,silver_feedin,,True,,,,5426,,
836469,44496,,,1.0,silver_feedin,,True,,,,4310,,
836723,158372,,,1.0,silver_feedin,,True,,,,5707,,
836790,95454,,,1.0,silver_feedin,,True,,,,5426,,
837138,163820,,,1.0,silver_feedin,,True,,,,4312,,
837226,37687,,,1.0,silver_feedin,,True,,,,5745,,
838026,82008,,,1.0,silver_feedin,,True,,,,5074,,
838460,151142,,,1.0,silver_feedin,,True,,,,5225,,
838770,136094,,,1.0,silver_feedin,,True,,,,5707,,
838776,144207,,,1.0,silver_feedin,,True,,,,4813,,
839134,153471,,,1.0,silver_feedin,,True,,,,5314,,
839219,47661,,,1.0,silver_feedin,,True,,,,5330,,
839288,135665,,,1.0,silver_feedin,,True,,,,5620,,
839405,112236,,,1.0,silver_feedin,,True,,,,5522,,
840133,40392,,,1.0,silver_feedin,,True,,,,5745,,
841581,162508,,,1.0,silver_feedin,,True,,,,5615,,
841588,153128,,,1.0,silver_feedin,,True,,,,4313,,
841590,168343,,,1.0,silver_feedin,,True,,,,5605,,
841991,122468,,,1.0,silver_feedin,,True,,,,5600,,
842226,155788,,,1.0,silver_feedin,,True,,,,4313,,
842304,54092,,,1.0,silver_feedin,,True,,,,5745,,
842774,161687,,,1.0,silver_feedin,,True,,,,4333,,
843170,118589,,,1.0,silver_feedin,,True,,,,5506,,
843772,118583,,,1.0,silver_feedin,,True,,,,5426,,
843909,119383,,,1.0,silver_feedin,,True,,,,4303,,
845622,169473,,,1.0,silver_feedin,,True,,,,5614,,
845846,122114,,,1.0,silver_feedin,,True,,,,5504,,
846487,101612,,,1.0,silver_feedin,,True,,,,5506,,
846852,155825,,,1.0,silver_feedin,,True,,,,4313,,
847111,56946,,,1.0,silver_feedin,,True,,,,5330,,
847882,142926,,,1.0,silver_feedin,,True,,,,5078,,
848147,119931,,,1.0,silver_feedin,,True,,,,5622,,
848557,168887,,,1.0,silver_feedin,,True,,,,5604,,
848569,148405,,,1.0,silver_feedin,,True,,,,5314,,
848771,148430,,,1.0,silver_feedin,,True,,,,4324,,
849004,161481,,,1.0,silver_feedin,,True,,,,5079,,
849177,119055,,,1.0,silver_feedin,,True,,,,5506,,
849207,154233,,,1.0,silver_feedin,,True,,,,4313,,
849275,154249,,,1.0,silver_feedin,,True,,,,4324,,
850313,94942,,,1.0,silver_feedin,,True,,,,5304,,
850396,120141,,,1.0,silver_feedin,,True,,,,5622,,
850542,163274,,,1.0,silver_feedin,,True,,,,5620,,
851001,150985,,,1.0,silver_feedin,,True,,,,5306,,
851254,101280,,,1.0,silver_feedin,,True,,,,5506,,
851395,127784,,,1.0,silver_feedin,,True,,,,5725,,
851427,105022,,,1.0,silver_feedin,,True,,,,5706,,
851539,126292,,,1.0,silver_feedin,,True,,,,4313,,
852396,163540,,,1.0,silver_feedin,,True,,,,5614,,
852720,157944,,,1.0,silver_feedin,,True,,,,5070,,
852975,94629,,,1.0,silver_feedin,,True,,,,5426,,
853085,64670,,,1.0,silver_feedin,,True,,,,5452,,
853101,119155,,,1.0,silver_feedin,,True,,,,4310,,
853433,114317,,,1.0,silver_feedin,,True,,,,4303,,
853435,114318,,,1.0,silver_feedin,,True,,,,4303,,
853788,137434,,,1.0,silver_feedin,,True,,,,5707,,
853895,167522,,,1.0,silver_feedin,,True,,,,4813,,
853948,163853,,,1.0,silver_feedin,,True,,,,4333,,
854165,136061,,,1.0,silver_feedin,,True,,,,5312,,
854390,83237,,,1.0,silver_feedin,,True,,,,5074,,
854987,73631,,,1.0,silver_feedin,,True,,,,4310,,
855537,154836,,,1.0,silver_feedin,,True,,,,4313,,
856381,136595,,,1.0,silver_feedin,,True,,,,5522,,
856423,140950,,,1.0,silver_feedin,,True,,,,5330,,
856444,124254,,,1.0,silver_feedin,,True,,,,5707,,
856494,153101,,,1.0,silver_feedin,,True,,,,5620,,
856556,152737,,,1.0,silver_feedin,,True,,,,4313,,
856945,137589,,,1.0,silver_feedin,,True,,,,4313,,
857114,130665,,,1.0,silver_feedin,,True,,,,5725,,
857202,163913,,,1.0,silver_feedin,,True,,,,5605,,
857270,142590,,,1.0,silver_feedin,,True,,,,4322,,
857303,163818,,,1.0,silver_feedin,,True,,,,4312,,
857572,69593,,,1.0,silver_feedin,,True,,,,5074,,
857639,170781,,,1.0,silver_feedin,,True,,,,4323,,
858238,130160,,,1.0,silver_feedin,,True,,,,4313,,
858322,154843,,,1.0,silver_feedin,,True,,,,4325,,
858376,154837,,,1.0,silver_feedin,,True,,,,4313,,
858488,139040,,,1.0,silver_feedin,,True,,,,5608,,
858803,80915,,,1.0,silver_feedin,,True,,,,5106,,
859181,151553,,,1.0,silver_feedin,,True,,,,4324,,
859326,93041,,,1.0,silver_feedin,,True,,,,5330,,
859458,90621,,,1.0,silver_feedin,,True,,,,5244,,
859612,125719,,,1.0,silver_feedin,,True,,,,5027,,
859618,82011,,,1.0,silver_feedin,,True,,,,5074,,
859790,90908,,,1.0,silver_feedin,,True,,,,5072,,
859796,157909,,,1.0,silver_feedin,,True,,,,5312,,
859887,149863,,,1.0,silver_feedin,,True,,,,4313,,
859929,126305,,,1.0,silver_feedin,,True,,,,5108,,
859939,116231,,,1.0,silver_feedin,,True,,,,4322,,
860100,131778,,,1.0,silver_feedin,,True,,,,5316,,
860130,115682,,,1.0,silver_feedin,,True,,,,5075,,
860161,144380,,,1.0,silver_feedin,,True,,,,5620,,
860440,67306,,,1.0,silver_feedin,,True,,,,5113,,
860452,92485,,,1.0,silver_feedin,,True,,,,5304,,
860556,102495,,,1.0,silver_feedin,,True,,,,4310,,
860704,41427,,,1.0,silver_feedin,,True,,,,5443,,
860862,66943,,,1.0,silver_feedin,,True,,,,8962,,
860942,162062,,,1.0,silver_feedin,,True,,,,4313,,
860965,111951,,,1.0,silver_feedin,,True,,,,4322,,
861246,122239,,,1.0,silver_feedin,,True,,,,5506,,
861449,154071,,,1.0,silver_feedin,,True,,,,4325,,
861579,79620,,,1.0,silver_feedin,,True,,,,4310,,
861782,147064,,,1.0,silver_feedin,,True,,,,5312,,
861787,114319,,,1.0,silver_feedin,,True,,,,4303,,
861817,120313,,,1.0,silver_feedin,,True,,,,4303,,
861830,126655,,,1.0,silver_feedin,,True,,,,5725,,
861909,93609,,,1.0,silver_feedin,,True,,,,5706,,
861997,121269,,,1.0,silver_feedin,,True,,,,5313,,
862136,86889,,,1.0,silver_feedin,,True,,,,5706,,
862297,168960,,,1.0,silver_feedin,,True,,,,5070,,
862331,64483,,,1.0,silver_feedin,,True,,,,8962,,
862802,134223,,,1.0,silver_feedin,,True,,,,5707,,
862950,24465,,,1.0,silver_feedin,,True,,,,5044,,
862994,135394,,,1.0,silver_feedin,,True,,,,5707,,
863057,115979,,,1.0,silver_feedin,,True,,,,5506,,
864014,103250,,,1.0,silver_feedin,,True,,,,5506,,
864023,160463,,,1.0,silver_feedin,,True,,,,4303,,
864063,98602,,,1.0,silver_feedin,,True,,,,5522,,
864205,101349,,,1.0,silver_feedin,,True,,,,5622,,
864277,150689,,,1.0,silver_feedin,,True,,,,4325,,
864301,132053,,,1.0,silver_feedin,,True,,,,5443,,
864390,98334,,,1.0,silver_feedin,,True,,,,5745,,
864391,81654,,,1.0,silver_feedin,,True,,,,5733,,
864442,51234,,,1.0,silver_feedin,,True,,,,5745,,
864495,103427,,,1.0,silver_feedin,,True,,,,5622,,
864603,105427,,,1.0,silver_feedin,,True,,,,5078,,
864666,119256,,,1.0,silver_feedin,,True,,,,5330,,
864766,142501,,,1.0,silver_feedin,,True,,,,4313,,
864902,137264,,,1.0,silver_feedin,,True,,,,5707,,
864929,162638,,,1.0,silver_feedin,,True,,,,5614,,
865009,100668,,,1.0,silver_feedin,,True,,,,5522,,
865010,112837,,,1.0,silver_feedin,,True,,,,5522,,
865089,164269,,,1.0,silver_feedin,,True,,,,5614,,
865219,115936,,,1.0,silver_feedin,,True,,,,5622,,
865308,124202,,,1.0,silver_feedin,,True,,,,5106,,
865328,116264,,,1.0,silver_feedin,,True,,,,5745,,
865396,166477,,,1.0,silver_feedin,,True,,,,4313,,
865459,142507,,,1.0,silver_feedin,,True,,,,4313,,
865509,150846,,,1.0,silver_feedin,,True,,,,4324,,
865519,153143,,,1.0,silver_feedin,,True,,,,5107,,
865593,166473,,,1.0,silver_feedin,,True,,,,4312,,
865883,160202,,,1.0,silver_feedin,,True,,,,5620,,
865898,101183,,,1.0,silver_feedin,,True,,,,5225,,
865995,164074,,,1.0,silver_feedin,,True,,,,5443,,
866050,172256,,,1.0,silver_feedin,,True,,,,4312,,
866271,106993,,,1.0,silver_feedin,,True,,,,4303,,
866457,165353,,,1.0,silver_feedin,,True,,,,5608,,
866490,122098,,,1.0,silver_feedin,,True,,,,4322,,
866580,133245,,,1.0,silver_feedin,,True,,,,5027,,
866592,126639,,,1.0,silver_feedin,,True,,,,5027,,
866746,122804,,,1.0,silver_feedin,,True,,,,4303,,
866802,126293,,,1.0,silver_feedin,,True,,,,4313,,
866812,168006,,,1.0,silver_feedin,,True,,,,4313,,
866814,153294,,,1.0,silver_feedin,,True,,,,4313,,
866819,139868,,,1.0,silver_feedin,,True,,,,5314,,
866858,125500,,,1.0,silver_feedin,,True,,,,5075,,
866908,65083,,,1.0,silver_feedin,,True,,,,5334,,
866964,124391,,,1.0,silver_feedin,,True,,,,5306,,
867027,153114,,,1.0,silver_feedin,,True,,,,4316,,
867250,135779,,,1.0,silver_feedin,,True,,,,5707,,
867297,132002,,,1.0,silver_feedin,,True,,,,4313,,
867428,165182,,,1.0,silver_feedin,,True,,,,4313,,
867471,165218,,,1.0,silver_feedin,,True,,,,4312,,
867474,126641,,,1.0,silver_feedin,,True,,,,5027,,
867610,148446,,,1.0,silver_feedin,,True,,,,5107,,
867818,93821,,,1.0,silver_feedin,,True,,,,5706,,
867841,162954,,,1.0,silver_feedin,,True,,,,4332,,
867996,165097,,,1.0,silver_feedin,,True,,,,4333,,
868128,59334,,,1.0,silver_feedin,,True,,,,5600,,
868163,110777,,,1.0,silver_feedin,,True,,,,4303,,
868276,97193,,,1.0,silver_feedin,,True,,,,5522,,
868320,28452,,,1.0,silver_feedin,,True,,,,5619,,
868649,97666,,,1.0,silver_feedin,,True,,,,4310,,
868650,41841,,,1.0,silver_feedin,,True,,,,4310,,
868652,159174,,,1.0,silver_feedin,,True,,,,4310,,
868732,92486,,,1.0,silver_feedin,,True,,,,4468,,
868932,149340,,,1.0,silver_feedin,,True,,,,5306,,
868970,47319,,,1.0,silver_feedin,,True,,,,5106,,
868985,66806,,,1.0,silver_feedin,,True,,,,8962,,
869099,98625,,,1.0,silver_feedin,,True,,,,5745,,
869320,144692,,,1.0,silver_feedin,,True,,,,5620,,
869442,120627,,,1.0,silver_feedin,,True,,,,5324,,
869474,141297,,,1.0,silver_feedin,,True,,,,5707,,
869533,64797,,,1.0,silver_feedin,,True,,,,8962,,
870413,82909,,,1.0,silver_feedin,,True,,,,5608,,
870546,156796,,,1.0,silver_feedin,,True,,,,5312,,
870640,124844,,,1.0,silver_feedin,,True,,,,5027,,
870647,56953,,,1.0,silver_feedin,,True,,,,4310,,
870652,125506,,,1.0,silver_feedin,,True,,,,4303,,
870750,73029,,,1.0,silver_feedin,,True,,,,5452,,
871317,159005,,,1.0,silver_feedin,,True,,,,4310,,
871335,102493,,,1.0,silver_feedin,,True,,,,5072,,
871368,28824,,,1.0,silver_feedin,,True,,,,5726,,
871371,38783,,,1.0,silver_feedin,,True,,,,5726,,
871475,155188,,,1.0,silver_feedin,,True,,,,5312,,
871752,142445,,,1.0,silver_feedin,,True,,,,4313,,
871814,122466,,,1.0,silver_feedin,,True,,,,5079,,
871850,125643,,,1.0,silver_feedin,,True,,,,4317,,
871872,144829,,,1.0,silver_feedin,,True,,,,5443,,
871898,128109,,,1.0,silver_feedin,,True,,,,5707,,
871948,156424,,,1.0,silver_feedin,,True,,,,4313,,
871979,108930,,,1.0,silver_feedin,,True,,,,5225,,
872060,103556,,,1.0,silver_feedin,,True,,,,5443,,
872063,103557,,,1.0,silver_feedin,,True,,,,5443,,
872094,65023,,,1.0,silver_feedin,,True,,,,5334,,
872161,135395,,,1.0,silver_feedin,,True,,,,5707,,
872250,165166,,,1.0,silver_feedin,,True,,,,5614,,
872440,152267,,,1.0,silver_feedin,,True,,,,5504,,
872472,118608,,,1.0,silver_feedin,,True,,,,5617,,
872474,157171,,,1.0,silver_feedin,,True,,,,4313,,
872476,138405,,,1.0,silver_feedin,,True,,,,4313,,
872534,149096,,,1.0,silver_feedin,,True,,,,5616,,
872598,120553,,,1.0,silver_feedin,,True,,,,5426,,
872659,168885,,,1.0,silver_feedin,,True,,,,5615,,
872680,165360,,,1.0,silver_feedin,,True,,,,5620,,
872782,98627,,,1.0,silver_feedin,,True,,,,5522,,
873240,133421,,,1.0,silver_feedin,,True,,,,4313,,
873421,41177,,,1.0,silver_feedin,,True,,,,5443,,
873532,109233,,,1.0,silver_feedin,,True,,,,5225,,
873580,111952,,,1.0,silver_feedin,,True,,,,4322,,
873836,169294,,,1.0,silver_feedin,,True,,,,4312,,
873840,169295,,,1.0,silver_feedin,,True,,,,4312,,
873843,169296,,,1.0,silver_feedin,,True,,,,4312,,
874126,148379,,,1.0,silver_feedin,,True,,,,4316,,
874188,125294,,,1.0,silver_feedin,,True,,,,5027,,
874214,146556,,,1.0,silver_feedin,,True,,,,5304,,
874248,120757,,,1.0,silver_feedin,,True,,,,5522,,
874518,101284,,,1.0,silver_feedin,,True,,,,5237,,
874520,109253,,,1.0,silver_feedin,,True,,,,5330,,
874612,137595,,,1.0,silver_feedin,,True,,,,4313,,
874838,119380,,,1.0,silver_feedin,,True,,,,4303,,
874943,63192,,,1.0,silver_feedin,,True,,,,5443,,
874972,84239,,,1.0,silver_feedin,,True,,,,4310,,
874980,114869,,,1.0,silver_feedin,,True,,,,5504,,
875052,90833,,,1.0,silver_feedin,,True,,,,4310,,
875153,151502,,,1.0,silver_feedin,,True,,,,4317,,
875156,131906,,,1.0,silver_feedin,,True,,,,8962,,
875328,109195,,,1.0,silver_feedin,,True,,,,5504,,
875376,96585,,,1.0,silver_feedin,,True,,,,5244,,
875440,134843,,,1.0,silver_feedin,,True,,,,5620,,
875569,118576,,,1.0,silver_feedin,,True,,,,5324,,
875597,91768,,,1.0,silver_feedin,,True,,,,5706,,
875679,147928,,,1.0,silver_feedin,,True,,,,5074,,
875968,149647,,,1.0,silver_feedin,,True,,,,4313,,
876184,90445,,,1.0,silver_feedin,,True,,,,5225,,
876245,106747,,,1.0,silver_feedin,,True,,,,5707,,
876260,125182,,,1.0,silver_feedin,,True,,,,5027,,
876263,150981,,,1.0,silver_feedin,,True,,,,5707,,
876287,158544,,,1.0,silver_feedin,,True,,,,4310,,
876299,117628,,,1.0,silver_feedin,,True,,,,5522,,
876330,80531,,,1.0,silver_feedin,,True,,,,5733,,
876355,133941,,,1.0,silver_feedin,,True,,,,4313,,
876494,131424,,,1.0,silver_feedin,,True,,,,5617,,
876497,126578,,,1.0,silver_feedin,,True,,,,5600,,
876498,155819,,,1.0,silver_feedin,,True,,,,4313,,
876912,95646,,,1.0,silver_feedin,,True,,,,5426,,
877003,65214,,,1.0,silver_feedin,,True,,,,4310,,
877295,162852,,,1.0,silver_feedin,,True,,,,5615,,
877394,58937,,,1.0,silver_feedin,,True,,,,5600,,
877520,165217,,,1.0,silver_feedin,,True,,,,4312,,
877557,71129,,,1.0,silver_feedin,,True,,,,5443,,
877623,156428,,,1.0,silver_feedin,,True,,,,4313,,
877665,112016,,,1.0,silver_feedin,,True,,,,5505,,
877669,169614,,,1.0,silver_feedin,,True,,,,5074,,
877695,156874,,,1.0,silver_feedin,,True,,,,5316,,
877921,156429,,,1.0,silver_feedin,,True,,,,4313,,
877951,106346,,,1.0,silver_feedin,,True,,,,5304,,
878130,114543,,,1.0,silver_feedin,,True,,,,5622,,
878242,82874,,,1.0,silver_feedin,,True,,,,5046,,
878484,98928,,,1.0,silver_feedin,,True,,,,4303,,
878693,120030,,,1.0,silver_feedin,,True,,,,5078,,
878700,169293,,,1.0,silver_feedin,,True,,,,4312,,
878860,124347,,,1.0,silver_feedin,,True,,,,4303,,
878901,158029,,,1.0,silver_feedin,,True,,,,4325,,
878973,142502,,,1.0,silver_feedin,,True,,,,4313,,
879138,82911,,,1.0,silver_feedin,,True,,,,5608,,
879163,109191,,,1.0,silver_feedin,,True,,,,5074,,
879193,93063,,,1.0,silver_feedin,,True,,,,5426,,
879216,153162,,,1.0,silver_feedin,,True,,,,5707,,
879344,26459,,,1.0,silver_feedin,,True,,,,5625,,
879485,96417,,,1.0,silver_feedin,,True,,,,5443,,
879502,118051,,,1.0,silver_feedin,,True,,,,5306,,
879523,165132,,,1.0,silver_feedin,,True,,,,5312,,
879531,171245,,,1.0,silver_feedin,,True,,,,5105,,
879533,46648,,,1.0,silver_feedin,,True,,,,5106,,
879545,168430,,,1.0,silver_feedin,,True,,,,4312,,
879659,134349,,,1.0,silver_feedin,,True,,,,5707,,
879944,144852,,,1.0,silver_feedin,,True,,,,5316,,
880396,99146,,,1.0,silver_feedin,,True,,,,5072,,
880422,124823,,,1.0,silver_feedin,,True,,,,5235,,
880444,54877,,,1.0,silver_feedin,,True,,,,5452,,
880479,131396,,,1.0,silver_feedin,,True,,,,5027,,
880484,114997,,,1.0,silver_feedin,,True,,,,5745,,
880507,68700,,,1.0,silver_feedin,,True,,,,8962,,
880738,164056,,,1.0,silver_feedin,,True,,,,5075,,
880750,164057,,,1.0,silver_feedin,,True,,,,5075,,
881133,144177,,,1.0,silver_feedin,,True,,,,5443,,
881152,76744,,,1.0,silver_feedin,,True,,,,5426,,
881422,94858,,,1.0,silver_feedin,,True,,,,5304,,
881461,150905,,,1.0,silver_feedin,,True,,,,5075,,
881491,140408,,,1.0,silver_feedin,,True,,,,5314,,
881653,110456,,,1.0,silver_feedin,,True,,,,5504,,
881727,160591,,,1.0,silver_feedin,,True,,,,5706,,
881883,135982,,,1.0,silver_feedin,,True,,,,5620,,
881898,100299,,,1.0,silver_feedin,,True,,,,4303,,
882002,148349,,,1.0,silver_feedin,,True,,,,5620,,
882055,122829,,,1.0,silver_feedin,,True,,,,5706,,
882085,92159,,,1.0,silver_feedin,,True,,,,5304,,
882094,158171,,,1.0,silver_feedin,,True,,,,5605,,
882122,143773,,,1.0,silver_feedin,,True,,,,5316,,
882873,111917,,,1.0,silver_feedin,,True,,,,5324,,
883115,148754,,,1.0,silver_feedin,,True,,,,5620,,
883150,97563,,,1.0,silver_feedin,,True,,,,5622,,
883318,124110,,,1.0,silver_feedin,,True,,,,5105,,
883558,144450,,,1.0,silver_feedin,,True,,,,5620,,
883877,114542,,,1.0,silver_feedin,,True,,,,5522,,
884081,162546,,,1.0,silver_feedin,,True,,,,5614,,
884167,64546,,,1.0,silver_feedin,,True,,,,5443,,
884318,142510,,,1.0,silver_feedin,,True,,,,4313,,
884347,136588,,,1.0,silver_feedin,,True,,,,5235,,
884375,154631,,,1.0,silver_feedin,,True,,,,4313,,
884660,127699,,,1.0,silver_feedin,,True,,,,5027,,
884744,97180,,,1.0,silver_feedin,,True,,,,5074,,
884850,130296,,,1.0,silver_feedin,,True,,,,5707,,
884873,161477,,,1.0,silver_feedin,,True,,,,4323,,
884930,125530,,,1.0,silver_feedin,,True,,,,5707,,
884939,158933,,,1.0,silver_feedin,,True,,,,5312,,
884970,164324,,,1.0,silver_feedin,,True,,,,5506,,
885021,47862,,,1.0,silver_feedin,,True,,,,5113,,
885052,136099,,,1.0,silver_feedin,,True,,,,5306,,
885092,135082,,,1.0,silver_feedin,,True,,,,5620,,
885113,160447,,,1.0,silver_feedin,,True,,,,4315,,
885120,115937,,,1.0,silver_feedin,,True,,,,5622,,
885146,155830,,,1.0,silver_feedin,,True,,,,4313,,
885362,111921,,,1.0,silver_feedin,,True,,,,4303,,
885475,124138,,,1.0,silver_feedin,,True,,,,5443,,
885702,100646,,,1.0,silver_feedin,,True,,,,5504,,
885840,134997,,,1.0,silver_feedin,,True,,,,5464,,
886033,140449,,,1.0,silver_feedin,,True,,,,4310,,
886190,139989,,,1.0,silver_feedin,,True,,,,5306,,
886364,158373,,,1.0,silver_feedin,,True,,,,4813,,
886389,63260,,,1.0,silver_feedin,,True,,,,5464,,
886457,84107,,,1.0,silver_feedin,,True,,,,5464,,
886461,139635,,,1.0,silver_feedin,,True,,,,5464,,
886478,63010,,,1.0,silver_feedin,,True,,,,5464,,
886502,62962,,,1.0,silver_feedin,,True,,,,5464,,
886517,103901,,,1.0,silver_feedin,,True,,,,5464,,
886598,161232,,,1.0,silver_feedin,,True,,,,5312,,
886613,167518,,,1.0,silver_feedin,,True,,,,5316,,
886626,95490,,,1.0,silver_feedin,,True,,,,4310,,
886801,35947,,,1.0,silver_feedin,,True,,,,5443,,
886815,34890,,,1.0,silver_feedin,,True,,,,5105,,
886967,38750,,,1.0,silver_feedin,,True,,,,5745,,
887029,155817,,,1.0,silver_feedin,,True,,,,4313,,
887276,91685,,,1.0,silver_feedin,,True,,,,5426,,
887338,108980,,,1.0,silver_feedin,,True,,,,4303,,
887452,95648,,,1.0,silver_feedin,,True,,,,5426,,
887493,50653,,,1.0,silver_feedin,,True,,,,5105,,
887497,128023,,,1.0,silver_feedin,,True,,,,5725,,
887585,165340,,,1.0,silver_feedin,,True,,,,5236,,
887776,108931,,,1.0,silver_feedin,,True,,,,5225,,
887922,159123,,,1.0,silver_feedin,,True,,,,5614,,
888199,162866,,,1.0,silver_feedin,,True,,,,5075,,
888327,137592,,,1.0,silver_feedin,,True,,,,4313,,
888662,159217,,,1.0,silver_feedin,,True,,,,5605,,
888700,136017,,,1.0,silver_feedin,,True,,,,4313,,
888888,169271,,,1.0,silver_feedin,,True,,,,5620,,
888893,165449,,,1.0,silver_feedin,,True,,,,4312,,
888988,144647,,,1.0,silver_feedin,,True,,,,5426,,
889023,86462,,,1.0,silver_feedin,,True,,,,4468,,
889025,125010,,,1.0,silver_feedin,,True,,,,5027,,
889085,162627,,,1.0,silver_feedin,,True,,,,4333,,
889125,108097,,,1.0,silver_feedin,,True,,,,5078,,
889161,73005,,,1.0,silver_feedin,,True,,,,5105,,
889252,43252,,,1.0,silver_feedin,,True,,,,5619,,
889286,54806,,,1.0,silver_feedin,,True,,,,4310,,
889337,84533,,,1.0,silver_feedin,,True,,,,4310,,
889339,148380,,,1.0,silver_feedin,,True,,,,4316,,
889372,142521,,,1.0,silver_feedin,,True,,,,4325,,
889693,141136,,,1.0,silver_feedin,,True,,,,5707,,
889777,47024,,,1.0,silver_feedin,,True,,,,5452,,
889795,131418,,,1.0,silver_feedin,,True,,,,5725,,
889833,104927,,,1.0,silver_feedin,,True,,,,5330,,
889875,159919,,,1.0,silver_feedin,,True,,,,5105,,
890216,126154,,,1.0,silver_feedin,,True,,,,5620,,
890424,150195,,,1.0,silver_feedin,,True,,,,4313,,
890472,107952,,,1.0,silver_feedin,,True,,,,4322,,
890560,148753,,,1.0,silver_feedin,,True,,,,5620,,
890586,160356,,,1.0,silver_feedin,,True,,,,4315,,
890622,40231,,,1.0,silver_feedin,,True,,,,5745,,
890709,38259,,,1.0,silver_feedin,,True,,,,5745,,
890723,39448,,,1.0,silver_feedin,,True,,,,5443,,
890745,142643,,,1.0,silver_feedin,,True,,,,5620,,
890868,91752,,,1.0,silver_feedin,,True,,,,4468,,
891039,126477,,,1.0,silver_feedin,,True,,,,5707,,
891648,157716,,,1.0,silver_feedin,,True,,,,5725,,
891721,164087,,,1.0,silver_feedin,,True,,,,5707,,
891885,93611,,,1.0,silver_feedin,,True,,,,5706,,
891936,94171,,,1.0,silver_feedin,,True,,,,5443,,
892236,112018,,,1.0,silver_feedin,,True,,,,5426,,
892365,109279,,,1.0,silver_feedin,,True,,,,5622,,
892647,142533,,,1.0,silver_feedin,,True,,,,5306,,
892897,131835,,,1.0,silver_feedin,,True,,,,5027,,
893108,143775,,,1.0,silver_feedin,,True,,,,5316,,
893588,158801,,,1.0,silver_feedin,,True,,,,5312,,
893626,106874,,,1.0,silver_feedin,,True,,,,5745,,
893756,126354,,,1.0,silver_feedin,,True,,,,5707,,
893800,90907,,,1.0,silver_feedin,,True,,,,5706,,
893963,105457,,,1.0,silver_feedin,,True,,,,5506,,
894014,153487,,,1.0,silver_feedin,,True,,,,5108,,
894074,44509,,,1.0,silver_feedin,,True,,,,5619,,
894098,121331,,,1.0,silver_feedin,,True,,,,5608,,
894250,165362,,,1.0,silver_feedin,,True,,,,5620,,
894353,100809,,,1.0,silver_feedin,,True,,,,5622,,
894847,140425,,,1.0,silver_feedin,,True,,,,4813,,
894873,45180,,,1.0,silver_feedin,,True,,,,5443,,
894912,159982,,,1.0,silver_feedin,,True,,,,4303,,
894918,144298,,,1.0,silver_feedin,,True,,,,5107,,
895084,92930,,,1.0,silver_feedin,,True,,,,5105,,
895086,138217,,,1.0,silver_feedin,,True,,,,5107,,
895297,126204,,,1.0,silver_feedin,,True,,,,5027,,
895434,28996,,,1.0,silver_feedin,,True,,,,5072,,
895581,63513,,,1.0,silver_feedin,,True,,,,4310,,
895621,103716,,,1.0,silver_feedin,,True,,,,5522,,
895666,153412,,,1.0,silver_feedin,,True,,,,4313,,
895673,99034,,,1.0,silver_feedin,,True,,,,5522,,
895705,141437,,,1.0,silver_feedin,,True,,,,4313,,
896013,165385,,,1.0,silver_feedin,,True,,,,5707,,
896123,81097,,,1.0,silver_feedin,,True,,,,5733,,
896246,101281,,,1.0,silver_feedin,,True,,,,5506,,
896366,137827,,,1.0,silver_feedin,,True,,,,5707,,
896579,115598,,,1.0,silver_feedin,,True,,,,4303,,
896682,131932,,,1.0,silver_feedin,,True,,,,5312,,
896689,104933,,,1.0,silver_feedin,,True,,,,5304,,
896724,87552,,,1.0,silver_feedin,,True,,,,5706,,
896863,106977,,,1.0,silver_feedin,,True,,,,5600,,
896925,90190,,,1.0,silver_feedin,,True,,,,5304,,
897005,163258,,,1.0,silver_feedin,,True,,,,5705,,
897048,107571,,,1.0,silver_feedin,,True,,,,5522,,
897137,158363,,,1.0,silver_feedin,,True,,,,5426,,
897144,168795,,,1.0,silver_feedin,,True,,,,5236,,
897183,131745,,,1.0,silver_feedin,,True,,,,5707,,
897289,168578,,,1.0,silver_feedin,,True,,,,8962,,
897313,144741,,,1.0,silver_feedin,,True,,,,5620,,
897496,118235,,,1.0,silver_feedin,,True,,,,5522,,
897532,127436,,,1.0,silver_feedin,,True,,,,5725,,
897614,95285,,,1.0,silver_feedin,,True,,,,5706,,
897849,107925,,,1.0,silver_feedin,,True,,,,5105,,
897884,134527,,,1.0,silver_feedin,,True,,,,5745,,
897922,168039,,,1.0,silver_feedin,,True,,,,5605,,
898112,62239,,,1.0,silver_feedin,,True,,,,4310,,
898215,133633,,,1.0,silver_feedin,,True,,,,5027,,
898234,112774,,,1.0,silver_feedin,,True,,,,5706,,
898381,157052,,,1.0,silver_feedin,,True,,,,5506,,
898399,144850,,,1.0,silver_feedin,,True,,,,5075,,
899001,63013,,,1.0,silver_feedin,,True,,,,5726,,
899065,93234,,,1.0,silver_feedin,,True,,,,5467,,
899174,158854,,,1.0,silver_feedin,,True,,,,4325,,
899292,122167,,,1.0,silver_feedin,,True,,,,5075,,
899427,58573,,,1.0,silver_feedin,,True,,,,5600,,
899481,87093,,,1.0,silver_feedin,,True,,,,5706,,
899517,87477,,,1.0,silver_feedin,,True,,,,5608,,
899532,161052,,,1.0,silver_feedin,,True,,,,5074,,
899542,149759,,,1.0,silver_feedin,,True,,,,5505,,
899578,95444,,,1.0,silver_feedin,,True,,,,5426,,
899739,155786,,,1.0,silver_feedin,,True,,,,4313,,
899789,94751,,,1.0,silver_feedin,,True,,,,5706,,
899866,138571,,,1.0,silver_feedin,,True,,,,4313,,
900034,165170,,,1.0,silver_feedin,,True,,,,5614,,
900132,49470,,,1.0,silver_feedin,,True,,,,5745,,
900147,162631,,,1.0,silver_feedin,,True,,,,5504,,
900295,31846,,,1.0,silver_feedin,,True,,,,5619,,
900827,101417,,,1.0,silver_feedin,,True,,,,5332,,
901250,167036,,,1.0,silver_feedin,,True,,,,5614,,
901612,107549,,,1.0,silver_feedin,,True,,,,5225,,
901615,10325,,,1.0,silver_feedin,,True,,,,5745,,
901866,166567,,,1.0,silver_feedin,,True,,,,4312,,
901912,86542,,,1.0,silver_feedin,,True,,,,4468,,
901960,70568,,,1.0,silver_feedin,,True,,,,5330,,
901994,110094,,,1.0,silver_feedin,,True,,,,5506,,
902065,155452,,,1.0,silver_feedin,,True,,,,5316,,
902135,64725,,,1.0,silver_feedin,,True,,,,5334,,
902136,134348,,,1.0,silver_feedin,,True,,,,5707,,
902329,143483,,,1.0,silver_feedin,,True,,,,5316,,
902413,127819,,,1.0,silver_feedin,,True,,,,5620,,
902421,112189,,,1.0,silver_feedin,,True,,,,8962,,
902433,111620,,,1.0,silver_feedin,,True,,,,5504,,
902448,142539,,,1.0,silver_feedin,,True,,,,4813,,
902569,159095,,,1.0,silver_feedin,,True,,,,4312,,
902630,152763,,,1.0,silver_feedin,,True,,,,5316,,
902777,3699,,,1.0,silver_feedin,,True,,,,4805,,
902894,164310,,,1.0,silver_feedin,,True,,,,5076,,
903190,165160,,,1.0,silver_feedin,,True,,,,4312,,
903542,117627,,,1.0,silver_feedin,,True,,,,5235,,
903584,133189,,,1.0,silver_feedin,,True,,,,5607,,
903740,164995,,,1.0,silver_feedin,,True,,,,5070,,
903787,92160,,,1.0,silver_feedin,,True,,,,5733,,
904358,141281,,,1.0,silver_feedin,,True,,,,5316,,
904426,35440,,,1.0,silver_feedin,,True,,,,5726,,
904500,141139,,,1.0,silver_feedin,,True,,,,4813,,
904525,47284,,,1.0,silver_feedin,,True,,,,5443,,
904532,66452,,,1.0,silver_feedin,,True,,,,5745,,
904721,117671,,,1.0,silver_feedin,,True,,,,5075,,
904741,94865,,,1.0,silver_feedin,,True,,,,4468,,
904742,159616,,,1.0,silver_feedin,,True,,,,5070,,
904834,112241,,,1.0,silver_feedin,,True,,,,5330,,
904837,162465,,,1.0,silver_feedin,,True,,,,4312,,
904976,121378,,,1.0,silver_feedin,,True,,,,5330,,
905172,64206,,,1.0,silver_feedin,,True,,,,5330,,
905260,92610,,,1.0,silver_feedin,,True,,,,4468,,
905367,131237,,,1.0,silver_feedin,,True,,,,5620,,
905413,94169,,,1.0,silver_feedin,,True,,,,5426,,
905432,94168,,,1.0,silver_feedin,,True,,,,5426,,
905489,80913,,,1.0,silver_feedin,,True,,,,5608,,
905594,147478,,,1.0,silver_feedin,,True,,,,5306,,
905623,141296,,,1.0,silver_feedin,,True,,,,5707,,
906041,170476,,,1.0,silver_feedin,,True,,,,5070,,
906260,52366,,,1.0,silver_feedin,,True,,,,5452,,
906271,105450,,,1.0,silver_feedin,,True,,,,4468,,
906281,108729,,,1.0,silver_feedin,,True,,,,4310,,
906298,141984,,,1.0,silver_feedin,,True,,,,5107,,
906385,155803,,,1.0,silver_feedin,,True,,,,4313,,
906490,161465,,,1.0,silver_feedin,,True,,,,5522,,
906672,168953,,,1.0,silver_feedin,,True,,,,5745,,
906732,146174,,,1.0,silver_feedin,,True,,,,5332,,
906847,110040,,,1.0,silver_feedin,,True,,,,5745,,
906872,155799,,,1.0,silver_feedin,,True,,,,4313,,
906890,122350,,,1.0,silver_feedin,,True,,,,5306,,
907011,132766,,,1.0,silver_feedin,,True,,,,5314,,
907045,130201,,,1.0,silver_feedin,,True,,,,5707,,
907066,124389,,,1.0,silver_feedin,,True,,,,5452,,
907072,152088,,,1.0,silver_feedin,,True,,,,5074,,
907164,157293,,,1.0,silver_feedin,,True,,,,4313,,
907165,157292,,,1.0,silver_feedin,,True,,,,4313,,
907175,34809,,,1.0,silver_feedin,,True,,,,5726,,
907242,159601,,,1.0,silver_feedin,,True,,,,5070,,
907291,126279,,,1.0,silver_feedin,,True,,,,4313,,
907321,86092,,,1.0,silver_feedin,,True,,,,5619,,
907351,157295,,,1.0,silver_feedin,,True,,,,4313,,
907393,88327,,,1.0,silver_feedin,,True,,,,5608,,
907404,127693,,,1.0,silver_feedin,,True,,,,5607,,
907571,103888,,,1.0,silver_feedin,,True,,,,5504,,
907724,98528,,,1.0,silver_feedin,,True,,,,5426,,
907781,133613,,,1.0,silver_feedin,,True,,,,5607,,
907834,53119,,,1.0,silver_feedin,,True,,,,5452,,
907855,80432,,,1.0,silver_feedin,,True,,,,5044,,
907874,169291,,,1.0,silver_feedin,,True,,,,4312,,
907898,142592,,,1.0,silver_feedin,,True,,,,5726,,
907923,141471,,,1.0,silver_feedin,,True,,,,5107,,
907924,116122,,,1.0,silver_feedin,,True,,,,5075,,
907974,140467,,,1.0,silver_feedin,,True,,,,5330,,
907991,168163,,,1.0,silver_feedin,,True,,,,5614,,
908316,153167,,,1.0,silver_feedin,,True,,,,5622,,
908383,164323,,,1.0,silver_feedin,,True,,,,5506,,
908406,150066,,,1.0,silver_feedin,,True,,,,5600,,
908571,80996,,,1.0,silver_feedin,,True,,,,5443,,
908751,162331,,,1.0,silver_feedin,,True,,,,5614,,
908752,164729,,,1.0,silver_feedin,,True,,,,5614,,
908856,157943,,,1.0,silver_feedin,,True,,,,5070,,
908949,143448,,,1.0,silver_feedin,,True,,,,5620,,
908997,131068,,,1.0,silver_feedin,,True,,,,5622,,
908999,106870,,,1.0,silver_feedin,,True,,,,5600,,
909080,120765,,,1.0,silver_feedin,,True,,,,5074,,
909112,114197,,,1.0,silver_feedin,,True,,,,5324,,
909129,95543,,,1.0,silver_feedin,,True,,,,5304,,
909175,153303,,,1.0,silver_feedin,,True,,,,5614,,
909256,162633,,,1.0,silver_feedin,,True,,,,4310,,
909263,144147,,,1.0,silver_feedin,,True,,,,5316,,
909322,97774,,,1.0,silver_feedin,,True,,,,5522,,
909347,144823,,,1.0,silver_feedin,,True,,,,8962,,
909441,113886,,,1.0,silver_feedin,,True,,,,5304,,
909502,53686,,,1.0,silver_feedin,,True,,,,5452,,
909525,148472,,,1.0,silver_feedin,,True,,,,8962,,
909583,112812,,,1.0,silver_feedin,,True,,,,5727,,
909584,112819,,,1.0,silver_feedin,,True,,,,5727,,
909823,165290,,,1.0,silver_feedin,,True,,,,5506,,
909881,168789,,,1.0,silver_feedin,,True,,,,5236,,
909895,171435,,,1.0,silver_feedin,,True,,,,4312,,
909904,159990,,,1.0,silver_feedin,,True,,,,4313,,
909939,154985,,,1.0,silver_feedin,,True,,,,5107,,
909982,135396,,,1.0,silver_feedin,,True,,,,5306,,
910083,106075,,,1.0,silver_feedin,,True,,,,5506,,
910098,159552,,,1.0,silver_feedin,,True,,,,4333,,
910130,48661,,,1.0,silver_feedin,,True,,,,5105,,
910159,164195,,,1.0,silver_feedin,,True,,,,5615,,
910312,170787,,,1.0,silver_feedin,,True,,,,4323,,
910423,162141,,,1.0,silver_feedin,,True,,,,4312,,
910454,156416,,,1.0,silver_feedin,,True,,,,4317,,
910496,132779,,,1.0,silver_feedin,,True,,,,5076,,
910545,165391,,,1.0,silver_feedin,,True,,,,4813,,
910626,154252,,,1.0,silver_feedin,,True,,,,5107,,
910652,114870,,,1.0,silver_feedin,,True,,,,5504,,
910887,158924,,,1.0,silver_feedin,,True,,,,5306,,
910945,39762,,,1.0,silver_feedin,,True,,,,5745,,
911080,159002,,,1.0,silver_feedin,,True,,,,5727,,
911196,62166,,,1.0,silver_feedin,,True,,,,4310,,
911260,160700,,,1.0,silver_feedin,,True,,,,5107,,
911372,47660,,,1.0,silver_feedin,,True,,,,5330,,
911375,161449,,,1.0,silver_feedin,,True,,,,5614,,
